frame,time_ns,dG_kcal,dG_MM_kcal,dG_GB_kcal
1000,50.00,-62.40,22.73,-85.13
1040,52.00,-60.32,17.93,-78.25
1080,54.00,-55.37,19.23,-74.60
1120,56.00,-65.35,26.69,-92.05
1160,58.00,-74.75,41.54,-116.29
1200,60.00,-63.20,20.69,-83.89
1240,62.00,-62.72,33.05,-95.77
1280,64.00,-62.18,40.31,-102.49
1320,66.00,-65.10,22.63,-87.73
1360,68.00,-54.43,33.96,-88.40
1400,70.00,-43.81,33.84,-77.65
1440,72.00,-57.36,24.13,-81.49
1480,74.00,-69.79,17.13,-86.91
1520,76.00,-73.68,22.78,-96.45
1560,78.00,-73.74,37.08,-110.82
1600,80.00,-69.64,26.57,-96.21
1640,82.00,-78.71,31.59,-110.30
1680,84.00,-86.67,29.40,-116.06
1720,86.00,-79.90,32.13,-112.03
1760,88.00,-72.44,28.50,-100.94
1800,90.00,-79.14,39.41,-118.55
1840,92.00,-78.75,50.37,-129.13
1880,94.00,-82.23,46.15,-128.38
1920,96.00,-64.27,30.58,-94.84
1960,98.00,-70.42,14.38,-84.80
