Symbol	N_Sources	Sources	CTD_rows	TargetNet_prob	PharmMapper_NormFit	CTD_IncExpr	CTD_DecExpr
PPARA	4	CTD+PharmMapper+SwissTarget+TargetNet	26	0.008	0.5105	2	1
PPARD	4	CTD+PharmMapper+SwissTarget+TargetNet	4	0.004	0.7083	0	1
AR	4	CTD+PharmMapper+SwissTarget+TargetNet	1	0.999	0.9925	0	0
HSD11B1	4	CTD+PharmMapper+SwissTarget+TargetNet	1	1.0	0.7436	0	0
NR1H4	4	CTD+PharmMapper+SwissTarget+TargetNet	1	0.0	0.5944	0	1
MMP2	3	CTD+PharmMapper+TargetNet	12	0.011	0.4243	2	1
MMP9	3	CTD+PharmMapper+TargetNet	10	0.891	0.3877	2	0
PPARG	3	CTD+PharmMapper+TargetNet	7	0.004	0.7441	1	1
CASP3	3	CTD+PharmMapper+TargetNet	5	0.0	0.9959	2	0
ESR1	3	CTD+PharmMapper+TargetNet	5	0.147	0.9917	1	1
MAPK1	3	CTD+PharmMapper+TargetNet	4	0.0	0.9976	0	0
ESR2	3	CTD+PharmMapper+TargetNet	3	0.027	0.7389	0	0
HMGCR	3	CTD+PharmMapper+TargetNet	3	0.0	0.5991	1	1
NOS2	3	CTD+PharmMapper+TargetNet	3	0.994	0.3537	2	1
SRC	3	CTD+PharmMapper+TargetNet	3	0.0	0.7496	1	0
BCL2L1	3	CTD+PharmMapper+TargetNet	2	0.0	0.337	1	0
EGFR	3	CTD+PharmMapper+TargetNet	2	0.0	0.9435	0	0
EPHB4	3	CTD+PharmMapper+TargetNet	2	0.0	0.9654	0	2
GRB2	3	CTD+PharmMapper+TargetNet	2	0.0	0.4108	0	0
ITGAL	3	CTD+PharmMapper+TargetNet	2	0.0	0.4995	1	1
MAP2K1	3	CTD+PharmMapper+TargetNet	2	0.0	0.5257	0	0
MMP7	3	CTD+PharmMapper+TargetNet	2	0.0	0.516	0	1
PGR	3	CTD+PharmMapper+TargetNet	2	0.001	0.961	0	0
PRKACA	3	CTD+PharmMapper+TargetNet	2	0.0	0.7341	0	0
RXRA	3	CTD+PharmMapper+TargetNet	2	0.0	0.7395	1	0
THRA	3	CTD+PharmMapper+TargetNet	2	0.017	0.5418	0	0
AKT1	3	CTD+PharmMapper+TargetNet	1	0.0	0.7273	1	0
CASP1	3	CTD+PharmMapper+TargetNet	1	0.0	0.3326	0	0
CDK2	3	CTD+PharmMapper+TargetNet	1	0.0	0.9899	1	0
CES2	3	CTD+SwissTarget+TargetNet	1	1.0		1	0
CTSB	3	CTD+PharmMapper+TargetNet	1	0.277	0.6317	0	0
CYP19A1	3	CTD+PharmMapper+TargetNet	1	0.007	0.9831	0	0
DHFR	3	CTD+PharmMapper+TargetNet	1	0.0	0.7389	0	1
F10	3	CTD+PharmMapper+TargetNet	1	0.0	0.7273	0	1
F7	3	CTD+PharmMapper+TargetNet	1	0.0	0.5911	0	1
FABP5	3	CTD+PharmMapper+SwissTarget	1		0.696	0	1
FDPS	3	CTD+PharmMapper+TargetNet	1	1.0	0.3678	0	1
FOLH1	3	CTD+PharmMapper+TargetNet	1	0.961	0.5379	1	0
HSD17B1	3	CTD+PharmMapper+TargetNet	1	0.0	0.9425	1	0
IGF1R	3	CTD+PharmMapper+TargetNet	1	0.0	0.744	0	0
JAK2	3	CTD+PharmMapper+TargetNet	1	0.0	0.4976	1	0
KIF11	3	CTD+PharmMapper+TargetNet	1	0.07	0.99	0	1
MAOB	3	CTD+PharmMapper+TargetNet	1	0.025	0.937	1	0
MMP8	3	CTD+PharmMapper+TargetNet	1	0.953	0.7008	1	0
NOS3	3	CTD+PharmMapper+TargetNet	1	1.0	0.7455	0	1
NR1H3	3	CTD+PharmMapper+TargetNet	1	0.999	0.6182	0	1
TEK	3	CTD+PharmMapper+TargetNet	1	0.0	0.494	0	0
TGFBR1	3	CTD+PharmMapper+TargetNet	1	0.0	0.7262	0	1
VDR	3	CTD+PharmMapper+SwissTarget	1		0.4748	0	0
ZAP70	3	CTD+PharmMapper+TargetNet	1	0.0	0.5368	0	1
CES1	3	PharmMapper+SwissTarget+TargetNet		1.0	0.9542		
CA2	3	PharmMapper+SwissTarget+TargetNet		1.0	0.99		
PTPN1	3	PharmMapper+SwissTarget+TargetNet		0.0	0.9347		
NR1I2	2	CTD+PharmMapper	6		0.5256	1	1
CYP3A4	2	CTD+TargetNet	5	0.0		1	1
HNF4A	2	CTD+TargetNet	5	0.357		1	2
SCD	2	CTD+TargetNet	5	0.0		2	2
ACADM	2	CTD+PharmMapper	4		0.4196	2	0
BCL2	2	CTD+TargetNet	4	0.0		0	2
CDK1	2	CTD+TargetNet	4	0.0		0	2
HMOX1	2	CTD+PharmMapper	4		0.3714	1	2
RELA	2	CTD+TargetNet	4	0.821		0	0
SOD2	2	CTD+PharmMapper	4		0.598	2	1
TNF	2	CTD+TargetNet	4	0.0		1	0
ABCG2	2	CTD+TargetNet	3	0.0		1	0
ALB	2	CTD+PharmMapper	3		0.9926	0	0
CASP9	2	CTD+TargetNet	3	1.0		2	0
CYP2C19	2	CTD+TargetNet	3	0.04		1	1
FDFT1	2	CTD+TargetNet	3	0.0		1	2
ABCB1	2	CTD+TargetNet	2	0.0		0	1
ACACA	2	CTD+TargetNet	2	0.0		1	0
AKR1B10	2	CTD+SwissTarget	2			2	0
APOA2	2	CTD+PharmMapper	2		0.9991	1	1
APP	2	CTD+TargetNet	2	0.138		1	1
ARG1	2	CTD+PharmMapper	2		0.6303	1	1
CCNA2	2	CTD+PharmMapper	2		0.9727	0	1
CDK4	2	CTD+TargetNet	2	0.0		2	0
CYP1A2	2	CTD+TargetNet	2	0.943		0	0
FABP6	2	CTD+PharmMapper	2		0.5508	1	1
GSR	2	CTD+PharmMapper	2		0.7411	1	0
HSD11B2	2	CTD+TargetNet	2	0.0		0	1
NQO1	2	CTD+PharmMapper	2		0.7139	2	0
PDGFRB	2	CTD+TargetNet	2	0.0		0	0
PRKCA	2	CTD+TargetNet	2	0.0		0	0
RAF1	2	CTD+TargetNet	2	0.002		0	1
SIRT1	2	CTD+TargetNet	2	0.054		0	1
SULT1E1	2	CTD+PharmMapper	2		0.6383	0	0
SULT2A1	2	CTD+PharmMapper	2		0.9175	1	1
TP53	2	CTD+SEA	2			2	0
TTR	2	CTD+PharmMapper	2		0.9803	0	0
TUBA1A	2	CTD+TargetNet	2	0.014		0	0
TUBB2B	2	CTD+TargetNet	2	0.0		0	0
UGT2B7	2	CTD+SwissTarget	2			1	1
YARS1	2	CTD+PharmMapper	2		0.5948	2	0
ACACB	2	CTD+TargetNet	1	0.0		0	1
ACAT1	2	CTD+PharmMapper	1		0.2938	1	0
ACP3	2	CTD+PharmMapper	1		0.5388	0	1
ADA	2	CTD+TargetNet	1	0.0		0	1
ADAM10	2	CTD+TargetNet	1	0.0		0	1
ADH1B	2	CTD+PharmMapper	1		0.7429	0	1
ADH1C	2	CTD+PharmMapper	1		0.7213	0	1
ADORA2A	2	CTD+TargetNet	1	0.0		0	1
AKR1C1	2	CTD+PharmMapper	1		0.7372	0	1
ALDH2	2	CTD+PharmMapper	1		0.5438	1	0
ALOX15	2	CTD+TargetNet	1	0.252		0	1
ALPL	2	CTD+TargetNet	1	0.999		0	1
AMD1	2	CTD+PharmMapper	1		0.576	0	1
ANXA5	2	CTD+PharmMapper	1		0.7409	1	0
ARSA	2	CTD+PharmMapper	1		0.4354	1	0
CA5B	2	CTD+TargetNet	1	1.0		1	0
CA6	2	CTD+TargetNet	1	1.0		1	0
CA9	2	CTD+TargetNet	1	0.999		0	1
CALCRL	2	CTD+TargetNet	1	0.0		1	0
CDC25B	2	CTD+TargetNet	1	1.0		0	1
CDK6	2	CTD+PharmMapper	1		0.5929	1	0
CDK9	2	CTD+TargetNet	1	0.0		0	1
CFB	2	CTD+PharmMapper	1		0.9728	0	1
CLPP	2	CTD+PharmMapper	1		0.995	1	0
CRABP2	2	CTD+PharmMapper	1		0.5495	1	0
CTSD	2	CTD+TargetNet	1	0.0		0	0
CXCR4	2	CTD+TargetNet	1	0.0		0	1
CYP2C8	2	CTD+PharmMapper	1		0.4764	1	0
CYP2D6	2	CTD+TargetNet	1	0.0		0	0
DGAT1	2	CTD+TargetNet	1	0.0		1	0
DNMT1	2	CTD+TargetNet	1	0.571		0	1
DPEP1	2	CTD+PharmMapper	1		0.4775	0	1
DRD5	2	CTD+TargetNet	1	0.969		1	0
DTYMK	2	CTD+PharmMapper	1		0.4023	0	1
DUT	2	CTD+PharmMapper	1		0.2896	1	0
ECE1	2	CTD+TargetNet	1	0.0		0	1
ERBB2	2	CTD+TargetNet	1	0.0		0	1
F11	2	CTD+PharmMapper	1		0.3553	1	0
F3	2	CTD+TargetNet	1	0.0		0	1
FGFR2	2	CTD+PharmMapper	1		0.5877	1	0
FGG	2	CTD+PharmMapper	1		0.2656	1	0
GART	2	CTD+PharmMapper	1		0.3256	1	0
GRM5	2	CTD+TargetNet	1	0.02		0	0
GSTP1	2	CTD+PharmMapper	1		0.9735	0	0
HCRTR2	2	CTD+TargetNet	1	0.0		1	0
HDAC2	2	CTD+TargetNet	1	0.0		0	1
HNMT	2	CTD+PharmMapper	1		0.4355	1	0
HSD17B3	2	CTD+TargetNet	1	0.889		0	0
HSPA8	2	CTD+PharmMapper	1		0.7087	0	1
HTR2A	2	CTD+TargetNet	1	0.0		0	0
IMPDH2	2	CTD+TargetNet	1	0.0		1	0
IRAK4	2	CTD+TargetNet	1	0.0		1	0
JAK1	2	CTD+TargetNet	1	0.0		0	1
KCNH2	2	CTD+TargetNet	1	0.0		0	1
LGALS3	2	CTD+PharmMapper	1		0.4187	1	0
MAOA	2	CTD+TargetNet	1	0.219		1	0
MCHR1	2	CTD+TargetNet	1	0.0		0	0
MTTP	2	CTD+TargetNet	1	0.0		1	0
NR1I3	2	CTD+PharmMapper	1		0.7009	1	0
NTRK1	2	CTD+TargetNet	1	0.0		0	1
OAT	2	CTD+PharmMapper	1		0.4942	1	0
OTC	2	CTD+PharmMapper	1		0.372	0	1
P2RX7	2	CTD+TargetNet	1	0.0		1	0
PAH	2	CTD+PharmMapper	1		0.6554	0	1
PCK1	2	CTD+PharmMapper	1		0.596	1	0
PCTP	2	CTD+PharmMapper	1		0.3357	1	0
PDGFRA	2	CTD+TargetNet	1	0.0		0	0
PDK2	2	CTD+PharmMapper	1		0.5265	1	0
PGF	2	CTD+PharmMapper	1		0.6842	0	1
PIK3R1	2	CTD+PharmMapper	1		0.371	0	0
PLG	2	CTD+TargetNet	1	0.0		0	1
PLIN1	2	CTD+TargetNet	1	0.998		1	0
PNP	2	CTD+TargetNet	1	0.005		0	1
PSAP	2	CTD+PharmMapper	1		0.4261	1	0
PTAFR	2	CTD+TargetNet	1	0.0		1	0
PTGS2	2	CTD+TargetNet	1	0.577		1	0
PTPN11	2	CTD+PharmMapper	1		0.7316	0	0
SCD1	2	CTD+TargetNet	1	0.0		0	0
SERPINA1	2	CTD+PharmMapper	1		0.6108	0	1
SERPINE1	2	CTD+TargetNet	1	0.0		1	0
SIGMAR1	2	CTD+TargetNet	1	0.0		0	1
SLC22A6	2	CTD+SwissTarget	1			0	0
SLC5A1	2	CTD+TargetNet	1	0.0		0	0
SLC6A1	2	CTD+TargetNet	1	0.0		0	1
SLC6A4	2	CTD+TargetNet	1	0.0		0	1
SLC6A9	2	CTD+TargetNet	1	0.0		1	0
STAT1	2	CTD+PharmMapper	1		0.3509	0	1
TGFB2	2	CTD+PharmMapper	1		0.3276	0	1
TK1	2	CTD+PharmMapper	1		0.4107	0	1
TYK2	2	CTD+TargetNet	1	0.0		0	1
WARS1	2	CTD+PharmMapper	1		0.2778	1	0
WAS	2	CTD+PharmMapper	1		0.7492	0	0
CA1	2	PharmMapper+TargetNet		1.0	0.9646		
AKR1B1	2	PharmMapper+TargetNet		0.347	0.9977		
MIF	2	PharmMapper+TargetNet		0.996	0.7144		
RORA	2	PharmMapper+TargetNet		0.995	0.749		
RXRB	2	PharmMapper+TargetNet		0.843	0.4232		
GRM2	2	SwissTarget+TargetNet		0.009			
ACE	2	PharmMapper+TargetNet		0.04	0.5763		
AKR1C3	2	PharmMapper+TargetNet		0.622	0.9897		
RARB	2	PharmMapper+TargetNet		0.582	0.4684		
CYP2C9	2	PharmMapper+TargetNet		0.323	0.7896		
PNMT	2	PharmMapper+TargetNet		0.285	0.7486		
CTSK	2	PharmMapper+TargetNet		0.253	0.6772		
CSNK2A1	2	PharmMapper+TargetNet		0.198	0.726		
DPP4	2	PharmMapper+TargetNet		0.0	0.6861		
CTSL	2	PharmMapper+TargetNet		0.067	0.2873		
CTSG	2	PharmMapper+TargetNet		0.028	0.408		
NR3C2	2	PharmMapper+TargetNet		0.018	0.881		
PTGER2	2	SwissTarget+TargetNet		0.0			
EPHX2	2	PharmMapper+TargetNet		0.015	0.581		
RARG	2	PharmMapper+TargetNet		0.007	0.544		
DHODH	2	PharmMapper+TargetNet		0.005	0.8508		
RARA	2	PharmMapper+TargetNet		0.004	0.4796		
MMP1	2	PharmMapper+TargetNet		0.002	0.338		
PTGFR	2	SwissTarget+TargetNet		0.001			
ELANE	2	PharmMapper+TargetNet		0.001	0.4964		
HDAC8	2	PharmMapper+TargetNet		0.0	0.6336		
MME	2	PharmMapper+TargetNet		0.0	0.4613		
STS	2	PharmMapper+TargetNet		0.0	0.9953		
THRB	2	PharmMapper+TargetNet		0.0	0.9919		
FNTA	2	PharmMapper+TargetNet		0.0	0.7379		
LTA4H	2	PharmMapper+TargetNet		0.0	0.8162		
CTSS	2	PharmMapper+TargetNet		0.0	0.8253		
PRKCQ	2	PharmMapper+TargetNet		0.0	0.5002		
JAK3	2	PharmMapper+TargetNet		0.0	0.6462		
BACE1	2	PharmMapper+TargetNet		0.0	0.9986		
FGFR1	2	PharmMapper+TargetNet		0.0	0.736		
PIK3CG	2	PharmMapper+TargetNet		0.0	0.5561		
SYK	2	PharmMapper+TargetNet		0.0	0.5916		
MET	2	PharmMapper+TargetNet		0.0	0.7461		
MAPKAPK2	2	PharmMapper+TargetNet		0.0	0.9837		
CDK5R1	2	PharmMapper+TargetNet		0.0	0.4516		
HCK	2	PharmMapper+TargetNet		0.0	0.523		
ITK	2	PharmMapper+TargetNet		0.0	0.5929		
PLA2G2A	2	PharmMapper+TargetNet		0.0	0.754		
KDR	2	PharmMapper+TargetNet		0.0	0.9716		
GCK	2	PharmMapper+TargetNet		0.0	0.3692		
XIAP	2	PharmMapper+TargetNet		0.0	0.5654		
PYGL	2	PharmMapper+TargetNet		0.0	0.4982		
PLK1	2	PharmMapper+TargetNet		0.0	0.7104		
MAPK8	2	PharmMapper+TargetNet		0.0	0.8867		
PLAU	2	PharmMapper+TargetNet		0.0	0.5529		
GSK3B	2	PharmMapper+TargetNet		0.0	0.6968		
FAAH	2	SwissTarget+TargetNet		0.0			
MAPK10	2	PharmMapper+TargetNet		0.0	0.9716		
REN	2	PharmMapper+TargetNet		0.0	0.719		
ADAM17	2	PharmMapper+TargetNet		0.0	0.8983		
PDPK1	2	PharmMapper+TargetNet		0.0	0.7501		
MMP3	2	PharmMapper+TargetNet		0.0	0.7711		
NR3C1	2	PharmMapper+TargetNet		0.0	0.5552		
CASP7	2	PharmMapper+TargetNet		0.0	0.9963		
PDE4B	2	PharmMapper+TargetNet		0.0	0.7437		
HSP90AB1	2	PharmMapper+TargetNet		0.0	0.4203		
GPBAR1	2	SwissTarget+TargetNet		0.0			
LCK	2	PharmMapper+TargetNet		0.0	0.6459		
AKT2	2	PharmMapper+TargetNet		0.0	0.5552		
MMP12	2	PharmMapper+TargetNet		0.0	0.5964		
TYMS	2	PharmMapper+TargetNet		0.0	0.8715		
ADK	2	PharmMapper+TargetNet		0.0	0.6114		
HSP90AA1	2	PharmMapper+TargetNet		0.0	0.7707		
FFAR1	2	SwissTarget+TargetNet		0.0			
MAPK14	2	PharmMapper+TargetNet		0.0	0.9916		
MMP13	2	PharmMapper+TargetNet		0.0	0.7475		
PDE4D	2	PharmMapper+TargetNet		0.0	0.7413		
BCHE	2	PharmMapper+TargetNet		0.0	0.9527		
F2	2	PharmMapper+TargetNet		0.0	0.9976		
CMA1	2	PharmMapper+TargetNet		0.0	0.8952		
CDK7	2	PharmMapper+TargetNet		0.0	0.3685		
MDM2	2	PharmMapper+TargetNet		0.0	0.6234		
PIM1	2	PharmMapper+TargetNet		0.0	0.9903		
TPSB2	2	PharmMapper+TargetNet		0.0	0.3515		
AURKA	2	PharmMapper+TargetNet		0.0	0.8573		
FKBP1A	2	PharmMapper+TargetNet		0.0	0.5286		
PARP1	2	PharmMapper+TargetNet		0.0	0.5854		
PDE5A	2	PharmMapper+TargetNet		0.0	0.7499		
ABL1	2	PharmMapper+TargetNet		0.0	0.4704		
SHBG	2	PharmMapper+SwissTarget			0.7629		
FABP4	2	PharmMapper+SwissTarget			0.7637		
FABP3	2	PharmMapper+SwissTarget			0.624		
SLC22A11	1	CTD	9			0	0
IGF1	1	CTD	7			0	1
BAX	1	CTD	5			2	0
CCND1	1	CTD	4			2	0
CDKN1A	1	CTD	4			2	1
CPT1A	1	CTD	4			1	0
CXCL8	1	CTD	4			1	0
CYP7A1	1	CTD	4			1	2
FABP1	1	CTD	4			1	1
GJA1	1	CTD	4			0	2
KLF4	1	CTD	4			0	1
KLF5	1	CTD	4			1	0
MAP1LC3B	1	CTD	4			2	0
MAPK3	1	CTD	4			0	0
MKI67	1	CTD	4			1	1
PLIN2	1	CTD	4			2	0
SLC2A4	1	CTD	4			0	0
SREBF1	1	CTD	4			2	1
TUBB2A	1	CTD	4			1	1
UGT1A1	1	CTD	4			1	1
ADH4	1	CTD	3			0	1
APOA1	1	CTD	3			1	2
CCNB1	1	CTD	3			1	1
CDH1	1	CTD	3			0	2
CTNNB1	1	CTD	3			0	2
CYP2B6	1	CTD	3			1	0
DDIT3	1	CTD	3			2	0
DNMT3A	1	CTD	3			1	1
FA2H	1	CTD	3			2	0
G0S2	1	CTD	3			1	0
GNAI2	1	CTD	3			0	1
GNAS	1	CTD	3			1	0
HMGCS2	1	CTD	3			1	0
HNF1A	1	CTD	3			0	2
HRAS	1	CTD	3			0	1
HSD3B1	1	CTD	3			0	0
HSPA5	1	CTD	3			2	1
IL1B	1	CTD	3			1	1
ITPR1	1	CTD	3			1	0
ITPR3	1	CTD	3			1	0
OCLN	1	CTD	3			1	1
PAX8	1	CTD	3			2	1
PDK4	1	CTD	3			1	0
POR	1	CTD	3			1	0
SLC22A12	1	CTD	3			0	0
SQLE	1	CTD	3			1	2
TJP1	1	CTD	3			0	0
TUBA1B	1	CTD	3			0	1
TUBA1C	1	CTD	3			0	1
TUBA4A	1	CTD	3			0	0
TUBB	1	CTD	3			0	1
TUBB4B	1	CTD	3			0	1
TXNIP	1	CTD	3			2	1
AAK1	1	CTD	2			2	0
ABAT	1	CTD	2			1	1
ABCC1	1	CTD	2			0	1
ABCC2	1	CTD	2			1	1
ACAA1A	1	CTD	2			0	0
ACAA2	1	CTD	2			2	0
ACADVL	1	CTD	2			2	0
ACAT2	1	CTD	2			0	1
ACP1	1	CTD	2			1	1
ACSL1	1	CTD	2			2	0
ADCY1	1	CTD	2			0	0
ADCY3	1	CTD	2			0	0
ADCY5	1	CTD	2			0	0
ADCY6	1	CTD	2			0	0
ADCY7	1	CTD	2			0	0
ADCY9	1	CTD	2			0	1
ALDH1L2	1	CTD	2			2	0
ALDH7A1	1	CTD	2			1	1
ALPPL2	1	CTD	2			0	0
ANGPTL4	1	CTD	2			1	1
ANXA4	1	CTD	2			1	1
APOB	1	CTD	2			0	2
APOE	1	CTD	2			1	1
APRT	1	CTD	2			1	1
ARG2	1	CTD	2			2	0
BAK1	1	CTD	2			1	1
BPHL	1	CTD	2			1	1
BRI3BP	1	CTD	2			0	1
BRPF1	1	CTD	2			1	1
CAMKK1	1	CTD	2			1	1
CAT	1	CTD	2			0	1
CCL5	1	CTD	2			1	1
CCL7	1	CTD	2			0	1
CCN2	1	CTD	2			1	1
CCNE1	1	CTD	2			0	1
CD52	1	CTD	2			1	1
CD55	1	CTD	2			1	0
CDCA3	1	CTD	2			0	2
CDCA5	1	CTD	2			0	1
CDV3	1	CTD	2			1	0
CLYBL	1	CTD	2			1	1
CNP	1	CTD	2			0	2
COX20	1	CTD	2			2	0
CPS1	1	CTD	2			1	1
CRAT	1	CTD	2			2	0
CSNK1D	1	CTD	2			0	0
CSTA	1	CTD	2			1	0
CYB5B	1	CTD	2			0	2
CYP1A1	1	CTD	2			2	0
CYP24A1	1	CTD	2			1	0
CYP2E1	1	CTD	2			0	1
CYP3A7	1	CTD	2			1	0
CYP4A10	1	CTD	2			0	0
CYP4A22	1	CTD	2			1	1
CYP51A1	1	CTD	2			1	1
DARS2	1	CTD	2			1	0
DHCR7	1	CTD	2			1	1
EEF1G	1	CTD	2			1	1
EEF2	1	CTD	2			0	2
EGR1	1	CTD	2			1	1
EHHADH	1	CTD	2			0	0
EIF3J	1	CTD	2			2	0
ERMP1	1	CTD	2			0	2
ERN1	1	CTD	2			2	0
ERVFRD-1	1	CTD	2			1	1
FADS1	1	CTD	2			1	1
FADS2	1	CTD	2			0	1
FASN	1	CTD	2			1	0
FGA	1	CTD	2			0	2
FGB	1	CTD	2			1	1
FGFBP1	1	CTD	2			1	1
FMO5	1	CTD	2			1	1
FOS	1	CTD	2			1	0
FOXO1	1	CTD	2			0	1
GCDH	1	CTD	2			1	1
GDF15	1	CTD	2			2	0
GFPT1	1	CTD	2			2	0
GNA11	1	CTD	2			0	0
GNAI3	1	CTD	2			0	0
GNAQ	1	CTD	2			0	0
GOLGA8A	1	CTD	2			1	1
GUCY1A1	1	CTD	2			0	0
GUCY1A2	1	CTD	2			0	0
GUCY1B1	1	CTD	2			0	0
H1-2	1	CTD	2			1	0
H1-3	1	CTD	2			1	1
H4C11	1	CTD	2			0	1
HGF	1	CTD	2			0	2
HMGA1	1	CTD	2			0	1
HMGB2	1	CTD	2			0	2
HTR2B	1	CTD	2			0	0
IDH3B	1	CTD	2			1	1
IFRD1	1	CTD	2			2	0
IGFBP1	1	CTD	2			1	1
IGFBP3	1	CTD	2			1	0
IL1R1	1	CTD	2			0	1
INS	1	CTD	2			0	0
ITGA2	1	CTD	2			2	0
ITGB8	1	CTD	2			0	0
ITPR2	1	CTD	2			0	0
KITLG	1	CTD	2			1	1
KRAS	1	CTD	2			0	0
LDLR	1	CTD	2			1	1
LIMA1	1	CTD	2			0	1
LPAR1	1	CTD	2			0	0
LSS	1	CTD	2			0	2
MAP2K2	1	CTD	2			0	0
MAP2K5	1	CTD	2			0	0
MAP3K2	1	CTD	2			0	0
MAPK7	1	CTD	2			0	0
MIPEP	1	CTD	2			0	1
MISP	1	CTD	2			2	0
NANOG	1	CTD	2			1	0
NCAPG	1	CTD	2			0	2
NCAPH	1	CTD	2			0	2
NFKBIA	1	CTD	2			0	1
NHSL1	1	CTD	2			2	0
NPIPA7	1	CTD	2			1	0
NRAS	1	CTD	2			0	0
NT5C3	1	CTD	2			2	0
ORC1	1	CTD	2			0	1
OVOL1	1	CTD	2			1	0
P3H4	1	CTD	2			0	2
PAX6	1	CTD	2			0	1
PCNA	1	CTD	2			0	2
PDGFA	1	CTD	2			0	0
PDGFB	1	CTD	2			0	0
PDGFC	1	CTD	2			0	0
PDGFD	1	CTD	2			0	0
PLCB1	1	CTD	2			0	0
PLCB2	1	CTD	2			0	0
PLCB3	1	CTD	2			0	0
PLCB4	1	CTD	2			0	0
PLS3	1	CTD	2			1	1
PLXND1	1	CTD	2			0	2
PPM1G	1	CTD	2			0	2
PRKACB	1	CTD	2			0	0
PRKG1	1	CTD	2			0	0
PRKX	1	CTD	2			0	1
PRNP	1	CTD	2			2	0
PSRC1	1	CTD	2			1	1
RPL13	1	CTD	2			1	1
RPL27A	1	CTD	2			1	1
RPL7A	1	CTD	2			1	1
RPL8	1	CTD	2			1	1
S100A14	1	CTD	2			1	1
S100G	1	CTD	2			0	1
SARS1	1	CTD	2			2	0
SERPINA3	1	CTD	2			0	1
SERPINA5	1	CTD	2			0	1
SERPIND1	1	CTD	2			0	2
SERPINE2	1	CTD	2			2	0
SHCBP1	1	CTD	2			0	1
SLC10A1	1	CTD	2			1	0
SLC30A1	1	CTD	2			1	1
SLC38A1	1	CTD	2			0	1
SLCO1B1	1	CTD	2			1	1
SOS1	1	CTD	2			0	0
SOS2	1	CTD	2			0	0
SQSTM1	1	CTD	2			1	0
STAT4	1	CTD	2			1	0
STMN1	1	CTD	2			1	1
SUPT16H	1	CTD	2			0	2
TAC1	1	CTD	2			1	0
TAS1R1	1	CTD	2			0	1
TAT	1	CTD	2			1	1
TBC1D3D	1	CTD	2			0	1
TCL1B	1	CTD	2			1	1
TET1	1	CTD	2			0	1
TET3	1	CTD	2			1	0
TF	1	CTD	2			0	2
THRSP	1	CTD	2			1	1
TIGIT	1	CTD	2			1	0
TNFSF10	1	CTD	2			1	1
TPT1	1	CTD	2			0	2
TRAP1	1	CTD	2			1	1
TRPV6	1	CTD	2			0	1
TSHB	1	CTD	2			0	0
TTF1	1	CTD	2			0	2
TUBB3	1	CTD	2			0	0
TUBB6	1	CTD	2			0	0
UGDH	1	CTD	2			1	1
UHRF1	1	CTD	2			0	2
VLDLR	1	CTD	2			1	1
WNT11	1	CTD	2			0	0
XKR5	1	CTD	2			1	0
A2M	1	CTD	1			0	1
AADACL2	1	CTD	1			1	0
AARS1	1	CTD	1			1	0
AASS	1	CTD	1			0	1
ABCA1	1	CTD	1			0	1
ABCB11	1	CTD	1			0	1
ABCB4	1	CTD	1			1	0
ABCC3	1	CTD	1			1	0
ABCC4	1	CTD	1			0	0
ABCC5	1	CTD	1			0	1
ABCG1	1	CTD	1			1	0
ABCG5	1	CTD	1			0	1
ABCG8	1	CTD	1			0	1
ABHD10	1	CTD	1			1	0
ABI3BP	1	CTD	1			1	0
ACAD11	1	CTD	1			1	0
ACADSB	1	CTD	1			1	0
ACKR4	1	CTD	1			0	1
ACO2	1	CTD	1			1	0
ACOT12	1	CTD	1			0	0
ACOT2	1	CTD	1			1	0
ACOT9	1	CTD	1			1	0
ACOX1	1	CTD	1			1	0
ACOX2	1	CTD	1			0	1
ACSF2	1	CTD	1			1	0
ACSF3	1	CTD	1			1	0
ACSL4	1	CTD	1			1	0
ACSS2	1	CTD	1			0	1
ACSS3	1	CTD	1			0	0
ACTL7B	1	CTD	1			0	1
ACTRT2	1	CTD	1			0	1
ACVRL1	1	CTD	1			0	1
ACY1	1	CTD	1			1	0
ADAM28	1	CTD	1			1	0
ADAM7	1	CTD	1			0	1
ADAMTSL2	1	CTD	1			1	0
ADAMTSL5	1	CTD	1			0	1
ADAR	1	CTD	1			0	1
ADCY4	1	CTD	1			0	0
ADGRD1	1	CTD	1			1	0
ADGRE4P	1	CTD	1			1	0
ADGRG1	1	CTD	1			1	0
ADGRG3	1	CTD	1			0	1
ADH1A	1	CTD	1			0	1
ADI1	1	CTD	1			0	1
ADIPOQ	1	CTD	1			0	1
ADM2	1	CTD	1			1	0
ADPGK	1	CTD	1			0	1
ADSL	1	CTD	1			1	0
AFAP1L2	1	CTD	1			1	0
AFDN-DT	1	CTD	1			0	1
AFP	1	CTD	1			0	1
AGAP1	1	CTD	1			0	0
AGFG2	1	CTD	1			0	1
AGK	1	CTD	1			1	0
AGMAT	1	CTD	1			1	0
AGPAT9	1	CTD	1			1	0
AGRN	1	CTD	1			0	1
AGT	1	CTD	1			0	1
AGXT	1	CTD	1			0	1
AGXT2	1	CTD	1			1	0
AHRR	1	CTD	1			0	1
AHSG	1	CTD	1			0	1
AICDA	1	CTD	1			0	1
AIF1L	1	CTD	1			0	1
AIM2	1	CTD	1			1	0
AK3	1	CTD	1			1	0
AK4	1	CTD	1			1	0
AKAP1	1	CTD	1			1	0
AKAP12	1	CTD	1			1	0
AKNA	1	CTD	1			0	1
AKR7A2	1	CTD	1			1	0
ALAS1	1	CTD	1			1	0
ALDH5A1	1	CTD	1			1	0
ALDH6A1	1	CTD	1			1	0
ALDH9A1	1	CTD	1			1	0
ALG1	1	CTD	1			0	1
ALPK2	1	CTD	1			1	0
ALPP	1	CTD	1			0	1
ALS2CL	1	CTD	1			1	0
AMBP	1	CTD	1			0	1
AMN	1	CTD	1			0	1
AMT	1	CTD	1			1	0
AMZ1	1	CTD	1			1	0
ANK3	1	CTD	1			1	0
ANKAR	1	CTD	1			0	1
ANKHD1	1	CTD	1			1	0
ANKRD1	1	CTD	1			0	1
ANKRD22	1	CTD	1			1	0
ANKRD40	1	CTD	1			0	1
ANKS1B	1	CTD	1			0	1
ANLN	1	CTD	1			0	1
ANTXR2	1	CTD	1			1	0
AOC2	1	CTD	1			0	1
AOX1	1	CTD	1			0	0
AP1B1	1	CTD	1			0	1
AP1G1	1	CTD	1			0	1
AP1G2	1	CTD	1			0	1
AP1M1	1	CTD	1			0	1
AP5Z1	1	CTD	1			0	1
APLF	1	CTD	1			1	0
APOA	1	CTD	1			1	0
APOA4	1	CTD	1			1	0
APOA5	1	CTD	1			1	0
APOC1	1	CTD	1			0	1
APOL2	1	CTD	1			0	1
APOL6	1	CTD	1			1	0
AQP7P1	1	CTD	1			1	0
AQP9	1	CTD	1			0	1
ARAP1	1	CTD	1			0	1
ARAP2	1	CTD	1			1	0
ARFGAP1	1	CTD	1			0	1
ARHGAP18	1	CTD	1			0	1
ARHGAP4	1	CTD	1			0	1
ARHGAP44	1	CTD	1			1	0
ARHGDIG	1	CTD	1			0	0
ARHGEF19	1	CTD	1			0	1
ARHGEF2	1	CTD	1			1	0
ARHGEF9	1	CTD	1			0	1
ARID1A	1	CTD	1			0	1
ARL16	1	CTD	1			0	1
ARL4A	1	CTD	1			1	0
ARL6IP5	1	CTD	1			0	1
ARL6IP6	1	CTD	1			0	1
ARMC1	1	CTD	1			1	0
ARMCX3	1	CTD	1			1	0
ARRDC3	1	CTD	1			1	0
ART4	1	CTD	1			0	1
ASB14	1	CTD	1			1	0
ASF1A	1	CTD	1			1	0
ASF1B	1	CTD	1			0	1
ASGR1	1	CTD	1			0	1
ASNS	1	CTD	1			1	0
ASPHD2	1	CTD	1			1	0
ASPM	1	CTD	1			0	1
ASS1	1	CTD	1			0	0
ASXL1	1	CTD	1			0	1
ASZ1	1	CTD	1			1	0
ATAD2	1	CTD	1			0	1
ATF3	1	CTD	1			1	0
ATF4	1	CTD	1			1	0
ATF6	1	CTD	1			1	0
ATG14	1	CTD	1			0	1
ATG3	1	CTD	1			1	0
ATG5	1	CTD	1			0	0
ATG7	1	CTD	1			0	0
ATG9A	1	CTD	1			0	1
ATL2	1	CTD	1			0	1
ATM	1	CTD	1			0	1
ATP1A1	1	CTD	1			0	1
ATP1A2	1	CTD	1			1	0
ATP1B1	1	CTD	1			0	1
ATP2A1-AS1	1	CTD	1			0	1
ATP5F1B	1	CTD	1			1	0
ATP5F1C	1	CTD	1			1	0
ATP5F1E	1	CTD	1			1	0
ATP5S	1	CTD	1			1	0
ATP6AP2	1	CTD	1			0	1
ATP6V0A4	1	CTD	1			0	0
ATP8B3	1	CTD	1			1	0
ATRIP	1	CTD	1			0	1
AUH	1	CTD	1			1	0
AUNIP	1	CTD	1			0	1
AURKB	1	CTD	1			0	1
B2M	1	CTD	1			0	1
B4GALT5	1	CTD	1			1	0
B4GAT1	1	CTD	1			0	1
BAAT	1	CTD	1			0	1
BAD	1	CTD	1			1	0
BAG2	1	CTD	1			1	0
BAG6	1	CTD	1			0	1
BAIAP2	1	CTD	1			0	1
BAIAP2L1	1	CTD	1			1	0
BAIAP3	1	CTD	1			0	1
BANF1	1	CTD	1			0	1
BATF3	1	CTD	1			1	0
BAZ2A	1	CTD	1			0	1
BBC3	1	CTD	1			1	0
BCAR3-AS1	1	CTD	1			0	1
BCAS3	1	CTD	1			0	0
BCL2L11	1	CTD	1			1	0
BCLAF3	1	CTD	1			0	1
BCMO1	1	CTD	1			1	0
BEST1	1	CTD	1			1	0
BEST3	1	CTD	1			0	1
BEX4	1	CTD	1			1	0
BGLAP	1	CTD	1			0	0
BIRC5	1	CTD	1			0	1
BLM	1	CTD	1			0	1
BLMH	1	CTD	1			1	0
BNC1	1	CTD	1			1	0
BNIP3	1	CTD	1			0	1
BRD3	1	CTD	1			0	1
BRD4	1	CTD	1			0	1
BRICD5	1	CTD	1			0	1
BRINP1	1	CTD	1			0	1
BSPRY	1	CTD	1			1	0
BTN3A1	1	CTD	1			0	1
BTN3A2	1	CTD	1			0	1
BUB1B	1	CTD	1			0	1
C1D	1	CTD	1			1	0
C1ORF115	1	CTD	1			0	0
C1ORF216	1	CTD	1			0	1
C1ORF53	1	CTD	1			1	0
C1QBP	1	CTD	1			0	0
C1QTNF5	1	CTD	1			0	1
C1QTNF6	1	CTD	1			0	1
C1S	1	CTD	1			0	1
C2	1	CTD	1			0	1
C20ORF203	1	CTD	1			1	0
C2ORF72	1	CTD	1			1	0
C2ORF81	1	CTD	1			1	0
C3	1	CTD	1			0	1
C3ORF18	1	CTD	1			0	1
C3ORF36	1	CTD	1			0	1
C5	1	CTD	1			0	1
C6	1	CTD	1			0	1
C8ORF44	1	CTD	1			1	0
C9	1	CTD	1			0	1
CABLES1	1	CTD	1			0	1
CABP1	1	CTD	1			1	0
CACFD1	1	CTD	1			0	0
CACNA1F	1	CTD	1			0	0
CACTIN	1	CTD	1			1	0
CADM1	1	CTD	1			0	1
CAHM	1	CTD	1			0	1
CALD1	1	CTD	1			1	0
CALU	1	CTD	1			0	1
CAMSAP2	1	CTD	1			0	1
CAPG	1	CTD	1			1	0
CAPN10	1	CTD	1			0	1
CAPN5	1	CTD	1			1	0
CAPRIN1	1	CTD	1			0	1
CAPSL	1	CTD	1			1	0
CARD11	1	CTD	1			0	1
CARS1	1	CTD	1			1	0
CARS2	1	CTD	1			1	0
CATSPERG	1	CTD	1			1	0
CAVIN1	1	CTD	1			1	0
CAVIN2	1	CTD	1			1	0
CBARP	1	CTD	1			1	0
CBLB	1	CTD	1			0	1
CBLN4	1	CTD	1			1	0
CBR4	1	CTD	1			1	0
CCAR2	1	CTD	1			0	1
CCDC112	1	CTD	1			1	0
CCDC144BP	1	CTD	1			1	0
CCDC150	1	CTD	1			0	1
CCDC166	1	CTD	1			1	0
CCDC28A	1	CTD	1			1	0
CCDC34	1	CTD	1			0	1
CCDC50	1	CTD	1			0	1
CCDC69	1	CTD	1			0	1
CCL1	1	CTD	1			0	1
CCL2	1	CTD	1			0	1
CCL20	1	CTD	1			0	0
CCL22	1	CTD	1			1	0
CCN1	1	CTD	1			1	0
CCN5	1	CTD	1			0	0
CCND3	1	CTD	1			0	1
CCPG1	1	CTD	1			1	0
CD14	1	CTD	1			0	1
CD163	1	CTD	1			0	1
CD200	1	CTD	1			1	0
CD22	1	CTD	1			0	1
CD2AP	1	CTD	1			0	1
CD300LG	1	CTD	1			1	0
CD36	1	CTD	1			1	0
CD3E	1	CTD	1			0	1
CD46	1	CTD	1			0	1
CD79B	1	CTD	1			0	1
CDC14B	1	CTD	1			1	0
CDC25C	1	CTD	1			0	1
CDC27	1	CTD	1			0	1
CDC37L1	1	CTD	1			0	1
CDC42EP4	1	CTD	1			0	1
CDC45	1	CTD	1			0	1
CDCA8	1	CTD	1			0	1
CDH9	1	CTD	1			0	0
CDKAL1	1	CTD	1			0	1
CDKN1B	1	CTD	1			0	1
CDKN1C	1	CTD	1			1	0
CDKN2A	1	CTD	1			1	0
CEACAM21	1	CTD	1			1	0
CEBPA	1	CTD	1			0	0
CEBPG	1	CTD	1			1	0
CEL	1	CTD	1			0	1
CENPE	1	CTD	1			0	1
CENPM	1	CTD	1			0	1
CENPN	1	CTD	1			0	1
CENPW	1	CTD	1			0	1
CEP78	1	CTD	1			0	1
CERKL	1	CTD	1			1	0
CERS4	1	CTD	1			0	0
CES5A	1	CTD	1			1	0
CETN2	1	CTD	1			1	0
CFAP73	1	CTD	1			0	1
CFI	1	CTD	1			0	1
CFL2	1	CTD	1			0	1
CFLAR	1	CTD	1			0	1
CGA	1	CTD	1			0	1
CGB	1	CTD	1			0	1
CHAC1	1	CTD	1			1	0
CHAC2	1	CTD	1			0	1
CHCHD2	1	CTD	1			1	0
CHCHD4	1	CTD	1			1	0
CHD1L	1	CTD	1			0	1
CHD4	1	CTD	1			0	1
CHDH	1	CTD	1			0	1
CHMP2B	1	CTD	1			1	0
CHMP4B	1	CTD	1			1	0
CHMP6	1	CTD	1			0	1
CHORDC1	1	CTD	1			1	0
CHST3	1	CTD	1			1	0
CHST9	1	CTD	1			0	1
CIAO2A	1	CTD	1			1	0
CIB1	1	CTD	1			1	0
CIDEA	1	CTD	1			1	0
CIDEC	1	CTD	1			1	0
CIDECP1	1	CTD	1			1	0
CIITA	1	CTD	1			0	1
CILP	1	CTD	1			1	0
CISD1	1	CTD	1			1	0
CIT	1	CTD	1			0	1
CKAP4	1	CTD	1			0	1
CKS1B	1	CTD	1			0	1
CLCA2	1	CTD	1			1	0
CLDN1	1	CTD	1			0	1
CLDN23	1	CTD	1			0	0
CLDN8	1	CTD	1			0	1
CLEC18A	1	CTD	1			0	0
CLEC2D	1	CTD	1			0	1
CLEC5A	1	CTD	1			0	0
CLGN	1	CTD	1			1	0
CLIC4	1	CTD	1			0	1
CLOCK	1	CTD	1			1	0
CLPTM1	1	CTD	1			0	1
CLSPN	1	CTD	1			1	0
CLU	1	CTD	1			0	1
CLUH	1	CTD	1			0	1
CMAS	1	CTD	1			1	0
CMPK2	1	CTD	1			0	1
CMTM1	1	CTD	1			0	1
CNBD1	1	CTD	1			1	0
CNN2	1	CTD	1			0	1
CNN3	1	CTD	1			0	1
CNNM3	1	CTD	1			0	1
CNNM4	1	CTD	1			1	0
CNTLN	1	CTD	1			1	0
CNTN4	1	CTD	1			1	0
CNTNAP1	1	CTD	1			1	0
CNTNAP3B	1	CTD	1			0	1
COA4	1	CTD	1			1	0
COA6	1	CTD	1			1	0
COL17A1	1	CTD	1			1	0
COL18A1	1	CTD	1			0	1
COL5A1	1	CTD	1			0	1
COL5A2	1	CTD	1			1	0
COL6A3	1	CTD	1			1	0
COMT	1	CTD	1			1	0
COPA	1	CTD	1			0	1
COPB1	1	CTD	1			0	1
COPB2-DT	1	CTD	1			1	0
COPG1	1	CTD	1			0	1
COQ5	1	CTD	1			0	1
CORO6	1	CTD	1			0	1
COX15	1	CTD	1			0	1
COX2	1	CTD	1			0	1
COX3	1	CTD	1			0	1
COX5A	1	CTD	1			0	1
COX5B	1	CTD	1			0	1
COX6B1	1	CTD	1			0	1
COX6C	1	CTD	1			0	1
COX7A2	1	CTD	1			0	1
COX7C	1	CTD	1			0	1
CPLANE2	1	CTD	1			1	0
CPLX2	1	CTD	1			1	0
CPNE2	1	CTD	1			0	1
CPT1B	1	CTD	1			1	0
CPT2	1	CTD	1			1	0
CPZ	1	CTD	1			0	1
CR1L	1	CTD	1			1	0
CR2	1	CTD	1			1	0
CRABP1	1	CTD	1			0	0
CREB3L3	1	CTD	1			1	0
CREM	1	CTD	1			1	0
CRH	1	CTD	1			1	0
CRIPAK	1	CTD	1			0	1
CRIPT	1	CTD	1			1	0
CRISPLD1	1	CTD	1			1	0
CRLF1	1	CTD	1			0	1
CROT	1	CTD	1			1	0
CRP	1	CTD	1			1	0
CRTC3	1	CTD	1			0	1
CRYAB	1	CTD	1			1	0
CRYBA1	1	CTD	1			1	0
CRYBB3	1	CTD	1			0	0
CS	1	CTD	1			1	0
CSAD	1	CTD	1			1	0
CSF1	1	CTD	1			0	1
CSNK1A1P1	1	CTD	1			1	0
CSRP3	1	CTD	1			1	0
CST3	1	CTD	1			0	1
CSTL1	1	CTD	1			1	0
CT70	1	CTD	1			0	0
CTBP1	1	CTD	1			0	1
CTDSPL2	1	CTD	1			0	1
CTNNAL1	1	CTD	1			0	1
CTNND1	1	CTD	1			0	1
CTPS2	1	CTD	1			0	1
CTSH	1	CTD	1			0	0
CTSW	1	CTD	1			0	1
CX3CR1	1	CTD	1			0	1
CXCL1	1	CTD	1			1	0
CXCL10	1	CTD	1			0	1
CXCL12	1	CTD	1			0	0
CXCL2	1	CTD	1			0	0
CXCL3	1	CTD	1			1	0
CXCL5	1	CTD	1			1	0
CXCL9	1	CTD	1			0	0
CXXC5	1	CTD	1			0	1
CYB5A	1	CTD	1			0	1
CYCS	1	CTD	1			1	0
CYP11A1	1	CTD	1			0	1
CYP27A1	1	CTD	1			0	1
CYP2A6	1	CTD	1			1	0
CYP2B7P	1	CTD	1			1	0
CYP2J2	1	CTD	1			1	0
CYP2R1	1	CTD	1			1	0
CYP2S1	1	CTD	1			1	0
CYP2U1-AS1	1	CTD	1			1	0
CYP2W1	1	CTD	1			0	1
CYP39A1	1	CTD	1			0	1
CYP3A5	1	CTD	1			1	0
CYP4A1	1	CTD	1			1	0
CYP4A11	1	CTD	1			1	0
CYP4V2	1	CTD	1			1	0
CYRIA	1	CTD	1			1	0
CYSTM1	1	CTD	1			1	0
CYTB	1	CTD	1			0	1
CYTL1	1	CTD	1			1	0
DAB2	1	CTD	1			0	0
DAG1	1	CTD	1			0	1
DAPK2	1	CTD	1			1	0
DAPK3	1	CTD	1			1	0
DARS1	1	CTD	1			0	1
DBIL5P2	1	CTD	1			0	1
DBNDD1	1	CTD	1			1	0
DCHS1	1	CTD	1			0	1
DCLK1	1	CTD	1			1	0
DCXR	1	CTD	1			1	0
DDB1	1	CTD	1			0	1
DDB2	1	CTD	1			0	1
DDR2	1	CTD	1			1	0
DDX17	1	CTD	1			1	0
DDX19A	1	CTD	1			0	1
DDX5	1	CTD	1			0	1
DDX60	1	CTD	1			0	1
DECR1	1	CTD	1			1	0
DENND1C	1	CTD	1			0	1
DEPDC1B	1	CTD	1			0	1
DEPP1	1	CTD	1			0	1
DGCR6	1	CTD	1			0	1
DGKH	1	CTD	1			1	0
DGLUCY	1	CTD	1			0	1
DHCR24	1	CTD	1			0	1
DHRS12	1	CTD	1			1	0
DHRS9	1	CTD	1			1	0
DHX30	1	CTD	1			1	0
DIABLO	1	CTD	1			1	0
DIO1	1	CTD	1			0	1
DIP2B	1	CTD	1			0	1
DIRAS1	1	CTD	1			1	0
DIS3L	1	CTD	1			0	1
DLD	1	CTD	1			1	0
DLEU2	1	CTD	1			0	1
DLG2	1	CTD	1			1	0
DLST	1	CTD	1			1	0
DMGDH	1	CTD	1			1	0
DNA2	1	CTD	1			0	1
DNAH6	1	CTD	1			1	0
DNAJB1	1	CTD	1			1	0
DNAJB7	1	CTD	1			1	0
DNAJC11	1	CTD	1			1	0
DNAJC24	1	CTD	1			0	1
DNAJC9	1	CTD	1			0	1
DNM1L	1	CTD	1			1	0
DNM2	1	CTD	1			0	1
DNMT3B	1	CTD	1			0	1
DOCK7	1	CTD	1			0	1
DPCD	1	CTD	1			0	1
DPYSL4	1	CTD	1			0	0
DRC5	1	CTD	1			0	0
DRG1	1	CTD	1			0	1
DSC1	1	CTD	1			0	1
DSC2	1	CTD	1			0	1
DSG2	1	CTD	1			1	0
DTWD2	1	CTD	1			1	0
DTX2	1	CTD	1			1	0
DUSP1	1	CTD	1			1	0
DUSP9	1	CTD	1			0	1
DVL1	1	CTD	1			0	1
DVL3	1	CTD	1			0	1
DYNC1I2	1	CTD	1			1	0
DYNC1LI1	1	CTD	1			1	0
E2F2	1	CTD	1			0	1
E2F7	1	CTD	1			0	1
E2F8	1	CTD	1			0	1
EBI3	1	CTD	1			1	0
ECPAS	1	CTD	1			1	0
ECT2	1	CTD	1			0	1
EDC4	1	CTD	1			0	1
EEF1A1	1	CTD	1			0	1
EEF1A1P5	1	CTD	1			0	1
EEF1D	1	CTD	1			0	1
EFCC1	1	CTD	1			0	1
EFEMP1	1	CTD	1			0	0
EFNA4	1	CTD	1			0	1
EFR3B	1	CTD	1			1	0
EGF	1	CTD	1			0	0
EGFEM1P	1	CTD	1			1	0
EHD4	1	CTD	1			1	0
EIF3D	1	CTD	1			0	1
EIF4B	1	CTD	1			0	0
EIF4BP1	1	CTD	1			1	0
EIF4EBP1	1	CTD	1			0	0
EIF5	1	CTD	1			1	0
EIF5AL1	1	CTD	1			0	1
EIF5B	1	CTD	1			1	0
ELF2A	1	CTD	1			1	0
ELF3	1	CTD	1			1	0
ELMO2	1	CTD	1			0	1
ELN	1	CTD	1			0	1
ELOVL2	1	CTD	1			1	0
ELOVL4	1	CTD	1			1	0
ELOVL6	1	CTD	1			1	0
EMBP1	1	CTD	1			1	0
EMC7	1	CTD	1			0	1
EMX2OS	1	CTD	1			1	0
ENDOU	1	CTD	1			1	0
ENG	1	CTD	1			0	1
ENGASE	1	CTD	1			0	1
ENO1	1	CTD	1			0	1
ENO3	1	CTD	1			0	1
ENOX1	1	CTD	1			1	0
ENPP3	1	CTD	1			0	1
ENTPD7	1	CTD	1			1	0
ENTPD8	1	CTD	1			1	0
EOGT	1	CTD	1			1	0
EPCAM	1	CTD	1			0	1
EPDR1	1	CTD	1			1	0
EPHA2	1	CTD	1			1	0
EPHA5	1	CTD	1			1	0
EPM2A-DT	1	CTD	1			1	0
EPS8L2	1	CTD	1			0	1
ERBB3	1	CTD	1			0	1
ERBIN	1	CTD	1			0	1
ERCC6L	1	CTD	1			0	1
ERICH5	1	CTD	1			1	0
ERICH6B	1	CTD	1			0	1
ERP27	1	CTD	1			0	1
ERRFI1	1	CTD	1			1	0
ERVW-1	1	CTD	1			0	1
ESCO2	1	CTD	1			0	1
ESD	1	CTD	1			1	0
ESPL1	1	CTD	1			0	1
ESRP1	1	CTD	1			1	0
ETFA	1	CTD	1			1	0
ETFB	1	CTD	1			1	0
ETFBKMT	1	CTD	1			1	0
ETFDH	1	CTD	1			1	0
ETHE1	1	CTD	1			1	0
ETV4	1	CTD	1			1	0
ETV5	1	CTD	1			1	0
ETV7	1	CTD	1			0	1
EWSR1	1	CTD	1			0	1
EXD2	1	CTD	1			1	0
EXO1	1	CTD	1			0	1
EXT2	1	CTD	1			0	1
EXTL1	1	CTD	1			1	0
EYA4	1	CTD	1			1	0
F13B	1	CTD	1			0	1
F2RL2	1	CTD	1			1	0
FABP	1	CTD	1			1	0
FAH	1	CTD	1			1	0
FAHD1	1	CTD	1			1	0
FAHD2A	1	CTD	1			1	0
FAIM2	1	CTD	1			1	0
FAM106A	1	CTD	1			1	0
FAM111B	1	CTD	1			0	1
FAM131B	1	CTD	1			0	1
FAM162A	1	CTD	1			0	1
FAM168A	1	CTD	1			0	1
FAM20B	1	CTD	1			0	1
FAM222B	1	CTD	1			1	0
FAM225A	1	CTD	1			1	0
FAM227B	1	CTD	1			1	0
FAM228B	1	CTD	1			1	0
FAM241A	1	CTD	1			1	0
FAM66E	1	CTD	1			0	1
FAM72A	1	CTD	1			0	1
FAM72B	1	CTD	1			0	1
FAM72C	1	CTD	1			0	1
FAM72D	1	CTD	1			0	1
FAM88E	1	CTD	1			0	0
FANCA	1	CTD	1			0	1
FAS	1	CTD	1			1	0
FASTK	1	CTD	1			0	1
FASTKD2	1	CTD	1			1	0
FASTKD5	1	CTD	1			1	0
FAT1	1	CTD	1			1	0
FBL	1	CTD	1			0	1
FBLL1	1	CTD	1			1	0
FBN3	1	CTD	1			0	0
FBRS	1	CTD	1			0	1
FBXL4	1	CTD	1			1	0
FBXO2	1	CTD	1			1	0
FBXO24	1	CTD	1			0	1
FBXO32	1	CTD	1			0	1
FBXO41	1	CTD	1			0	1
FBXO5	1	CTD	1			0	1
FBXW7	1	CTD	1			0	1
FCER2	1	CTD	1			1	0
FCGR2A	1	CTD	1			1	0
FCGRT	1	CTD	1			0	1
FEN1	1	CTD	1			0	1
FGF20	1	CTD	1			0	0
FGF21	1	CTD	1			1	0
FGF23	1	CTD	1			1	0
FGFR1OP2	1	CTD	1			1	0
FGFR4	1	CTD	1			0	1
FGFRL1	1	CTD	1			0	0
FHL1	1	CTD	1			1	0
FHL1P1	1	CTD	1			0	1
FHL2	1	CTD	1			1	0
FHOD1	1	CTD	1			0	1
FICD	1	CTD	1			1	0
FILIP1L	1	CTD	1			1	0
FIRRM	1	CTD	1			0	1
FKBP14	1	CTD	1			0	1
FKBP4	1	CTD	1			0	0
FKBP5	1	CTD	1			0	0
FKBP7	1	CTD	1			0	1
FKBP9	1	CTD	1			0	1
FLT3LG	1	CTD	1			0	1
FMNL2	1	CTD	1			1	0
FMNL3	1	CTD	1			1	0
FMO1	1	CTD	1			0	1
FOLR1	1	CTD	1			0	1
FOXA1	1	CTD	1			1	0
FOXA2	1	CTD	1			0	1
FOXD3-AS1	1	CTD	1			0	0
FOXJ2	1	CTD	1			1	0
FOXM1	1	CTD	1			0	1
FOXN4	1	CTD	1			0	1
FOXRED1	1	CTD	1			0	1
FSCN1	1	CTD	1			0	1
FSHB	1	CTD	1			0	0
FSTL1	1	CTD	1			0	1
FTH1	1	CTD	1			1	0
FUS	1	CTD	1			0	1
FYCO1	1	CTD	1			0	1
FZD9	1	CTD	1			0	1
G3BP1	1	CTD	1			0	1
G6PC1	1	CTD	1			0	1
GAB2	1	CTD	1			1	0
GABRG2	1	CTD	1			1	0
GAD1	1	CTD	1			1	0
GAL	1	CTD	1			0	0
GAL3ST1	1	CTD	1			1	0
GALNT1	1	CTD	1			0	1
GALNT2	1	CTD	1			1	0
GALNT3	1	CTD	1			1	0
GALNT6	1	CTD	1			1	0
GALT	1	CTD	1			1	0
GAN	1	CTD	1			1	0
GARIN5A	1	CTD	1			1	0
GARS1	1	CTD	1			1	0
GAS2	1	CTD	1			0	1
GATAD2A	1	CTD	1			0	1
GATD3	1	CTD	1			1	0
GBA3	1	CTD	1			0	1
GBE1	1	CTD	1			0	1
GBP4	1	CTD	1			0	1
GCLM	1	CTD	1			1	0
GCM1	1	CTD	1			0	1
GCSH	1	CTD	1			1	0
GDAP1	1	CTD	1			1	0
GDPD3	1	CTD	1			0	0
GET3	1	CTD	1			1	0
GFAP	1	CTD	1			0	1
GFER	1	CTD	1			1	0
GFPT2	1	CTD	1			1	0
GFRA2	1	CTD	1			0	1
GGH	1	CTD	1			1	0
GH2	1	CTD	1			1	0
GHITM	1	CTD	1			1	0
GIPC2	1	CTD	1			0	1
GJA10	1	CTD	1			0	1
GJA4	1	CTD	1			0	1
GK	1	CTD	1			1	0
GKN2	1	CTD	1			1	0
GLA	1	CTD	1			0	1
GLB1L	1	CTD	1			1	0
GLCE	1	CTD	1			0	1
GLG1	1	CTD	1			0	1
GLI1	1	CTD	1			0	1
GLOD4	1	CTD	1			1	0
GLRX	1	CTD	1			1	0
GLS	1	CTD	1			1	0
GLT8D1	1	CTD	1			0	1
GLTSCR2	1	CTD	1			0	1
GMPS	1	CTD	1			0	1
GNA13	1	CTD	1			1	0
GNAI1	1	CTD	1			0	0
GNAT1	1	CTD	1			0	0
GNG13	1	CTD	1			1	0
GNL3	1	CTD	1			1	0
GNPDA1	1	CTD	1			1	0
GOLGA3	1	CTD	1			0	1
GOLPH3	1	CTD	1			0	1
GOLPH3L	1	CTD	1			1	0
GOPC	1	CTD	1			1	0
GOT1	1	CTD	1			1	0
GPC3	1	CTD	1			0	1
GPR22	1	CTD	1			0	1
GPR55	1	CTD	1			1	0
GPR61	1	CTD	1			1	0
GPR83	1	CTD	1			1	0
GPRIN3	1	CTD	1			1	0
GPT	1	CTD	1			0	0
GPT2	1	CTD	1			1	0
GPX1	1	CTD	1			1	0
GPX2	1	CTD	1			1	0
GPX3	1	CTD	1			1	0
GPX4	1	CTD	1			1	0
GPX8	1	CTD	1			0	1
GREM2	1	CTD	1			1	0
GRN	1	CTD	1			0	1
GRPEL1	1	CTD	1			1	0
GRPEL2	1	CTD	1			1	0
GRXCR1	1	CTD	1			1	0
GSDME	1	CTD	1			1	0
GSPT1	1	CTD	1			1	0
GSTA2	1	CTD	1			1	0
GSTA5	1	CTD	1			1	0
GSTM3	1	CTD	1			1	0
GTF2I	1	CTD	1			0	1
GTF3C1	1	CTD	1			0	1
GTF3C3	1	CTD	1			0	1
GTPBP3	1	CTD	1			1	0
GTPBP4	1	CTD	1			1	0
GTSE1	1	CTD	1			0	1
GUSBP10	1	CTD	1			1	0
GVINP1	1	CTD	1			1	0
GXYLT1	1	CTD	1			0	1
GYPE	1	CTD	1			1	0
H1-0	1	CTD	1			1	0
H1-10	1	CTD	1			1	0
H1-4	1	CTD	1			1	0
H19	1	CTD	1			0	0
H2AC11	1	CTD	1			1	0
H2AC6	1	CTD	1			1	0
H2BC11	1	CTD	1			0	1
H2BC15	1	CTD	1			0	1
H2BC18	1	CTD	1			1	0
H2BC20P	1	CTD	1			1	0
H2BC21	1	CTD	1			1	0
H2BC5	1	CTD	1			1	0
H3-4	1	CTD	1			0	0
H4C12	1	CTD	1			0	0
H4C8	1	CTD	1			1	0
HACD2	1	CTD	1			0	1
HADHA	1	CTD	1			1	0
HADHB	1	CTD	1			1	0
HAO2	1	CTD	1			0	1
HARS2	1	CTD	1			1	0
HAUS8	1	CTD	1			0	1
HAVCR1	1	CTD	1			1	0
HAX1	1	CTD	1			1	0
HBA1	1	CTD	1			1	0
HBEGF	1	CTD	1			0	1
HBQ1	1	CTD	1			1	0
HCFC1	1	CTD	1			0	1
HDAC7	1	CTD	1			0	1
HDC	1	CTD	1			0	1
HDLBP	1	CTD	1			0	1
HEG1	1	CTD	1			0	1
HELLS	1	CTD	1			0	1
HEPACAM	1	CTD	1			0	1
HEPACAM2	1	CTD	1			1	0
HERC6	1	CTD	1			0	1
HEXD	1	CTD	1			0	1
HFM1	1	CTD	1			0	1
HIBADH	1	CTD	1			1	0
HIBCH	1	CTD	1			1	0
HILPDA	1	CTD	1			0	1
HINT1	1	CTD	1			1	0
HINT2	1	CTD	1			1	0
HIVEP3	1	CTD	1			1	0
HJURP	1	CTD	1			0	1
HKDC1	1	CTD	1			0	1
HLA-DQA2	1	CTD	1			1	0
HLA-DRB1	1	CTD	1			1	0
HLA-DRB5	1	CTD	1			1	0
HLTF	1	CTD	1			0	1
HMGB1	1	CTD	1			0	1
HMGB1P5	1	CTD	1			0	1
HMGCL	1	CTD	1			1	0
HMGCS1	1	CTD	1			1	0
HNRNPA1P10	1	CTD	1			0	1
HNRNPCL4	1	CTD	1			0	0
HNRNPK	1	CTD	1			1	0
HNRNPLL	1	CTD	1			1	0
HNRNPUL2	1	CTD	1			0	1
HOXB13	1	CTD	1			1	0
HOXB3	1	CTD	1			0	1
HOXB9	1	CTD	1			0	1
HP	1	CTD	1			1	0
HP1BP3	1	CTD	1			1	0
HPD	1	CTD	1			1	0
HPDL	1	CTD	1			0	1
HPS5	1	CTD	1			1	0
HSD17B10	1	CTD	1			1	0
HSD17B13	1	CTD	1			0	1
HSD17B4	1	CTD	1			1	0
HSD17B7	1	CTD	1			0	1
HSDL1	1	CTD	1			1	0
HSFX2	1	CTD	1			1	0
HSH2D	1	CTD	1			0	1
HSPA4	1	CTD	1			0	1
HSPA6	1	CTD	1			1	0
HSPB1	1	CTD	1			0	1
HSPD1	1	CTD	1			1	0
HTRA2	1	CTD	1			1	0
HULC	1	CTD	1			0	1
IBA57	1	CTD	1			1	0
ID3	1	CTD	1			0	1
IDH3A	1	CTD	1			1	0
IDI1	1	CTD	1			1	0
IER3	1	CTD	1			0	1
IFI35	1	CTD	1			0	1
IFI44	1	CTD	1			0	1
IFI6	1	CTD	1			0	1
IFIH1	1	CTD	1			0	1
IFIT1	1	CTD	1			0	1
IFIT2	1	CTD	1			0	1
IFIT3	1	CTD	1			0	1
IFIT5	1	CTD	1			0	1
IFNAR2	1	CTD	1			0	1
IFNL3	1	CTD	1			0	1
IFT70A	1	CTD	1			0	1
IGF2	1	CTD	1			0	0
IGF2R	1	CTD	1			1	0
IGFBP2	1	CTD	1			0	0
IGFBP4	1	CTD	1			0	0
IGFL2-AS1	1	CTD	1			0	1
IGHD	1	CTD	1			0	1
IGLL1	1	CTD	1			0	1
IGLL5	1	CTD	1			0	1
IGLV1-40	1	CTD	1			0	1
IGLV1-44	1	CTD	1			0	1
IGLV2-14	1	CTD	1			0	1
IGLV3-19	1	CTD	1			0	1
IGLV3-25	1	CTD	1			0	1
IGLV5-45	1	CTD	1			0	1
IGLV7-46	1	CTD	1			0	1
IGSF1	1	CTD	1			0	0
IGSF11	1	CTD	1			1	0
IGSF5	1	CTD	1			1	0
IKBIP	1	CTD	1			0	1
IL10	1	CTD	1			0	0
IL17B	1	CTD	1			0	0
IL1A	1	CTD	1			0	1
IL1RL1	1	CTD	1			1	0
IL21R	1	CTD	1			1	0
IL24	1	CTD	1			1	0
IL27	1	CTD	1			0	1
IL27RA	1	CTD	1			0	0
IL32	1	CTD	1			1	0
IL37	1	CTD	1			0	1
IL4	1	CTD	1			0	0
IL6	1	CTD	1			1	0
IL6R	1	CTD	1			0	1
IL6ST	1	CTD	1			1	0
IL7R	1	CTD	1			0	1
IMMP2L	1	CTD	1			1	0
INCENP	1	CTD	1			0	1
INHBE	1	CTD	1			1	0
INO80E	1	CTD	1			0	1
INPPL1	1	CTD	1			0	1
INTS7	1	CTD	1			0	1
IPO4	1	CTD	1			1	0
IRAK2	1	CTD	1			1	0
ISCA2	1	CTD	1			0	1
ISCU	1	CTD	1			1	0
ISG20	1	CTD	1			0	0
ITGA1	1	CTD	1			0	1
ITGA5	1	CTD	1			0	0
ITGA6	1	CTD	1			0	1
ITGAD	1	CTD	1			0	1
ITGB2	1	CTD	1			0	1
ITGB6	1	CTD	1			0	1
ITGB7	1	CTD	1			0	1
ITIH2	1	CTD	1			0	1
ITIH3	1	CTD	1			1	0
ITM2B	1	CTD	1			0	1
ITPKA	1	CTD	1			1	0
ITPR1-DT	1	CTD	1			1	0
IVD	1	CTD	1			1	0
IZUMO2	1	CTD	1			1	0
JAG1	1	CTD	1			1	0
JAM3	1	CTD	1			0	1
JOSD2	1	CTD	1			0	1
JUN	1	CTD	1			1	0
KAT6B	1	CTD	1			0	1
KATNB1	1	CTD	1			0	1
KAZN	1	CTD	1			1	0
KBTBD11	1	CTD	1			1	0
KCNJ1	1	CTD	1			0	1
KCNJ10	1	CTD	1			1	0
KCNJ6	1	CTD	1			0	0
KCNK6	1	CTD	1			0	0
KCNK7	1	CTD	1			0	0
KCNN4	1	CTD	1			0	1
KCNQ1OT1	1	CTD	1			1	0
KCNRG	1	CTD	1			0	0
KCT2	1	CTD	1			0	1
KDM1A	1	CTD	1			0	1
KGD4	1	CTD	1			1	0
KHDRBS1	1	CTD	1			0	1
KHSRP	1	CTD	1			0	1
KIAA0319L	1	CTD	1			0	1
KIAA2013	1	CTD	1			0	1
KIF14	1	CTD	1			0	1
KIF15	1	CTD	1			0	1
KIF18A	1	CTD	1			0	1
KIF18B	1	CTD	1			0	1
KIF20A	1	CTD	1			0	1
KIF20B	1	CTD	1			0	1
KIF21B	1	CTD	1			1	0
KIF22	1	CTD	1			0	1
KIF24	1	CTD	1			0	1
KIF2C	1	CTD	1			0	1
KIFC1	1	CTD	1			0	1
KIRREL1	1	CTD	1			1	0
KLF11	1	CTD	1			1	0
KLHDC7B	1	CTD	1			1	0
KLHL21	1	CTD	1			0	1
KLHL29	1	CTD	1			1	0
KLHL31	1	CTD	1			1	0
KLK15	1	CTD	1			0	1
KNG1	1	CTD	1			0	1
KPNA2	1	CTD	1			0	1
KRT10	1	CTD	1			1	0
KRT16P2	1	CTD	1			1	0
KRT18	1	CTD	1			0	0
KRT19	1	CTD	1			0	1
KRT6A	1	CTD	1			0	1
KRT7	1	CTD	1			1	0
KRT79	1	CTD	1			0	1
KRTAP13-2	1	CTD	1			1	0
KRTAP5-8	1	CTD	1			0	1
KYNU	1	CTD	1			0	1
LACC1	1	CTD	1			1	0
LAMA5	1	CTD	1			0	1
LAMB2	1	CTD	1			0	1
LAMC2	1	CTD	1			0	1
LAMP3	1	CTD	1			1	0
LAMP5	1	CTD	1			0	1
LAMTOR1	1	CTD	1			1	0
LAP3	1	CTD	1			1	0
LARS2	1	CTD	1			1	0
LASP1	1	CTD	1			0	1
LAT	1	CTD	1			0	1
LBP	1	CTD	1			0	0
LCE3C	1	CTD	1			1	0
LCMT2	1	CTD	1			0	1
LDHA	1	CTD	1			0	1
LEMD1	1	CTD	1			0	1
LEPR	1	CTD	1			1	0
LGALS1	1	CTD	1			1	0
LGALS3BP	1	CTD	1			0	1
LGALS7B	1	CTD	1			0	1
LGALS8	1	CTD	1			0	1
LGALS9C	1	CTD	1			0	1
LIF	1	CTD	1			1	0
LIFR	1	CTD	1			1	0
LILRB2	1	CTD	1			0	1
LIN7B	1	CTD	1			1	0
LINC00052	1	CTD	1			0	0
LINC00589	1	CTD	1			1	0
LINC01013	1	CTD	1			0	1
LINC01093	1	CTD	1			1	0
LINC01213	1	CTD	1			0	0
LINC01224	1	CTD	1			0	1
LINC01962	1	CTD	1			0	1
LINC02693	1	CTD	1			1	0
LINC02947	1	CTD	1			0	1
LINC03016	1	CTD	1			1	0
LINC03040	1	CTD	1			1	0
LINC-PINT	1	CTD	1			1	0
LIPC	1	CTD	1			0	1
LIPG	1	CTD	1			1	0
LMBRD1	1	CTD	1			1	0
LMF2	1	CTD	1			0	1
LMNTD1	1	CTD	1			0	0
LMO2	1	CTD	1			1	0
LONP1	1	CTD	1			0	1
LOX	1	CTD	1			1	0
LRMDA	1	CTD	1			1	0
LRP1	1	CTD	1			1	0
LRR1	1	CTD	1			0	1
LRRC23	1	CTD	1			0	1
LRRC25	1	CTD	1			1	0
LRRC31	1	CTD	1			1	0
LRRC47	1	CTD	1			0	1
LRRC49	1	CTD	1			1	0
LRRK1	1	CTD	1			1	0
LRRN1	1	CTD	1			1	0
LTB	1	CTD	1			0	1
LTB4R2	1	CTD	1			0	1
LTBP1	1	CTD	1			1	0
LTK	1	CTD	1			1	0
LY6E	1	CTD	1			1	0
LY6S-AS1	1	CTD	1			1	0
LY9	1	CTD	1			1	0
LYPLA1	1	CTD	1			1	0
LYRM1	1	CTD	1			1	0
LYRM9	1	CTD	1			1	0
M6PR	1	CTD	1			0	1
MACROD1	1	CTD	1			1	0
MAD1L1	1	CTD	1			0	1
MAD2L1	1	CTD	1			0	1
MAFF	1	CTD	1			1	0
MAGEA8	1	CTD	1			1	0
MAGEE1	1	CTD	1			0	1
MAGI1	1	CTD	1			0	0
MAGI2	1	CTD	1			1	0
MAIP1	1	CTD	1			0	1
MAP1B	1	CTD	1			1	0
MAP1LC3A	1	CTD	1			1	0
MAP1S	1	CTD	1			0	1
MAP3K13	1	CTD	1			1	0
MAP3K14	1	CTD	1			0	1
MAP3K9	1	CTD	1			1	0
MAP4K1	1	CTD	1			0	1
MARVELD3	1	CTD	1			1	0
MAT2A	1	CTD	1			0	1
MAZ	1	CTD	1			0	1
MB	1	CTD	1			1	0
MBD3L1	1	CTD	1			0	1
MBL2	1	CTD	1			1	0
MCAT	1	CTD	1			1	0
MCCC1	1	CTD	1			1	0
MCM10	1	CTD	1			0	1
MCM3	1	CTD	1			0	1
MCM4	1	CTD	1			0	1
MCM5	1	CTD	1			0	1
MCMDC2	1	CTD	1			1	0
MCRIP1	1	CTD	1			0	1
MCU	1	CTD	1			0	1
MDFI	1	CTD	1			0	1
MDK	1	CTD	1			1	0
ME1	1	CTD	1			0	0
ME2	1	CTD	1			1	0
MEI1	1	CTD	1			1	0
MERTK	1	CTD	1			1	0
MESP1	1	CTD	1			0	1
METTL4	1	CTD	1			0	1
MFAP4	1	CTD	1			1	0
MFF	1	CTD	1			1	0
MFN1	1	CTD	1			1	0
MFN2	1	CTD	1			1	0
MFSD8	1	CTD	1			0	1
MGST3	1	CTD	1			1	0
MIMS2	1	CTD	1			0	0
MINPP1	1	CTD	1			0	1
MIR153-2	1	CTD	1			0	1
MIR17HG	1	CTD	1			0	1
MIR210HG	1	CTD	1			0	1
MIR217	1	CTD	1			1	0
MIR30A	1	CTD	1			0	1
MIR3119-1	1	CTD	1			1	0
MIR3201	1	CTD	1			0	1
MIR4310	1	CTD	1			0	1
MIR4451	1	CTD	1			0	1
MIR635	1	CTD	1			1	0
MIR7-3HG	1	CTD	1			1	0
MIRLET7BHG	1	CTD	1			0	1
MIX23	1	CTD	1			1	0
MKKS	1	CTD	1			1	0
MLLT11	1	CTD	1			1	0
MLLT3	1	CTD	1			1	0
MMD	1	CTD	1			1	0
MMD2	1	CTD	1			1	0
MMP11	1	CTD	1			0	1
MNS1	1	CTD	1			0	1
MORF4L1	1	CTD	1			0	1
MPEG1	1	CTD	1			0	1
MPP7	1	CTD	1			0	1
MPRIP	1	CTD	1			0	1
MPST	1	CTD	1			1	0
MPZ	1	CTD	1			1	0
MRM1	1	CTD	1			1	0
MRO	1	CTD	1			0	1
MRPL1	1	CTD	1			1	0
MRPL3	1	CTD	1			0	1
MRPL4	1	CTD	1			0	1
MRPL42	1	CTD	1			0	1
MRPL46	1	CTD	1			1	0
MRPS26	1	CTD	1			1	0
MSH2-OT1	1	CTD	1			1	0
MSH6	1	CTD	1			0	1
MSMO1	1	CTD	1			1	0
MT1H	1	CTD	1			0	1
MT1L	1	CTD	1			1	0
MTARC2	1	CTD	1			0	1
MTATP8P2	1	CTD	1			0	1
MTCH1	1	CTD	1			1	0
MTFP1	1	CTD	1			0	1
MTG1	1	CTD	1			0	1
MTHFD1L	1	CTD	1			1	0
MTHFD2	1	CTD	1			1	0
MTREX	1	CTD	1			0	1
MT-RNR1	1	CTD	1			0	1
MT-RNR2	1	CTD	1			0	1
MTRNR2L1	1	CTD	1			0	1
MTRNR2L12	1	CTD	1			0	1
MTRNR2L8	1	CTD	1			0	1
MTX1	1	CTD	1			1	0
MTX3	1	CTD	1			1	0
MUC4	1	CTD	1			1	0
MVB12B	1	CTD	1			1	0
MVK	1	CTD	1			1	0
MX1	1	CTD	1			0	1
MX2	1	CTD	1			0	1
MXD3	1	CTD	1			0	1
MYBL1	1	CTD	1			0	1
MYC	1	CTD	1			0	1
MYCL	1	CTD	1			1	0
MYH7	1	CTD	1			0	1
MYL10	1	CTD	1			0	1
MYL9	1	CTD	1			0	1
MYO19	1	CTD	1			1	0
MYO1B	1	CTD	1			0	0
MYO1D	1	CTD	1			1	0
MYRFL	1	CTD	1			1	0
MZB1	1	CTD	1			0	1
NAA30	1	CTD	1			1	0
NAALAD2	1	CTD	1			0	1
NANS	1	CTD	1			0	1
NAPA	1	CTD	1			0	1
NARS2	1	CTD	1			1	0
NCAPD2	1	CTD	1			0	1
NCKAP1	1	CTD	1			1	0
NCOA5	1	CTD	1			0	1
NCOR2	1	CTD	1			0	1
NCR3LG1	1	CTD	1			1	0
ND3	1	CTD	1			0	1
NDC80	1	CTD	1			0	1
NDRG1	1	CTD	1			1	0
NDUFA10	1	CTD	1			0	1
NDUFA12	1	CTD	1			0	1
NDUFA13	1	CTD	1			0	1
NDUFA2	1	CTD	1			0	1
NDUFA5	1	CTD	1			1	0
NDUFA6	1	CTD	1			0	1
NDUFA7	1	CTD	1			0	1
NDUFA9	1	CTD	1			0	1
NDUFAB1	1	CTD	1			0	1
NDUFAF2	1	CTD	1			0	1
NDUFAF4	1	CTD	1			0	1
NDUFAF5	1	CTD	1			1	0
NDUFB1	1	CTD	1			0	1
NDUFB10	1	CTD	1			0	1
NDUFB11	1	CTD	1			0	1
NDUFB9	1	CTD	1			0	1
NDUFS2	1	CTD	1			0	1
NDUFS4	1	CTD	1			0	1
NDUFS5	1	CTD	1			0	1
NDUFS6	1	CTD	1			0	1
NDUFS7	1	CTD	1			0	1
NEDD9	1	CTD	1			1	0
NELL2	1	CTD	1			0	1
NEU1	1	CTD	1			0	1
NEXMIF	1	CTD	1			1	0
NFAM1	1	CTD	1			1	0
NFATC1	1	CTD	1			0	1
NFATC3	1	CTD	1			0	1
NFE2L2	1	CTD	1			0	1
NFIL3	1	CTD	1			1	0
NFKB1	1	CTD	1			0	1
NFKBIE	1	CTD	1			0	1
NFS1	1	CTD	1			0	1
NFU1	1	CTD	1			0	1
NFXL1	1	CTD	1			1	0
NIBAN1	1	CTD	1			1	0
NIBAN2	1	CTD	1			0	1
NID1	1	CTD	1			0	1
NIPSNAP1	1	CTD	1			1	0
NIPSNAP3A	1	CTD	1			1	0
NISCH	1	CTD	1			0	1
NKX1-2	1	CTD	1			0	1
NKX6-2	1	CTD	1			0	0
NLN	1	CTD	1			1	0
NLRC5	1	CTD	1			0	1
NLRP3	1	CTD	1			1	0
NME1	1	CTD	1			0	1
NOL3	1	CTD	1			1	0
NOL4	1	CTD	1			0	1
NOL6	1	CTD	1			0	1
NOL7	1	CTD	1			1	0
NOL9	1	CTD	1			0	1
NOX3	1	CTD	1			1	0
NOX4	1	CTD	1			0	0
NOXRED1	1	CTD	1			1	0
NPC1L1	1	CTD	1			0	1
NPC2	1	CTD	1			0	1
NPEPPS	1	CTD	1			1	0
NPIPB2	1	CTD	1			1	0
NPL	1	CTD	1			1	0
NR0B2	1	CTD	1			0	1
NRAV	1	CTD	1			0	1
NRG1	1	CTD	1			0	1
NRGN	1	CTD	1			0	0
NRM	1	CTD	1			0	1
NSD1	1	CTD	1			0	1
NSDHL	1	CTD	1			1	0
NSUN2	1	CTD	1			0	1
NT5C	1	CTD	1			0	1
NT5DC3	1	CTD	1			1	0
NTF3	1	CTD	1			0	1
NUBP2	1	CTD	1			0	1
NUBPL	1	CTD	1			1	0
NUDC	1	CTD	1			0	0
NUDCD3	1	CTD	1			0	1
NUDT1	1	CTD	1			0	1
NUFIP1	1	CTD	1			0	1
NUMA1	1	CTD	1			0	1
NUPR1	1	CTD	1			0	1
NXF2	1	CTD	1			1	0
OAS1	1	CTD	1			0	1
OAS2	1	CTD	1			0	1
OAS3	1	CTD	1			0	1
OCIAD1	1	CTD	1			1	0
OCIAD2	1	CTD	1			1	0
ODAD2	1	CTD	1			1	0
ODF2	1	CTD	1			0	1
OGDH	1	CTD	1			1	0
OIP5	1	CTD	1			0	1
OLFM1	1	CTD	1			0	0
OLFML2B	1	CTD	1			1	0
OLIG3	1	CTD	1			1	0
OPA1	1	CTD	1			1	0
OPLAH	1	CTD	1			1	0
OPN5	1	CTD	1			0	0
OPRPN	1	CTD	1			0	1
OR5AK2	1	CTD	1			1	0
ORM1	1	CTD	1			0	1
OSBPL11	1	CTD	1			0	1
OSCAR	1	CTD	1			1	0
OSGIN1	1	CTD	1			1	0
OSR2	1	CTD	1			0	1
OXA1L	1	CTD	1			0	1
OXNAD1	1	CTD	1			1	0
P2RX1	1	CTD	1			1	0
P2RY10	1	CTD	1			0	1
P2RY8	1	CTD	1			0	1
P3H1	1	CTD	1			0	1
P3H3	1	CTD	1			0	1
P4HA1	1	CTD	1			0	1
P4HA2	1	CTD	1			0	1
PACS2	1	CTD	1			0	1
PAFAH1B1	1	CTD	1			0	1
PAFAH1B2	1	CTD	1			1	0
PAFAH1B3	1	CTD	1			0	1
PAG1	1	CTD	1			1	0
PAPPA2	1	CTD	1			1	0
PAPPA-AS2	1	CTD	1			1	0
PAR1	1	CTD	1			0	1
PARL	1	CTD	1			1	0
PAWR	1	CTD	1			1	0
PBK	1	CTD	1			0	1
PBXIP1	1	CTD	1			0	1
PCCB	1	CTD	1			1	0
PCDHB15	1	CTD	1			1	0
PCDHB16	1	CTD	1			1	0
PCK2	1	CTD	1			1	0
PCLO	1	CTD	1			1	0
PCMT1	1	CTD	1			1	0
PCSK4	1	CTD	1			0	1
PCSK9	1	CTD	1			0	1
PCYT1A	1	CTD	1			0	1
PDCD10	1	CTD	1			0	1
PDE12	1	CTD	1			1	0
PDE6C	1	CTD	1			1	0
PDHA1	1	CTD	1			1	0
PDIA3	1	CTD	1			0	1
PDLIM7	1	CTD	1			1	0
PDS5B	1	CTD	1			0	1
PDZD7	1	CTD	1			1	0
PDZD8	1	CTD	1			0	1
PDZK1	1	CTD	1			0	0
PDZK1IP1	1	CTD	1			1	0
PEBP1	1	CTD	1			0	1
PEG10	1	CTD	1			0	1
PEG3	1	CTD	1			0	1
PER3	1	CTD	1			1	0
PEX11A	1	CTD	1			1	0
PFN2	1	CTD	1			1	0
PGAM1	1	CTD	1			0	1
PGRMC1	1	CTD	1			0	1
PHGDH	1	CTD	1			1	0
PHKA2	1	CTD	1			1	0
PHLDA1	1	CTD	1			1	0
PID1	1	CTD	1			0	1
PIGM	1	CTD	1			0	1
PIGT	1	CTD	1			0	1
PIGU	1	CTD	1			0	1
PIGY	1	CTD	1			1	0
PIK3C2A	1	CTD	1			1	0
PIK3C2B	1	CTD	1			0	1
PIK3C3	1	CTD	1			1	0
PIP4K2B	1	CTD	1			0	1
PIP4P1	1	CTD	1			1	0
PIP5KL1	1	CTD	1			1	0
PIPOX	1	CTD	1			0	1
PISD	1	CTD	1			0	1
PITPNM2	1	CTD	1			0	1
PITRM1	1	CTD	1			1	0
PKD1	1	CTD	1			1	0
PKLR	1	CTD	1			0	1
PKMYT1	1	CTD	1			0	1
PKP3	1	CTD	1			1	0
PLA2G12B	1	CTD	1			0	1
PLCD3	1	CTD	1			0	1
PLCE1	1	CTD	1			1	0
PLEKHG4B	1	CTD	1			0	1
PLIN4	1	CTD	1			1	0
PLK4	1	CTD	1			0	1
PLOD1	1	CTD	1			0	1
PLPP3	1	CTD	1			0	1
PLS1	1	CTD	1			0	1
PLSCR1	1	CTD	1			0	1
PLXNA1	1	CTD	1			1	0
PLXNA4	1	CTD	1			1	0
PLXNB2	1	CTD	1			0	1
PMCH	1	CTD	1			0	0
PMVK	1	CTD	1			1	0
PNKD	1	CTD	1			0	1
PNPLA3	1	CTD	1			0	1
PNPLA8	1	CTD	1			1	0
PNPT1	1	CTD	1			1	0
POC1A	1	CTD	1			0	1
POFUT4	1	CTD	1			0	1
POLQ	1	CTD	1			0	1
POLR1B	1	CTD	1			0	1
POLR1G	1	CTD	1			0	1
POLR3H	1	CTD	1			0	1
POLRMT	1	CTD	1			0	1
POP1	1	CTD	1			0	1
POU3F1	1	CTD	1			0	0
POU5F1	1	CTD	1			0	0
PPA2	1	CTD	1			1	0
PPIF	1	CTD	1			1	0
PPIL6	1	CTD	1			1	0
PPM1E	1	CTD	1			0	0
PPM1L	1	CTD	1			1	0
PPP1R12C	1	CTD	1			0	1
PPP1R14B	1	CTD	1			0	1
PPP1R15A	1	CTD	1			1	0
PPP2R3A	1	CTD	1			1	0
PRAME	1	CTD	1			1	0
PRAMEF10	1	CTD	1			1	0
PRB2	1	CTD	1			1	0
PRDX6	1	CTD	1			1	0
PRELID3A	1	CTD	1			1	0
PRKD2	1	CTD	1			0	1
PRMT5	1	CTD	1			0	1
PROS1	1	CTD	1			0	1
PRPF3	1	CTD	1			0	1
PRPF6	1	CTD	1			0	1
PRRC1	1	CTD	1			0	1
PRSS23	1	CTD	1			0	0
PRSS36	1	CTD	1			0	1
PRTG	1	CTD	1			1	0
PSAT1	1	CTD	1			1	0
PSMC3	1	CTD	1			0	1
PSMD2	1	CTD	1			1	0
PSPC1	1	CTD	1			0	1
PTEN	1	CTD	1			1	0
PTGES2	1	CTD	1			1	0
PTGFRN	1	CTD	1			0	1
PTGR1	1	CTD	1			1	0
PTK2B	1	CTD	1			1	0
PTK6	1	CTD	1			0	1
PTP4A1	1	CTD	1			0	0
PTPDC1	1	CTD	1			1	0
PTPRU	1	CTD	1			0	0
PTTG1	1	CTD	1			0	1
PTX	1	CTD	1			1	0
PUS1	1	CTD	1			1	0
PVR	1	CTD	1			1	0
PXN	1	CTD	1			0	0
PYCR2	1	CTD	1			1	0
PYGB	1	CTD	1			1	0
PYGM	1	CTD	1			0	1
PYY	1	CTD	1			0	0
QARS1	1	CTD	1			0	1
QNG1	1	CTD	1			1	0
RAB11FIP4	1	CTD	1			0	1
RAB13	1	CTD	1			0	1
RAB1B	1	CTD	1			0	1
RAB24	1	CTD	1			1	0
RAB27A	1	CTD	1			1	0
RAB3D	1	CTD	1			1	0
RAB3IP	1	CTD	1			1	0
RAB8B	1	CTD	1			0	1
RAB9A	1	CTD	1			1	0
RABAC1	1	CTD	1			0	1
RABL6	1	CTD	1			0	1
RACK1	1	CTD	1			0	1
RAD23B	1	CTD	1			1	0
RAD51	1	CTD	1			0	1
RAD51AP1	1	CTD	1			0	1
RAD54L	1	CTD	1			0	1
RAG1	1	CTD	1			0	1
RAG2	1	CTD	1			0	1
RAP2B	1	CTD	1			1	0
RARRES1	1	CTD	1			1	0
RARRES2	1	CTD	1			0	1
RASGRP1	1	CTD	1			1	0
RASGRP2	1	CTD	1			0	1
RASL10B	1	CTD	1			0	1
RASSF6	1	CTD	1			0	1
RB1	1	CTD	1			0	1
RBBP4	1	CTD	1			0	1
RBBP7	1	CTD	1			0	1
RBM14	1	CTD	1			0	1
RBM26-AS1	1	CTD	1			1	0
RBM41	1	CTD	1			0	1
RCC1	1	CTD	1			0	1
RCN2	1	CTD	1			0	1
RCOR1	1	CTD	1			0	1
RECQL4	1	CTD	1			0	1
REEP4	1	CTD	1			0	1
REEP6	1	CTD	1			0	1
REG4	1	CTD	1			1	0
RENBP	1	CTD	1			1	0
RETN	1	CTD	1			0	1
RETREG2	1	CTD	1			0	1
RETREG3	1	CTD	1			0	1
RETSAT	1	CTD	1			0	1
REXO2	1	CTD	1			1	0
RFC1	1	CTD	1			0	1
RFC2	1	CTD	1			0	1
RFC5	1	CTD	1			0	1
RFESD	1	CTD	1			1	0
RFFL	1	CTD	1			1	0
RFPL4A	1	CTD	1			0	0
RGCC	1	CTD	1			1	0
RGMB	1	CTD	1			1	0
RGS11	1	CTD	1			1	0
RGS13	1	CTD	1			0	1
RGS3	1	CTD	1			1	0
RHOBTB2	1	CTD	1			0	0
RHOXF2B	1	CTD	1			1	0
RIBC2	1	CTD	1			1	0
RILPL2	1	CTD	1			0	0
RIMBP3	1	CTD	1			1	0
RIMBP3C	1	CTD	1			0	0
RIN3	1	CTD	1			0	1
RIOX1	1	CTD	1			0	1
RMDN1	1	CTD	1			1	0
RMDN3	1	CTD	1			1	0
RN7SL1	1	CTD	1			1	0
RN7SL2	1	CTD	1			0	1
RNASE3	1	CTD	1			0	0
RNASEH2A	1	CTD	1			0	0
RND3	1	CTD	1			1	0
RNF125	1	CTD	1			0	1
RNF187	1	CTD	1			0	1
RNF207	1	CTD	1			0	1
RNR1	1	CTD	1			1	0
RNU4-1	1	CTD	1			1	0
ROCK1P1	1	CTD	1			1	0
ROR2	1	CTD	1			1	0
RP2	1	CTD	1			0	1
RPA1	1	CTD	1			0	1
RPA3	1	CTD	1			0	1
RPL10L	1	CTD	1			0	1
RPL14	1	CTD	1			1	0
RPL17	1	CTD	1			1	0
RPL18	1	CTD	1			1	0
RPL23A	1	CTD	1			1	0
RPL24	1	CTD	1			1	0
RPL28	1	CTD	1			0	1
RPL29	1	CTD	1			1	0
RPL3	1	CTD	1			0	1
RPL32	1	CTD	1			1	0
RPL34	1	CTD	1			1	0
RPL36A	1	CTD	1			1	0
RPL4	1	CTD	1			1	0
RPL6	1	CTD	1			1	0
RPLP0	1	CTD	1			0	1
RPLP0P2	1	CTD	1			1	0
RPS10	1	CTD	1			0	1
RPS13	1	CTD	1			0	1
RPS17	1	CTD	1			0	1
RPS19	1	CTD	1			0	1
RPS2	1	CTD	1			0	1
RPS20	1	CTD	1			0	1
RPS21	1	CTD	1			0	1
RPS25	1	CTD	1			0	1
RPS28	1	CTD	1			0	1
RPS2P32	1	CTD	1			0	1
RPS3	1	CTD	1			0	1
RPS3A	1	CTD	1			0	1
RPS6	1	CTD	1			1	0
RPS6KL1	1	CTD	1			1	0
RPSA	1	CTD	1			0	1
RPUSD4	1	CTD	1			0	1
RRAD	1	CTD	1			1	0
RRM1	1	CTD	1			0	1
RRM2	1	CTD	1			0	1
RRP12	1	CTD	1			1	0
RTF2	1	CTD	1			1	0
RTKN2	1	CTD	1			0	1
RTN4	1	CTD	1			0	1
RUBCNL	1	CTD	1			0	1
RYR2	1	CTD	1			1	0
S100A13	1	CTD	1			1	0
S100A4	1	CTD	1			0	1
S100B	1	CTD	1			1	0
S100P	1	CTD	1			1	0
SAA1	1	CTD	1			1	0
SAA2	1	CTD	1			1	0
SAC3D1	1	CTD	1			0	1
SACK1D	1	CTD	1			0	1
SAFB	1	CTD	1			0	1
SAMD9	1	CTD	1			0	1
SAP25	1	CTD	1			0	0
SAR1A	1	CTD	1			0	1
SBDS	1	CTD	1			1	0
SBF1	1	CTD	1			0	1
SCAMP5	1	CTD	1			0	1
SCARB1	1	CTD	1			0	1
SCAT1	1	CTD	1			0	1
SCN1A	1	CTD	1			1	0
SCO1	1	CTD	1			1	0
SCRN2	1	CTD	1			0	1
SCT	1	CTD	1			0	0
SCYL1	1	CTD	1			0	1
SDC1	1	CTD	1			1	0
SDC2	1	CTD	1			0	1
SDC3	1	CTD	1			1	0
SDF4	1	CTD	1			0	1
SDHB	1	CTD	1			0	1
SDK2	1	CTD	1			0	0
SDR9C7	1	CTD	1			0	0
SEC13	1	CTD	1			0	1
SEC23IP	1	CTD	1			0	1
SEC24A	1	CTD	1			0	1
SEC31A	1	CTD	1			0	1
SECTM1	1	CTD	1			0	1
SEMA3F	1	CTD	1			0	1
SEMA6A	1	CTD	1			0	1
SENP3	1	CTD	1			0	1
SEPTIN9	1	CTD	1			0	1
SERAC1	1	CTD	1			0	1
SERPINB1	1	CTD	1			0	0
SERPINB10	1	CTD	1			1	0
SERPINB2	1	CTD	1			1	0
SERPINB6	1	CTD	1			1	0
SERPINF1	1	CTD	1			0	1
SERTAD4	1	CTD	1			1	0
SESN2	1	CTD	1			1	0
SET	1	CTD	1			0	1
SETBP1	1	CTD	1			0	1
SETMAR	1	CTD	1			1	0
SF3B1	1	CTD	1			0	1
SF3B3	1	CTD	1			0	1
SFI1	1	CTD	1			0	1
SFMBT2	1	CTD	1			0	1
SGK3	1	CTD	1			1	0
SGO1	1	CTD	1			1	0
SGPL1	1	CTD	1			0	1
SGTA	1	CTD	1			1	0
SGTB	1	CTD	1			1	0
SH3BGRL2	1	CTD	1			1	0
SH3BP2	1	CTD	1			1	0
SH3GLB1	1	CTD	1			1	0
SH3YL1	1	CTD	1			0	0
SHC4	1	CTD	1			1	0
SHH	1	CTD	1			0	1
SHQ1	1	CTD	1			0	1
SIAH2	1	CTD	1			0	0
SIGLEC14	1	CTD	1			0	0
SIN3A	1	CTD	1			0	1
SIX5	1	CTD	1			0	1
SKA3	1	CTD	1			0	1
SKIL	1	CTD	1			1	0
SLC10A2	1	CTD	1			0	0
SLC11A1	1	CTD	1			1	0
SLC12A6	1	CTD	1			1	0
SLC16A13	1	CTD	1			1	0
SLC16A4	1	CTD	1			1	0
SLC16A6	1	CTD	1			1	0
SLC17A8	1	CTD	1			0	0
SLC19A2	1	CTD	1			0	1
SLC19A3	1	CTD	1			0	1
SLC1A2	1	CTD	1			1	0
SLC22A1	1	CTD	1			1	0
SLC22A10	1	CTD	1			0	1
SLC22A19	1	CTD	1			0	1
SLC22A2	1	CTD	1			0	0
SLC22A4	1	CTD	1			1	0
SLC22A8	1	CTD	1			0	0
SLC25A1	1	CTD	1			1	0
SLC25A11	1	CTD	1			1	0
SLC25A13	1	CTD	1			0	1
SLC25A19	1	CTD	1			0	1
SLC25A20	1	CTD	1			1	0
SLC25A22	1	CTD	1			1	0
SLC25A24	1	CTD	1			1	0
SLC25A29	1	CTD	1			0	1
SLC25A30	1	CTD	1			1	0
SLC25A34	1	CTD	1			1	0
SLC25A4	1	CTD	1			1	0
SLC25A47	1	CTD	1			1	0
SLC25A6	1	CTD	1			0	1
SLC26A11	1	CTD	1			1	0
SLC26A7	1	CTD	1			1	0
SLC27A1	1	CTD	1			0	1
SLC27A2	1	CTD	1			1	0
SLC27A5	1	CTD	1			1	0
SLC28A2-AS1	1	CTD	1			1	0
SLC2A1	1	CTD	1			0	1
SLC2A12	1	CTD	1			0	1
SLC2A3	1	CTD	1			0	1
SLC33A1	1	CTD	1			1	0
SLC35B2	1	CTD	1			0	1
SLC35C1	1	CTD	1			0	0
SLC35E3	1	CTD	1			0	1
SLC35F3	1	CTD	1			0	1
SLC37A1	1	CTD	1			0	1
SLC38A2	1	CTD	1			0	1
SLC3A2	1	CTD	1			0	0
SLC41A2	1	CTD	1			1	0
SLC43A3	1	CTD	1			0	1
SLC4A7	1	CTD	1			1	0
SLC51B	1	CTD	1			1	0
SLC5A6	1	CTD	1			0	1
SLC6A15	1	CTD	1			1	0
SLC6A17	1	CTD	1			1	0
SLC6A6	1	CTD	1			0	1
SLC7A11	1	CTD	1			1	0
SLC7A5	1	CTD	1			0	0
SLCO2A1	1	CTD	1			1	0
SLCO4A1	1	CTD	1			0	1
SLFN5	1	CTD	1			1	0
SLFNL1	1	CTD	1			0	1
SLMAP	1	CTD	1			0	1
SMAD3	1	CTD	1			0	1
SMC1A	1	CTD	1			0	1
SMC2	1	CTD	1			0	1
SMC2-DT	1	CTD	1			1	0
SMCR2	1	CTD	1			0	0
SMG1P3	1	CTD	1			1	0
SMIM20	1	CTD	1			1	0
SMPD2	1	CTD	1			0	1
SNAI1	1	CTD	1			0	1
SNAI2	1	CTD	1			0	1
SNHG1	1	CTD	1			0	1
SNORA2B	1	CTD	1			0	1
SNORA73B	1	CTD	1			1	0
SNORD3A	1	CTD	1			0	0
SNORD49B	1	CTD	1			0	1
SNRPA1	1	CTD	1			0	1
SNRPC	1	CTD	1			0	1
SNRPD2	1	CTD	1			0	1
SNRPD3	1	CTD	1			0	1
SNRPN	1	CTD	1			0	1
SNX1	1	CTD	1			0	1
SNX22	1	CTD	1			0	1
SNX3	1	CTD	1			0	1
SNX4	1	CTD	1			1	0
SORBS1	1	CTD	1			0	1
SORT1	1	CTD	1			0	1
SOX1-OT	1	CTD	1			0	1
SPA17	1	CTD	1			0	1
SPATA20	1	CTD	1			1	0
SPC24	1	CTD	1			0	1
SPC25	1	CTD	1			0	1
SPERT	1	CTD	1			1	0
SPG7	1	CTD	1			0	1
SPHK1	1	CTD	1			0	1
SPNS3	1	CTD	1			1	0
SPON2	1	CTD	1			1	0
SPP1	1	CTD	1			0	0
SPP2	1	CTD	1			0	1
SPRED1	1	CTD	1			1	0
SPRY4	1	CTD	1			1	0
SPRYD4	1	CTD	1			1	0
SPTLC1	1	CTD	1			0	1
SPTLC2	1	CTD	1			0	1
SPX	1	CTD	1			1	0
SQOR	1	CTD	1			0	1
SREBF2	1	CTD	1			0	1
SRGAP3	1	CTD	1			1	0
SRP72	1	CTD	1			0	1
SRP72P2	1	CTD	1			1	0
SRP9	1	CTD	1			0	1
SRPRB	1	CTD	1			0	0
SRSF1	1	CTD	1			0	1
SRSF9	1	CTD	1			0	1
SSBP4	1	CTD	1			0	1
SSR2	1	CTD	1			0	1
SSRP1	1	CTD	1			0	1
STAB1	1	CTD	1			0	1
STAG3	1	CTD	1			1	0
STAM	1	CTD	1			1	0
STAR	1	CTD	1			0	0
STC2	1	CTD	1			1	0
STIP1	1	CTD	1			0	1
STKLD1	1	CTD	1			1	0
STOML2	1	CTD	1			1	0
STON2	1	CTD	1			1	0
STRAP	1	CTD	1			0	1
STT3B	1	CTD	1			0	1
STUM	1	CTD	1			0	1
STX18	1	CTD	1			1	0
STX4	1	CTD	1			1	0
STX7	1	CTD	1			1	0
SUCLA2-AS1	1	CTD	1			0	1
SUCLG1	1	CTD	1			1	0
SUCLG2-DT	1	CTD	1			1	0
SULT1B1	1	CTD	1			1	0
SUMO2	1	CTD	1			1	0
SUN2	1	CTD	1			0	1
SUOX	1	CTD	1			0	1
SURF6	1	CTD	1			0	1
SUSD2	1	CTD	1			0	0
SUSD4	1	CTD	1			0	1
SUV39H1	1	CTD	1			0	1
SUV39H2	1	CTD	1			0	1
SYMPK	1	CTD	1			0	1
SYNJ2BP	1	CTD	1			1	0
SYT14	1	CTD	1			0	0
SYT7	1	CTD	1			0	1
SYTL1	1	CTD	1			1	0
SYTL2	1	CTD	1			0	1
SYTL5	1	CTD	1			0	0
TACC1	1	CTD	1			0	1
TAF5	1	CTD	1			0	1
TAP1	1	CTD	1			0	1
TARS1	1	CTD	1			1	0
TAS2R50	1	CTD	1			0	1
TAS2R8	1	CTD	1			1	0
TBC1D10B	1	CTD	1			0	1
TBC1D10C	1	CTD	1			0	1
TBPL1	1	CTD	1			1	0
TCAF2C	1	CTD	1			0	1
TCEA1	1	CTD	1			1	0
TCEA3	1	CTD	1			0	1
TCHP	1	CTD	1			0	1
TCIRG1	1	CTD	1			0	1
TCL1A	1	CTD	1			0	1
TDRKH	1	CTD	1			1	0
TDRKH-AS1	1	CTD	1			1	0
TECR	1	CTD	1			0	1
TEDC2	1	CTD	1			0	1
TELO2	1	CTD	1			0	1
TEN1	1	CTD	1			0	0
TENM3	1	CTD	1			0	1
TET2	1	CTD	1			0	0
TEX264	1	CTD	1			0	1
TFB2M	1	CTD	1			1	0
TFDP1	1	CTD	1			0	0
TFF1	1	CTD	1			0	0
TFRC	1	CTD	1			0	1
TG	1	CTD	1			1	0
TGFB1	1	CTD	1			0	1
TGFBR2	1	CTD	1			0	1
TGFBR3	1	CTD	1			0	1
TGIF2	1	CTD	1			0	1
THBS2	1	CTD	1			0	1
THEM4	1	CTD	1			1	0
THEM6	1	CTD	1			0	1
THNSL1	1	CTD	1			1	0
THOC6	1	CTD	1			1	0
THOC7	1	CTD	1			1	0
THOP1	1	CTD	1			0	1
TICRR	1	CTD	1			0	1
TIMM10	1	CTD	1			1	0
TIMM13	1	CTD	1			1	0
TIMM23	1	CTD	1			1	0
TIMM50	1	CTD	1			1	0
TIMM8B	1	CTD	1			1	0
TIMM9	1	CTD	1			1	0
TIMP2	1	CTD	1			1	0
TIMP3	1	CTD	1			0	0
TIPARP	1	CTD	1			0	0
TJAP1	1	CTD	1			1	0
TK2	1	CTD	1			1	0
TLR3	1	CTD	1			0	1
TLR4	1	CTD	1			0	1
TLR6	1	CTD	1			0	1
TMA7	1	CTD	1			0	1
TMCC2	1	CTD	1			0	1
TMCC3	1	CTD	1			1	0
TMCO6	1	CTD	1			0	1
TMEM11	1	CTD	1			1	0
TMEM121B	1	CTD	1			1	0
TMEM123-DT	1	CTD	1			1	0
TMEM138	1	CTD	1			0	1
TMEM14C	1	CTD	1			1	0
TMEM154	1	CTD	1			1	0
TMEM177	1	CTD	1			0	1
TMEM191A	1	CTD	1			1	0
TMEM192	1	CTD	1			1	0
TMEM198	1	CTD	1			1	0
TMEM214	1	CTD	1			0	1
TMEM230	1	CTD	1			1	0
TMEM236	1	CTD	1			0	1
TMEM272	1	CTD	1			1	0
TMEM41A	1	CTD	1			0	1
TMEM52B	1	CTD	1			0	1
TMEM87B	1	CTD	1			1	0
TMPO	1	CTD	1			0	1
TMPRSS3	1	CTD	1			1	0
TMT1A	1	CTD	1			0	1
TMTC1	1	CTD	1			1	0
TMX2	1	CTD	1			0	1
TNC	1	CTD	1			1	0
TNFRSF10A	1	CTD	1			1	0
TNFRSF10B	1	CTD	1			1	0
TNFRSF21	1	CTD	1			1	0
TNFRSF9	1	CTD	1			1	0
TNFSF15	1	CTD	1			1	0
TNFSF4	1	CTD	1			1	0
TNR	1	CTD	1			0	0
TNS1	1	CTD	1			0	1
TNS3	1	CTD	1			0	1
TOMM34	1	CTD	1			1	0
TOMM40	1	CTD	1			1	0
TOP2A	1	CTD	1			0	1
TP53INP2	1	CTD	1			0	1
TP63	1	CTD	1			0	1
TPBG	1	CTD	1			1	0
TPD52L1	1	CTD	1			1	0
TPD52L3	1	CTD	1			1	0
TPH2	1	CTD	1			0	0
TPK1	1	CTD	1			1	0
TPM2	1	CTD	1			0	1
TPMT	1	CTD	1			0	1
TPX2	1	CTD	1			0	1
TRA2B	1	CTD	1			0	1
TRABD	1	CTD	1			1	0
TRAM2	1	CTD	1			0	1
TRDN	1	CTD	1			1	0
TREM1	1	CTD	1			0	0
TREML2	1	CTD	1			1	0
TRIB1	1	CTD	1			0	1
TRIB3	1	CTD	1			1	0
TRIM2	1	CTD	1			1	0
TRIM29	1	CTD	1			0	1
TRIM31	1	CTD	1			1	0
TRIM42	1	CTD	1			1	0
TRIM48	1	CTD	1			0	1
TRIM65	1	CTD	1			0	1
TRIP13	1	CTD	1			0	1
TRIR	1	CTD	1			0	1
TRMT10C	1	CTD	1			1	0
TRMT1L	1	CTD	1			1	0
TRNI	1	CTD	1			1	0
TRNQ	1	CTD	1			0	1
TROAP	1	CTD	1			0	1
TRPC1	1	CTD	1			1	0
TRPV2	1	CTD	1			1	0
TSC22D3	1	CTD	1			1	0
TSFM	1	CTD	1			1	0
TSHR	1	CTD	1			0	1
TSPAN11	1	CTD	1			1	0
TSPAN6	1	CTD	1			0	1
TSPAN9	1	CTD	1			0	1
TSPO2	1	CTD	1			0	0
TSR1	1	CTD	1			1	0
TST	1	CTD	1			1	0
TSTD2	1	CTD	1			1	0
TTC21A	1	CTD	1			0	1
TTC23	1	CTD	1			0	1
TTC28-AS1	1	CTD	1			1	0
TTC9C	1	CTD	1			1	0
TTK	1	CTD	1			0	1
TTL	1	CTD	1			0	1
TTYH3	1	CTD	1			0	1
TUB	1	CTD	1			0	1
TUBA8	1	CTD	1			0	0
TUBBP1	1	CTD	1			0	1
TUBGCP2	1	CTD	1			0	1
TUFT1	1	CTD	1			1	0
TWNK	1	CTD	1			1	0
TXLNA	1	CTD	1			0	1
TXNRD1	1	CTD	1			1	0
TXNRD2	1	CTD	1			1	0
TYSND1	1	CTD	1			0	1
UBE2C	1	CTD	1			0	1
UBE2Q1	1	CTD	1			0	1
UCP2	1	CTD	1			0	1
UGT2B10	1	CTD	1			0	1
UGT2B4	1	CTD	1			0	1
ULBP1	1	CTD	1			1	0
ULK3	1	CTD	1			0	1
UMPS	1	CTD	1			1	0
UNC13B	1	CTD	1			1	0
UNC13C	1	CTD	1			0	0
UNC13D	1	CTD	1			0	1
UNC79	1	CTD	1			1	0
UNC93B1	1	CTD	1			0	1
UPF1	1	CTD	1			0	1
UQCC1	1	CTD	1			0	1
UQCC2	1	CTD	1			0	1
UQCRFS1	1	CTD	1			0	1
URM1	1	CTD	1			0	1
USP18	1	CTD	1			0	1
USP6	1	CTD	1			1	0
VASN	1	CTD	1			0	1
VCF2	1	CTD	1			1	0
VEGFA	1	CTD	1			0	1
VEGFB	1	CTD	1			0	1
VILL	1	CTD	1			0	1
VIM-AS1	1	CTD	1			1	0
VPREB1	1	CTD	1			0	1
VPS26A	1	CTD	1			0	1
VPS29	1	CTD	1			0	1
VPS33A	1	CTD	1			0	1
VPS33B	1	CTD	1			0	1
VPS37B	1	CTD	1			0	1
VRK1	1	CTD	1			0	1
VSIR	1	CTD	1			1	0
VSNL1	1	CTD	1			0	1
VSTM2B	1	CTD	1			1	0
VTI1A	1	CTD	1			1	0
VTN	1	CTD	1			1	0
VWC2L	1	CTD	1			0	1
WARS2	1	CTD	1			1	0
WASH2P	1	CTD	1			0	1
WASIR2	1	CTD	1			0	1
WBP4	1	CTD	1			1	0
WDR54	1	CTD	1			0	1
WDR62	1	CTD	1			0	1
WFDC8	1	CTD	1			1	0
WFIKKN2	1	CTD	1			1	0
WFS1	1	CTD	1			0	1
WIF1	1	CTD	1			1	0
WIPI1	1	CTD	1			1	0
WIZ	1	CTD	1			0	1
WNK3	1	CTD	1			1	0
WNT10B	1	CTD	1			0	1
WNT4	1	CTD	1			1	0
WNT5A	1	CTD	1			1	0
WRB	1	CTD	1			1	0
XAF1	1	CTD	1			0	1
XPO5	1	CTD	1			1	0
XYLT1	1	CTD	1			1	0
YAP1	1	CTD	1			0	0
YARS2	1	CTD	1			1	0
YOD1	1	CTD	1			1	0
YTHDC1	1	CTD	1			0	1
ZBTB20	1	CTD	1			0	1
ZBTB37	1	CTD	1			1	0
ZBTB38	1	CTD	1			1	0
ZBTB48	1	CTD	1			0	1
ZBTB7C	1	CTD	1			0	0
ZBTB8A	1	CTD	1			1	0
ZC3H15	1	CTD	1			0	1
ZC3H4	1	CTD	1			0	1
ZDHHC11	1	CTD	1			0	1
ZDHHC15	1	CTD	1			0	1
ZFAND2A-DT	1	CTD	1			1	0
ZFAS1	1	CTD	1			0	1
ZFYVE28	1	CTD	1			0	1
ZGPAT	1	CTD	1			0	1
ZGRF1	1	CTD	1			0	1
ZKSCAN5	1	CTD	1			0	1
ZMAT1	1	CTD	1			0	1
ZNF136	1	CTD	1			0	1
ZNF18	1	CTD	1			1	0
ZNF25	1	CTD	1			1	0
ZNF285CP	1	CTD	1			1	0
ZNF286A	1	CTD	1			0	1
ZNF295-AS1	1	CTD	1			0	1
ZNF331	1	CTD	1			0	1
ZNF337	1	CTD	1			0	1
ZNF430	1	CTD	1			0	1
ZNF441	1	CTD	1			1	0
ZNF460	1	CTD	1			1	0
ZNF474	1	CTD	1			0	1
ZNF487	1	CTD	1			1	0
ZNF530	1	CTD	1			0	1
ZNF541	1	CTD	1			1	0
ZNF583	1	CTD	1			1	0
ZNF609	1	CTD	1			0	1
ZNF614	1	CTD	1			0	1
ZNF615	1	CTD	1			0	1
ZNF624	1	CTD	1			1	0
ZNF629	1	CTD	1			0	1
ZNF658B	1	CTD	1			1	0
ZNF674	1	CTD	1			1	0
ZNF695	1	CTD	1			1	0
ZNF697	1	CTD	1			0	1
ZNF717	1	CTD	1			1	0
ZNF771	1	CTD	1			1	0
ZNF784	1	CTD	1			0	1
ZNF850	1	CTD	1			0	1
ZNNT1	1	CTD	1			1	0
ZNRF4	1	CTD	1			0	1
ZP1	1	CTD	1			1	0
ZPLD1	1	CTD	1			0	1
ZRSR2	1	CTD	1			0	1
ZSCAN21	1	CTD	1			0	1
HCAR2	1	TargetNet		1.0			
CA5A	1	TargetNet		1.0			
CA4	1	TargetNet		1.0			
CA12	1	TargetNet		1.0			
CA14	1	TargetNet		1.0			
NOS1	1	TargetNet		1.0			
PTGS1	1	TargetNet		0.151			
PPO2	1	TargetNet		1.0			
CHRM4	1	TargetNet		1.0			
S1PR2	1	TargetNet		1.0			
MLYCD	1	TargetNet		1.0			
CA7	1	TargetNet		1.0			
GRIA2	1	TargetNet		1.0			
MGLL	1	TargetNet		1.0			
RIPK2	1	TargetNet		1.0			
CA13	1	TargetNet		0.998			
DPP7	1	TargetNet		0.998			
TLR9	1	TargetNet		0.998			
S1PR4	1	TargetNet		0.997			
ADRA2C	1	TargetNet		0.013			
ALOX5	1	TargetNet		0.834			
APOBEC3A	1	TargetNet		0.992			
BCL2A1	1	TargetNet		0.992			
AHR	1	TargetNet		0.991			
ACHE	1	TargetNet		0.0			
HTR1E	1	TargetNet		0.986			
APOBEC3G	1	TargetNet		0.985			
RXRG	1	TargetNet		0.98			
SLC9A1	1	TargetNet		0.968			
CHRM1	1	TargetNet		0.876			
NR2E3	1	TargetNet		0.96			
CTDSP1	1	TargetNet		0.956			
CNR2	1	TargetNet		0.197			
CHRM2	1	TargetNet		0.048			
GPR35	1	TargetNet		0.904			
DUSP3	1	TargetNet		0.893			
HDAC6	1	TargetNet		0.88			
AMPC	1	TargetNet		0.806			
PLIN5	1	TargetNet		0.773			
NR2F2	1	TargetNet		0.733			
CHRNA4	1	TargetNet		0.185			
LEF	1	TargetNet		0.661			
CHRM5	1	TargetNet		0.654			
DPP8	1	TargetNet		0.638			
HDAC4	1	TargetNet		0.636			
PLA2G1B	1	TargetNet		0.535			
LIPE	1	TargetNet		0.464			
MCL1	1	TargetNet		0.462			
GSK3A	1	TargetNet		0.445			
HRH1	1	TargetNet		0.0			
GALR3	1	TargetNet		0.148			
PTGES	1	TargetNet		0.097			
GRM4	1	TargetNet		0.097			
TAAR1	1	TargetNet		0.004			
RAC1	1	TargetNet		0.014			
HTR6	1	TargetNet		0.0			
ANPEP	1	TargetNet		0.059			
CNR1	1	TargetNet		0.002			
CACNA1H	1	TargetNet		0.048			
DRD2	1	TargetNet		0.0			
DPP9	1	TargetNet		0.036			
ADRA2B	1	TargetNet		0.026			
SIRT2	1	TargetNet		0.023			
GRIN1	1	TargetNet		0.022			
PTPN7	1	TargetNet		0.018			
HTR2C	1	TargetNet		0.0			
XDH	1	TargetNet		0.013			
CHRM3	1	TargetNet		0.007			
S1PR1	1	TargetNet		0.009			
CHRNA7	1	TargetNet		0.0			
PRSS2	1	TargetNet		0.005			
DRD1	1	TargetNet		0.0			
S1PR5	1	TargetNet		0.004			
PREP	1	TargetNet		0.003			
SLC6A2	1	TargetNet		0.003			
CHRFAM7A	1	TargetNet		0.002			
DRD4	1	TargetNet		0.0			
CRHR1	1	TargetNet		0.0			
SRD5A2	1	TargetNet		0.0			
PTGER1	1	TargetNet		0.0			
PTPRC	1	TargetNet		0.0			
SCN5A	1	TargetNet		0.0			
ADRA1A	1	TargetNet		0.0			
PTK2	1	TargetNet		0.0			
TRPV1	1	TargetNet		0.0			
PRSS1	1	TargetNet		0.0			
PTPN22	1	TargetNet		0.0			
CCR3	1	TargetNet		0.0			
PTGDR2	1	TargetNet		0.0			
P2RY12	1	TargetNet		0.0			
WEE1	1	TargetNet		0.0			
AGTR1B	1	TargetNet		0.0			
AGTR1	1	TargetNet		0.0			
TACR1	1	TargetNet		0.0			
ADRA1D	1	TargetNet		0.0			
VCAM1	1	TargetNet		0.0			
TNK2	1	TargetNet		0.0			
HTR1A	1	TargetNet		0.0			
MLNR	1	TargetNet		0.0			
PDE2A	1	TargetNet		0.0			
ALK	1	TargetNet		0.0			
MC1R	1	TargetNet		0.0			
ITGB5	1	TargetNet		0.0			
NPY1R	1	TargetNet		0.0			
ADRA1B	1	TargetNet		0.0			
LTB4R	1	TargetNet		0.0			
EDNRB	1	TargetNet		0.0			
TACR2	1	TargetNet		0.0			
PRKCE	1	TargetNet		0.0			
AGTR2	1	TargetNet		0.0			
CYP11B2	1	TargetNet		0.0			
MTNR1B	1	TargetNet		0.0			
BMP1	1	TargetNet		0.0			
HTR3A	1	TargetNet		0.0			
PIM2	1	TargetNet		0.0			
GHSR	1	TargetNet		0.0			
METAP2	1	TargetNet		0.0			
ADORA1	1	TargetNet		0.0			
SLC5A2	1	TargetNet		0.0			
LRRK2	1	TargetNet		0.0			
AVPR1A	1	TargetNet		0.0			
CXCR2	1	TargetNet		0.0			
CXCR1	1	TargetNet		0.0			
MC3R	1	TargetNet		0.0			
HRH2	1	TargetNet		0.0			
PLAT	1	TargetNet		0.0			
PTGIR	1	TargetNet		0.0			
PTGER4	1	TargetNet		0.0			
CLK1	1	TargetNet		0.0			
ITGB3	1	TargetNet		0.0			
PDE7A	1	TargetNet		0.0			
PTPN2	1	TargetNet		0.0			
CCR4	1	TargetNet		0.0			
CDK5	1	TargetNet		0.0			
CACNA1G	1	TargetNet		0.0			
OPRK1	1	TargetNet		0.0			
OPRL1	1	TargetNet		0.0			
NPY5R	1	TargetNet		0.0			
OPRD1	1	TargetNet		0.0			
MC5R	1	TargetNet		0.0			
CCNA1	1	TargetNet		0.0			
OPRM1	1	TargetNet		0.0			
NPBWR1	1	TargetNet		0.0			
TGM2	1	TargetNet		0.0			
SOAT1	1	TargetNet		0.0			
MTOR	1	TargetNet		0.0			
AKT3	1	TargetNet		0.0			
AVPR2	1	TargetNet		0.0			
GRM1	1	TargetNet		0.0			
ICMT	1	TargetNet		0.0			
KCNA5	1	TargetNet		0.0			
ICAM1	1	TargetNet		0.0			
ADRB1	1	TargetNet		0.0			
GRIN2B	1	TargetNet		0.0			
MPL	1	TargetNet		0.0			
BTK	1	TargetNet		0.0			
HTR4	1	TargetNet		0.0			
BACE2	1	TargetNet		0.0			
EDNRA	1	TargetNet		0.0			
PTGDR	1	TargetNet		0.0			
TACR3	1	TargetNet		0.0			
F2R	1	TargetNet		0.0			
HTR1F	1	TargetNet		0.0			
ADRA2A	1	TargetNet		0.0			
HCRTR1	1	TargetNet		0.0			
PSEN2	1	TargetNet		0.0			
ADORA2B	1	TargetNet		0.0			
CASR	1	TargetNet		0.0			
SSTR4	1	TargetNet		0.0			
CASP8	1	TargetNet		0.0			
P2RY6	1	TargetNet		0.0			
ROCK1	1	TargetNet		0.0			
FNTB	1	TargetNet		0.0			
CYP17A1	1	TargetNet		0.0			
HTR1D	1	TargetNet		0.0			
HTR1B	1	TargetNet		0.0			
MAPK11	1	TargetNet		0.0			
CSF1R	1	TargetNet		0.0			
ADORA3	1	TargetNet		0.0			
P2RY1	1	TargetNet		0.0			
OXTR	1	TargetNet		0.0			
BDKRB2	1	TargetNet		0.0			
S1PR3	1	TargetNet		0.0			
CCKBR	1	TargetNet		0.0			
CCKAR	1	TargetNet		0.0			
PTGER3	1	TargetNet		0.0			
MC4R	1	TargetNet		0.0			
ITGB1	1	TargetNet		0.0			
MAPK9	1	TargetNet		0.0			
PGGT1B	1	TargetNet		0.0			
RPS6KB1	1	TargetNet		0.0			
HDAC1	1	TargetNet		0.0			
MAP3K8	1	TargetNet		0.0			
AVPR1B	1	TargetNet		0.0			
PRCP	1	TargetNet		0.0			
KCNA3	1	TargetNet		0.0			
CXCR3	1	TargetNet		0.0			
HRH3	1	TargetNet		0.0			
PLD2	1	TargetNet		0.0			
MTNR1A	1	TargetNet		0.0			
GPR119	1	TargetNet		0.0			
HDAC3	1	TargetNet		0.0			
CYSLTR1	1	TargetNet		0.0			
FLT4	1	TargetNet		0.0			
PIM3	1	TargetNet		0.0			
BRS3	1	TargetNet		0.0			
CCR1	1	TargetNet		0.0			
SSTR5	1	TargetNet		0.0			
CACNA1B	1	TargetNet		0.0			
SSTR3	1	TargetNet		0.0			
DRD3	1	TargetNet		0.0			
HTR5A	1	TargetNet		0.0			
DYRK1A	1	TargetNet		0.0			
HTR7	1	TargetNet		0.0			
SLC6A3	1	TargetNet		0.0			
ALOX5AP	1	TargetNet		0.0			
GCGR	1	TargetNet		0.0			
CCNE2	1	TargetNet		0.0			
CHEK2	1	TargetNet		0.0			
P2RY2	1	TargetNet		0.0			
PAK4	1	TargetNet		0.0			
ATP4A	1	TargetNet		0.0			
SRD5A1	1	TargetNet		0.0			
CASP6	1	TargetNet		0.0			
CCR5	1	TargetNet		0.0			
CCR8	1	TargetNet		0.0			
PRKCG	1	TargetNet		0.0			
LYN	1	TargetNet		0.0			
RET	1	TargetNet		0.0			
SELE	1	TargetNet		0.0			
KISS1R	1	TargetNet		0.0			
TOP1	1	TargetNet		0.0			
PDE3A	1	TargetNet		0.0			
CLK4	1	TargetNet		0.0			
FLT3	1	TargetNet		0.0			
ADRB3	1	TargetNet		0.0			
PDE10A	1	TargetNet		0.0			
TBXA2R	1	TargetNet		0.0			
ITGA2B	1	TargetNet		0.0			
NPY2R	1	TargetNet		0.0			
AXL	1	TargetNet		0.0			
BDKRB1	1	TargetNet		0.0			
SSTR2	1	TargetNet		0.0			
CYP11B1	1	TargetNet		0.0			
SSTR1	1	TargetNet		0.0			
TSPO	1	TargetNet		0.0			
TBXAS1	1	TargetNet		0.0			
EGLN1	1	TargetNet		0.0			
APH1B	1	TargetNet		0.0			
CDC7	1	TargetNet		0.0			
PRKCD	1	TargetNet		0.0			
CDC42	1	TargetNet		0.0			
ITGA4	1	TargetNet		0.0			
TPSAB1	1	TargetNet		0.0			
RPS6KA3	1	TargetNet		0.0			
IKBKB	1	TargetNet		0.0			
ROCK2	1	TargetNet		0.0			
SCN9A	1	TargetNet		0.0			
PSENEN	1	TargetNet		0.0			
HRH4	1	TargetNet		0.0			
FLT1	1	TargetNet		0.0			
APH1A	1	TargetNet		0.0			
NCSTN	1	TargetNet		0.0			
PIK3CB	1	TargetNet		0.0			
PIK3CA	1	TargetNet		0.0			
NTSR1	1	TargetNet		0.0			
TERT	1	TargetNet		0.0			
SLC29A1	1	TargetNet		0.0			
PMII	1	TargetNet		0.0			
PRKCB	1	TargetNet		0.0			
PLA2G7	1	TargetNet		0.0			
ITGAV	1	TargetNet		0.0			
CCR2	1	TargetNet		0.0			
UL80	1	TargetNet		0.0			
CAPN1	1	TargetNet		0.0			
PIK3CD	1	TargetNet		0.0			
PDE4A	1	TargetNet		0.0			
TYRO3	1	TargetNet		0.0			
GNRHR	1	TargetNet		0.0			
CETP	1	TargetNet		0.0			
SMO	1	TargetNet		0.0			
PSEN1	1	TargetNet		0.0			
FURIN	1	TargetNet		0.0			
BRAF	1	TargetNet		0.0			
UTS2R	1	TargetNet		0.0			
FYN	1	TargetNet		0.0			
HSD17B2	1	TargetNet		0.0			
GRM3	1	SwissTarget					
GRM6	1	SwissTarget					
FABP2	1	SwissTarget					
CDC25A	1	SwissTarget					
POLB	1	SwissTarget					
KDM2A	1	SwissTarget					
PHF8	1	SwissTarget					
KDM5C	1	SwissTarget					
ODC1	1	SwissTarget					
FNTA FNTB	1	SwissTarget					
BMP2	1	PharmMapper			0.9984		
AKR1C2	1	PharmMapper			0.9965		
PPIA	1	PharmMapper			0.9948		
HSD17B11	1	PharmMapper			0.9912		
LCN2	1	PharmMapper			0.9795		
PRDX5	1	PharmMapper			0.9682		
NQO2	1	PharmMapper			0.9608		
CHEK1	1	PharmMapper			0.9513		
RIDA	1	PharmMapper			0.9438		
GC	1	PharmMapper			0.9421		
ESRRG	1	PharmMapper			0.8986		
PPP5C	1	PharmMapper			0.7915		
MTAP	1	PharmMapper			0.7826		
NR1H2	1	PharmMapper			0.7624		
DUSP6	1	PharmMapper			0.7574		
QPCT	1	PharmMapper			0.7386		
CFD	1	PharmMapper			0.7366		
TNNC1	1	PharmMapper			0.735		
PLA2G10	1	PharmMapper			0.733		
GATM	1	PharmMapper			0.73		
ADH5	1	PharmMapper			0.725		
BCAT2	1	PharmMapper			0.7249		
SEC14L2	1	PharmMapper			0.7248		
TTPA	1	PharmMapper			0.7156		
KYAT1	1	PharmMapper			0.7091		
GSTA1	1	PharmMapper			0.6983		
SULT2B1	1	PharmMapper			0.6974		
SORD	1	PharmMapper			0.6774		
DAPK1	1	PharmMapper			0.6612		
CTNNA1	1	PharmMapper			0.6421		
MTHFD1	1	PharmMapper			0.6391		
TRAPPC3	1	PharmMapper			0.601		
ESRRA	1	PharmMapper			0.5999		
CBR1	1	PharmMapper			0.5987		
ERBB4	1	PharmMapper			0.5973		
HPN	1	PharmMapper			0.5939		
HNF4G	1	PharmMapper			0.591		
CCNT1	1	PharmMapper			0.5902		
PDE3B	1	PharmMapper			0.5789		
FABP7	1	PharmMapper			0.5759		
RBP4	1	PharmMapper			0.5748		
CBS	1	PharmMapper			0.5744		
SHMT1	1	PharmMapper			0.5717		
CDA	1	PharmMapper			0.5498		
FECH	1	PharmMapper			0.5468		
SDS	1	PharmMapper			0.5435		
SETD7	1	PharmMapper			0.5369		
ABO	1	PharmMapper			0.5365		
CSNK1G2	1	PharmMapper			0.5294		
FGF1	1	PharmMapper			0.5286		
S100A9	1	PharmMapper			0.5277		
DCK	1	PharmMapper			0.5133		
CSK	1	PharmMapper			0.4972		
BLVRB	1	PharmMapper			0.4966		
PADI4	1	PharmMapper			0.4911		
BIRC7	1	PharmMapper			0.4845		
TGM3	1	PharmMapper			0.4738		
TPI1	1	PharmMapper			0.4626		
GLO1	1	PharmMapper			0.4521		
IL2	1	PharmMapper			0.4469		
GM2A	1	PharmMapper			0.4265		
EIF4E	1	PharmMapper			0.4247		
UCK2	1	PharmMapper			0.4239		
NMNAT1	1	PharmMapper			0.4219		
BST1	1	PharmMapper			0.42		
ALAD	1	PharmMapper			0.4168		
CTSF	1	PharmMapper			0.4152		
PPP1CC	1	PharmMapper			0.4122		
TPH1	1	PharmMapper			0.4047		
BHMT	1	PharmMapper			0.3955		
KIT	1	PharmMapper			0.3919		
FKBP1B	1	PharmMapper			0.3707		
HEXB	1	PharmMapper			0.3693		
CHIT1	1	PharmMapper			0.3691		
MMP16	1	PharmMapper			0.3684		
PPCDC	1	PharmMapper			0.3649		
LYZ	1	PharmMapper			0.3627		
GSTM1	1	PharmMapper			0.3565		
GPI	1	PharmMapper			0.3535		
GLTP	1	PharmMapper			0.3498		
GSTT2B	1	PharmMapper			0.3425		
ADAM33	1	PharmMapper			0.3421		
NT5M	1	PharmMapper			0.3275		
GSTA3	1	PharmMapper			0.3267		
INSR	1	PharmMapper			0.3265		
AMY2A	1	PharmMapper			0.3109		
GSTM2	1	PharmMapper			0.3097		
KAT2B	1	PharmMapper			0.3059		
FKBP3	1	PharmMapper			0.3005		
TRDMT1	1	PharmMapper			0.2917		
PROCR	1	PharmMapper			0.2839		
DCPS	1	PharmMapper			0.2654		
RFK	1	PharmMapper			0.252		
