cell_type,gene,n_cells,pct_expressing,mean_logCP10K
Hepatocyte,ALB,839,0.8641,3.7447
Hepatocyte,INS,839,0.0000,0.0000
Hepatocyte,TNF,839,0.0620,0.1143
Hepatocyte,IL6,839,0.0000,0.0000
Hepatocyte,IL1B,839,0.0918,0.2085
Hepatocyte,TP53,839,0.0262,0.0391
Hepatocyte,AKT1,839,0.0620,0.1105
Hepatocyte,PPARG,839,0.0179,0.0270
Hepatocyte,EGFR,839,0.0393,0.0637
Hepatocyte,BCL2,839,0.0644,0.1249
Hepatocyte,EPHA2,839,0.0203,0.0288
Hepatocyte,FMO1,839,0.0036,0.0026
Hepatocyte,MYC,839,0.0334,0.0538
Hepatocyte,PHLDA1,839,0.0513,0.0952
Hepatocyte,TMPO,839,0.0703,0.1173
Hepatocyte,TNFSF10,839,0.0870,0.1401
Hepatocyte,TRIB1,839,0.0429,0.0772
Hepatocyte,WNT5A,839,0.0012,0.0010
Cholangiocyte,ALB,815,0.8147,2.6621
Cholangiocyte,INS,815,0.0000,0.0000
Cholangiocyte,TNF,815,0.0859,0.1679
Cholangiocyte,IL6,815,0.0012,0.0019
Cholangiocyte,IL1B,815,0.1767,0.4400
Cholangiocyte,TP53,815,0.0650,0.0670
Cholangiocyte,AKT1,815,0.1779,0.1877
Cholangiocyte,PPARG,815,0.0258,0.0241
Cholangiocyte,EGFR,815,0.2442,0.2818
Cholangiocyte,BCL2,815,0.2405,0.3057
Cholangiocyte,EPHA2,815,0.2405,0.2924
Cholangiocyte,FMO1,815,0.0110,0.0103
Cholangiocyte,MYC,815,0.1264,0.1521
Cholangiocyte,PHLDA1,815,0.2000,0.2443
Cholangiocyte,TMPO,815,0.2258,0.2930
Cholangiocyte,TNFSF10,815,0.2663,0.3324
Cholangiocyte,TRIB1,815,0.2258,0.2959
Cholangiocyte,WNT5A,815,0.0049,0.0032
T/NK,ALB,5118,0.0760,0.1496
T/NK,INS,5118,0.0000,0.0000
T/NK,TNF,5118,0.4523,0.7937
T/NK,IL6,5118,0.0008,0.0008
T/NK,IL1B,5118,0.0699,0.1509
T/NK,TP53,5118,0.1376,0.1344
T/NK,AKT1,5118,0.2182,0.2283
T/NK,PPARG,5118,0.0055,0.0066
T/NK,EGFR,5118,0.0027,0.0050
T/NK,BCL2,5118,0.4095,0.5756
T/NK,EPHA2,5118,0.0059,0.0080
T/NK,FMO1,5118,0.0000,0.0000
T/NK,MYC,5118,0.1233,0.1407
T/NK,PHLDA1,5118,0.2216,0.2618
T/NK,TMPO,5118,0.2657,0.3201
T/NK,TNFSF10,5118,0.1549,0.1647
T/NK,TRIB1,5118,0.0289,0.0320
T/NK,WNT5A,5118,0.0000,0.0000
B cell,ALB,987,0.1398,0.2972
B cell,INS,987,0.0000,0.0000
B cell,TNF,987,0.3506,0.5472
B cell,IL6,987,0.0122,0.0097
B cell,IL1B,987,0.1266,0.2695
B cell,TP53,987,0.1581,0.1509
B cell,AKT1,987,0.1986,0.1789
B cell,PPARG,987,0.0071,0.0073
B cell,EGFR,987,0.0061,0.0092
B cell,BCL2,987,0.4650,0.6340
B cell,EPHA2,987,0.0152,0.0152
B cell,FMO1,987,0.0020,0.0025
B cell,MYC,987,0.1581,0.1785
B cell,PHLDA1,987,0.1915,0.2251
B cell,TMPO,987,0.3141,0.3562
B cell,TNFSF10,987,0.1418,0.1281
B cell,TRIB1,987,0.1378,0.1445
B cell,WNT5A,987,0.0000,0.0000
Myeloid,ALB,2155,0.1397,0.3087
Myeloid,INS,2155,0.0000,0.0000
Myeloid,TNF,2155,0.3619,0.5649
Myeloid,IL6,2155,0.0265,0.0335
Myeloid,IL1B,2155,0.6552,1.9288
Myeloid,TP53,2155,0.1619,0.1422
Myeloid,AKT1,2155,0.2241,0.1878
Myeloid,PPARG,2155,0.0970,0.0962
Myeloid,EGFR,2155,0.0093,0.0143
Myeloid,BCL2,2155,0.3262,0.4087
Myeloid,EPHA2,2155,0.0316,0.0366
Myeloid,FMO1,2155,0.0005,0.0002
Myeloid,MYC,2155,0.1067,0.0998
Myeloid,PHLDA1,2155,0.2260,0.2706
Myeloid,TMPO,2155,0.2803,0.3076
Myeloid,TNFSF10,2155,0.2445,0.2632
Myeloid,TRIB1,2155,0.2232,0.2172
Myeloid,WNT5A,2155,0.0046,0.0031
Endothelial,ALB,1757,0.1668,0.4163
Endothelial,INS,1757,0.0000,0.0000
Endothelial,TNF,1757,0.1087,0.1978
Endothelial,IL6,1757,0.0034,0.0043
Endothelial,IL1B,1757,0.1286,0.3290
Endothelial,TP53,1757,0.0774,0.0991
Endothelial,AKT1,1757,0.1366,0.1831
Endothelial,PPARG,1757,0.1224,0.1855
Endothelial,EGFR,1757,0.0415,0.0584
Endothelial,BCL2,1757,0.1121,0.1920
Endothelial,EPHA2,1757,0.0336,0.0459
Endothelial,FMO1,1757,0.0011,0.0016
Endothelial,MYC,1757,0.0774,0.1094
Endothelial,PHLDA1,1757,0.1024,0.1524
Endothelial,TMPO,1757,0.1890,0.2847
Endothelial,TNFSF10,1757,0.2299,0.3932
Endothelial,TRIB1,1757,0.0535,0.0686
Endothelial,WNT5A,1757,0.0000,0.0000
Mesenchymal,ALB,713,0.1837,0.4458
Mesenchymal,INS,713,0.0000,0.0000
Mesenchymal,TNF,713,0.1837,0.3428
Mesenchymal,IL6,713,0.0042,0.0041
Mesenchymal,IL1B,713,0.0968,0.2100
Mesenchymal,TP53,713,0.0813,0.0860
Mesenchymal,AKT1,713,0.1571,0.1912
Mesenchymal,PPARG,713,0.0870,0.1324
Mesenchymal,EGFR,713,0.0575,0.0771
Mesenchymal,BCL2,713,0.2356,0.3674
Mesenchymal,EPHA2,713,0.0182,0.0275
Mesenchymal,FMO1,713,0.0042,0.0071
Mesenchymal,MYC,713,0.1024,0.1299
Mesenchymal,PHLDA1,713,0.1921,0.2792
Mesenchymal,TMPO,713,0.2132,0.2925
Mesenchymal,TNFSF10,713,0.1094,0.1375
Mesenchymal,TRIB1,713,0.0477,0.0545
Mesenchymal,WNT5A,713,0.0028,0.0016
Unassigned,ALB,10290,0.0429,0.1071
Unassigned,INS,10290,0.0000,0.0000
Unassigned,TNF,10290,0.0577,0.1152
Unassigned,IL6,10290,0.0002,0.0003
Unassigned,IL1B,10290,0.0339,0.0828
Unassigned,TP53,10290,0.0199,0.0293
Unassigned,AKT1,10290,0.0311,0.0432
Unassigned,PPARG,10290,0.0030,0.0060
Unassigned,EGFR,10290,0.0020,0.0051
Unassigned,BCL2,10290,0.0658,0.1293
Unassigned,EPHA2,10290,0.0040,0.0085
Unassigned,FMO1,10290,0.0000,0.0000
Unassigned,MYC,10290,0.0196,0.0308
Unassigned,PHLDA1,10290,0.0306,0.0492
Unassigned,TMPO,10290,0.0467,0.0759
Unassigned,TNFSF10,10290,0.0284,0.0446
Unassigned,TRIB1,10290,0.0101,0.0200
Unassigned,WNT5A,10290,0.0001,0.0001
