"gsm","sample","group","score"
"GSM3615324","0869","Normal-weight",0.536859286814687
"GSM3615338","0872","Obese",-0.115478686751854
"GSM3615325","0873","Normal-weight",0.319604286013146
"GSM3615339","0874","Obese",0.273896302736634
"GSM3615326","0875","Normal-weight",0.214256384442129
"GSM3615340","0876","Obese",0.184897349070538
"GSM3615327","0877","Normal-weight",0.988294420042701
"GSM3615341","0878","Obese",0.287337052431148
"GSM3615328","0879","Normal-weight",-0.457920164347517
"GSM3615329","0881","Normal-weight",0.176010733584126
"GSM3615330","0883","Normal-weight",-0.0837014849723469
"GSM3615331","0885","Normal-weight",-0.499469197742082
"GSM3615342","0886","Obese",0.353178164939039
"GSM3615332","0887","Normal-weight",-0.507030411152737
"GSM3615343","0888","Obese",-0.216594917409722
"GSM3615333","0889","Normal-weight",-0.619254049736604
"GSM3615344","0890","Obese",-0.587370231714617
"GSM3615334","0891","Normal-weight",-0.908069282349333
"GSM3615345","0892","Obese",-0.893570835415445
"GSM3615335","0893","Normal-weight",-0.38661338237892
"GSM3615346","0894","Obese",0.803810314555418
"GSM3615347","0896","Obese",-0.140262704219301
"GSM3615336","0897","Normal-weight",-0.517004952978746
"GSM3615348","0898","Obese",-0.0510702557333163
"GSM3615349","0899","Obese",0.694358495949354
"GSM3615337","0910","Normal-weight",-0.342878367984763
"GSM3615293","2683","NAFL",-0.967370165554931
"GSM3615308","2684","NASH",0.0866904118556596
"GSM3615294","2685","NAFL",-0.255395766222188
"GSM3615295","2687","NAFL",-0.0681194525117114
"GSM3615309","2688","NASH",-0.146613987872216
"GSM3615296","2689","NAFL",-0.733121012541745
"GSM3615297","2691","NAFL",-0.518388940426927
"GSM3615310","2692","NASH",-0.439399589888813
"GSM3615298","2693","NAFL",-1.34843704584407
"GSM3615311","2696","NASH",-0.612875813828615
"GSM3615299","2697","NAFL",0.175139944090355
"GSM3615312","2698","NASH",-0.39571309380911
"GSM3615300","2701","NAFL",-0.809428803177513
"GSM3615301","2703","NAFL",-0.213414760026566
"GSM3615313","2704","NASH",0.413078152958415
"GSM3615314","2705","NASH",-0.0373606856364964
"GSM3615315","3992","NASH",0.383508522240834
"GSM3615302","3993","NAFL",0.0757949607621063
"GSM3615316","3994","NASH",0.702490731239404
"GSM3615303","3995","NAFL",1.0954584812069
"GSM3615317","3996","NASH",0.803219200307707
"GSM3615318","3997","NASH",-0.0250348734777665
"GSM3615304","3998","NAFL",-0.340886735786008
"GSM3615319","4000","NASH",0.934787192307307
"GSM3615305","4002","NAFL",-0.062799831558005
"GSM3615320","4004","NASH",0.961852625160713
"GSM3615321","4005","NASH",0.770645278308973
"GSM3615322","4006","NASH",0.407534530228572
"GSM3615306","4007","NAFL",1.16878929625661
"GSM3615323","4008","NASH",0.463967535081075
"GSM3615307","4010","NAFL",0.0251898304664351
