"gene","mean_NASH","mean_NAFL","mean_NW","diff_NASH_NW","p_NASH_NW","diff_NAFL_NW","p_NAFL_NW","p_NASH_NW_BH"
"TNF",0.543282154137449,0.539151548697413,0.375898250266189,0.16738390387126,0.241119721377104,0.163253298431224,0.18762339492806,0.409903526341077
"IL6",0.00524123272804297,0.0259419657531198,0.0243768681927983,-0.0191356354647554,0.305799179563853,0.00156509756032144,0.945977809597416,0.472598732053227
"TP53",3.99133944982384,3.6751733186453,4.09273691802197,-0.101397468198134,0.342644454293475,-0.417563599376668,0.00117857626003468,0.485412976915756
"ALB",17.3736476637491,17.4358102715212,17.4084177477647,-0.0347700840156087,0.726090456133155,0.0273925237564434,0.803474533402834,0.81851667401732
"IL1B",0.595013233930859,0.360811513864102,0.525766081515658,0.0692471524152009,0.591193693768973,-0.164954567651556,0.261524601962478,0.717878056719467
"INS",0,0,0,0,NA,0,NA,NA
"AKT1",6.76976216410627,6.84205261837471,6.90372955345137,-0.133967389345091,0.183256126523658,-0.0616769350766546,0.663383301271341,0.346150461211354
"PPARG",3.37811766277898,3.18701867658365,3.04178682829929,0.336330834479689,0.017024684143036,0.145231848284358,0.245677997720701,0.0482366050719354
"EGFR",6.82169137544445,6.83243953505944,7.16435491182462,-0.34266353638017,0.0100858884325277,-0.331915376765173,0.0103600546850256,0.0482366050719354
"BCL2",2.01464748662108,1.81441553643012,2.07442467239313,-0.0597771857720533,0.770368634369242,-0.260009135963012,0.1847304336267,0.81851667401732
"EPHA2",2.18311289419341,2.16557661073164,2.77115068197439,-0.588037787780978,0.011664008827502,-0.605574071242746,0.0226317746066329,0.0482366050719354
"FMO1",2.50211947527359,2.1343359042793,0.633133117175395,1.8689863580982,6.62245691945612e-07,1.50120278710391,2.40856355852562e-05,1.12581767630754e-05
"MYC",1.52971655356577,1.26273251590697,1.64048840757083,-0.110771854005064,0.460608121252479,-0.377755891663859,0.0369783359541655,0.602333697022472
"PHLDA1",3.1428958143376,2.75052249612682,2.81747104121049,0.325424773127117,0.0508324669352084,-0.0669485450836689,0.616748487665377,0.123450276842649
"TMPO",4.3552381109423,4.11632251292502,4.09010530100726,0.265132809935039,0.143480916466794,0.0262172119177633,0.875497975428141,0.304896947491937
"TNFSF10",7.22595764335101,7.42335325411547,7.54909477084096,-0.323137127489947,0.00870853162147121,-0.125741516725488,0.269128595722285,0.0482366050719354
"TRIB1",5.4008195423542,5.37016499895967,5.39878671872392,0.00203282363028023,0.98215669048481,-0.0286217197642449,0.804317700967315,0.98215669048481
"WNT5A",2.89129364285156,2.60968774660833,2.36368118800427,0.527612454847287,0.0157946848291397,0.246006558604062,0.29293466385916,0.0482366050719354
