"SYMBOL","ENTREZID"
"NR1H4","9971"
"PPARA","5465"
"PPARG","5468"
"AKT1","207"
"ALDH2","217"
"AR","367"
"HSD11B1","3290"
"IL1B","3553"
"MTTP","4547"
"PNPLA3","80339"
"PPARD","5467"
"TNF","7124"
"ACE","1636"
"ADIPOQ","9370"
"AKR1B10","57016"
"CASP1","834"
"CASP3","836"
"CES1","1066"
"CTSB","1508"
"CYP2E1","1571"
"EGFR","1956"
"ESR1","2099"
"FABP4","2167"
"FAS","355"
"GCK","2645"
"GPT","2875"
"GSTP1","2950"
"HMGCR","3156"
"HNF4A","3172"
"IGF1R","3480"
"IL6","3569"
"INS","3630"
"JAK2","3717"
"MMP1","4312"
"MMP2","4313"
"MMP9","4318"
"NOS2","4843"
"NOS3","4846"
"NQO1","1728"
"NR1H3","10062"
"PTGS2","5743"
"PTPN1","5770"
"SERPINA1","5265"
"SERPINE1","5054"
"SIRT1","23411"
"SOD2","6648"
"SREBF1","6720"
"TGFB1","7040"
"VDR","7421"
"ABCB4","5244"
"ABCG2","9429"
"ACACA","31"
"ACACB","32"
"ACADM","34"
"ADAM10","102"
"AFP","174"
"AHR","196"
"ALB","213"
"ALOX15","246"
"ANGPTL4","51129"
"ATF3","467"
"BCL2","596"
"CASP9","842"
"CAT","847"
"CCL2","6347"
"CCL20","6364"
"CDC25B","994"
"CDKN1A","1026"
"CFB","629"
"CPT1A","1374"
"CTSD","1509"
"CX3CR1","1524"
"CYP1A2","1544"
"CYP2C19","1557"
"CYP3A4","1576"
"CYP7A1","1581"
"DGAT1","8694"
"DHODH","1723"
"EGR1","1958"
"ELANE","1991"
"ERN1","2081"
"FABP3","2170"
"FABP6","2172"
"FADS1","3992"
"FADS2","9415"
"FFAR1","2864"
"FGF21","26291"
"FOS","2353"
"FOXO1","2308"
"GPBAR1","151306"
"GSK3B","2932"
"GSR","2936"
"HCK","3055"
"HDAC2","3066"
"HDAC8","55869"
"HMOX1","3162"
"HSPA8","3312"
"IER3","8870"
"IGFBP1","3484"
"IL10","3586"
"IL1RL1","9173"
"JAK1","3716"
"LDLR","3949"
"LEPR","3953"
"LGALS3","3958"
"LIF","3976"
"MAPK8","5599"
"ME1","4199"
"MIF","4282"
"MYC","4609"
"NFE2L2","4780"
"NFIL3","4783"
"NLRP3","114548"
"NR1I2","8856"
"NR1I3","9970"
"NRG1","3084"
"OTC","5009"
"PARP1","142"
"PCK1","5105"
"PDGFRB","5159"
"PEG10","23089"
"PHLDA1","22822"
"PIM1","5292"
"PIM3","415116"
"PLIN1","5346"
"PRKCA","5578"
"PTEN","5728"
"PTGER2","5732"
"PYGL","5836"
"RELA","5970"
"RORA","6095"
"SAA1","6288"
"SCARB1","949"
"SCD","6319"
"SERPINB2","5055"
"SHBG","6462"
"TP53","7157"
"TRIB3","57761"
"TYMS","7298"
"YARS1","8565"
"ABCA1","19"
"ABCC1","4363"
"ABCC2","1244"
"ABCC5","10057"
"ABCG1","9619"
"ABCG8","64241"
"ACAA2","10449"
"ACADVL","37"
"ACOT12","134526"
"ACOX1","51"
"ADAMTSL2","9719"
"ADAR","103"
"AGFG2","3268"
"AGT","183"
"AGTR1","185"
"AHSG","197"
"AIM2","9447"
"AKAP12","9590"
"ALAS1","211"
"ALOX5","240"
"ALPP","250"
"AOX1","316"
"AP1G1","164"
"APOA1","335"
"APOA5","116519"
"APOB","338"
"APOBEC3A","200315"
"APOC1","341"
"APOE","348"
"ARG2","384"
"ASPM","259266"
"ATF4","468"
"ATF6","22926"
"ATG7","10533"
"ATP1A1","476"
"ATP1A2","477"
"AVPR1A","552"
"B2M","567"
"BATF3","55509"
"BAX","581"
"BCL2A1","597"
"BGLAP","632"
"BIRC5","332"
"BLVRB","645"
"BNIP3","664"
"BTN3A1","11119"
"C3","718"
"CA12","771"
"CADM1","23705"
"CASP6","839"
"CBR1","873"
"CBS","875"
"CCL5","6352"
"CCR2","729230"
"CD14","929"
"CD163","9332"
"CD36","948"
"CDH1","999"
"CDKAL1","54901"
"CDKN2A","1029"
"CEBPA","1050"
"CERS4","79603"
"CETP","1071"
"CHST9","83539"
"CIDEA","1149"
"CIDEC","63924"
"CIT","11113"
"CKAP4","10970"
"CLU","1191"
"CNR1","1268"
"CNR2","1269"
"COX15","1355"
"CPNE2","221184"
"CPS1","1373"
"CPT2","1376"
"CROT","54677"
"CRP","1401"
"CT70","107987106"
"CTNNB1","1499"
"CXCL1","2919"
"CXCL10","3627"
"CXCL5","6374"
"CXCL9","4283"
"CXCR2","3579"
"CYP17A1","1586"
"CYP1A1","1543"
"CYP24A1","1591"
"CYP27A1","1593"
"CYP2R1","120227"
"CYP4A11","1579"
"DARS1","1615"
"DBNDD1","79007"
"DDB2","1643"
"DDIT3","1649"
"DHCR24","1718"
"DHRS12","79758"
"DIO1","1733"
"DLEU2","8847"
"DNM1L","10059"
"DNMT3A","1788"
"DUSP1","1843"
"EFEMP1","2202"
"EIF5","1983"
"ELF3","1999"
"ENG","2022"
"ENO3","2027"
"EPCAM","4072"
"EPHA2","1969"
"ERBB3","2065"
"ETFDH","2110"
"ETHE1","23474"
"FABP1","2168"
"FABP2","2169"
"FAM168A","23201"
"FASN","2194"
"FBXO2","26232"
"FBXW7","55294"
"FECH","2235"
"FGF23","8074"
"FGFR4","2264"
"FILIP1L","11259"
"FMO1","2326"
"FTH1","2495"
"GATAD2A","54815"
"GC","2638"
"GDF15","9518"
"GFPT1","2673"
"GFPT2","9945"
"GJA1","2697"
"GLO1","2739"
"GLT8D1","55830"
"GPC3","2719"
"GPR35","2859"
"GPR55","9290"
"GPT2","84706"
"GPX3","2878"
"GPX4","2879"
"GSDME","1687"
"GSTA1","2938"
"GSTM1","2944"
"GTF2I","2969"
"H1-0","3005"
"H19","283120"
"HACD2","201562"
"HADHA","3030"
"HBEGF","1839"
"HCFC1","3054"
"HDC","3067"
"HMGA1","3159"
"HMGB1","3146"
"HMGCS2","3158"
"HNF1A","6927"
"HP","3240"
"HSD17B13","345275"
"HSPA5","3309"
"HSPB1","3315"
"HTR2B","3357"
"HULC","728655"
"IFI6","2537"
"IFIT2","3433"
"IFIT3","3437"
"IGF1","3479"
"IGF2","3481"
"IGFBP2","3485"
"IGFBP3","3486"
"IL1A","3552"
"IL24","11009"
"IL32","9235"
"IL4","3565"
"IL6R","3570"
"IL6ST","3572"
"INPPL1","3636"
"INSR","3643"
"ITGB2","3689"
"ITPR1","3708"
"JUN","3725"
"KDM1A","23028"
"KIF22","3835"
"KLF11","8462"
"KLF4","9314"
"KLF5","688"
"KRT18","3875"
"KRT7","3855"
"LAMC2","3918"
"LAP3","51056"
"LCN2","3934"
"LDHA","3939"
"LGALS3BP","3959"
"LIPC","3990"
"LIPG","9388"
"LOX","4015"
"LPAR1","1902"
"LRRC31","79782"
"MAFF","23764"
"MAP1LC3B","81631"
"MAP3K14","9020"
"MAP3K8","1326"
"MAPK3","5595"
"MARVELD3","91862"
"MAT2A","4144"
"MB","4151"
"MC4R","4160"
"MCM3","4172"
"MERTK","10461"
"MFAP4","4239"
"MFN2","9927"
"MIMS2","116151"
"MIR30A","407029"
"MIR7-3HG","284424"
"MSMO1","6307"
"MTARC2","54996"
"MTHFD2","10797"
"MTOR","2475"
"MX2","4600"
"NCSTN","23385"
"NDUFA2","4695"
"NDUFB10","4716"
"NDUFS2","4720"
"NDUFS4","4724"
"NFKB1","4790"
"NFKBIA","4792"
"NFS1","9054"
"NOL3","8996"
"NOL4","8715"
"NOX4","50507"
"NPC1L1","29881"
"NR1H2","7376"
"OAS1","4938"
"OAS2","4939"
"OCIAD2","132299"
"OSGIN1","29948"
"OSR2","116039"
"P2RY2","5029"
"P3H1","64175"
"P4HA1","5033"
"PADI4","23569"
"PCK2","5106"
"PCSK9","255738"
"PDE4A","5141"
"PDGFB","5155"
"PDK4","5166"
"PITPNM2","57605"
"PKLR","5313"
"PLA2G12B","84647"
"PLIN2","123"
"PLIN5","440503"
"PNPT1","87178"
"PPP1R15A","23645"
"PRDX6","9588"
"PRKCD","5580"
"PRKCE","5581"
"PRMT5","10419"
"PSMD2","5708"
"PTK2","5747"
"PTTG1","9232"
"PVR","5817"
"PYGM","5837"
"RAB27A","5873"
"RAC1","5879"
"RACK1","10399"
"RARRES2","5919"
"RBBP7","5931"
"RBP4","5950"
"RET","5979"
"RETN","56729"
"RETSAT","54884"
"RPL4","6124"
"RPS3A","6189"
"RRP12","23223"
"RTN4","57142"
"S100A4","6275"
"S100B","6285"
"S100P","6286"
"SCT","6343"
"SDHB","6390"
"SESN2","83667"
"SFMBT2","57713"
"SLC11A1","6556"
"SLC16A13","201232"
"SLC22A11","55867"
"SLC22A4","6583"
"SLC25A1","6576"
"SLC25A13","10165"
"SLC25A24","29957"
"SLC25A34","284723"
"SLC25A4","291"
"SLC25A47","283600"
"SLC27A5","10998"
"SLC29A1","2030"
"SLC2A1","6513"
"SLC2A3","6515"
"SLC5A2","6524"
"SLC7A11","23657"
"SLC9A1","6548"
"SMAD3","4088"
"SPC25","57405"
"SPP1","6696"
"SPRY4","81848"
"SPX","80763"
"SQLE","6713"
"SQOR","58472"
"SQSTM1","8878"
"SREBF2","6721"
"STC2","8614"
"STOML2","30968"
"SUCLG1","8802"
"SUOX","6821"
"SYT7","9066"
"TERT","7015"
"TF","7018"
"TGM2","7052"
"THBS2","7058"
"TIPARP","25976"
"TJP1","7082"
"TLR3","7098"
"TLR4","7099"
"TLR9","54106"
"TMPO","7112"
"TNFSF10","8743"
"TREM1","54210"
"TRIB1","10221"
"TRPV1","7442"
"TSPO","706"
"TTPA","7274"
"TUBB6","84617"
"TXNIP","10628"
"UCP2","7351"
"UGT1A1","54658"
"UQCC1","55245"
"USP18","11274"
"VEGFA","7422"
"VLDLR","7436"
"VSIR","64115"
"WNT5A","7474"
"XDH","7498"
"YAP1","10413"
"ZFAS1","441951"
"ZNF331","55422"
