"category","subcategory","ID","Description","GeneRatio","BgRatio","RichFactor","FoldEnrichment","zScore","pvalue","p.adjust","qvalue","geneID","Count"
"Human Diseases","Cardiovascular disease","hsa05417","Lipid and atherosclerosis","52/384","216/9423",0.240740740740741,5.90755208333333,15.0386790319554,1.80075633719713e-26,5.69039002554294e-24,2.65153236802079e-24,"BAX/TNF/VLDLR/CYP1A1/CCL2/JAK2/HSPA8/CASP6/NFKB1/RELA/RAC1/LDLR/BCL2/CD36/MAPK3/MMP9/DDIT3/PPARG/TP53/ABCA1/PTK2/NLRP3/FOS/MAPK8/GSK3B/APOA1/IL1B/IL6/CASP9/ABCG1/CXCL1/CASP3/NFKBIA/ATF6/HSPA5/AKT1/ERN1/NOS3/PRKCA/CCL5/SOD2/FAS/CD14/TLR4/APOB/ATF4/ITPR1/JUN/CASP1/TNFSF10/NFE2L2/MMP1",52
"Organismal Systems","Endocrine system","hsa03320","PPAR signaling pathway","31/384","77/9423",0.402597402597403,9.87936282467533,16.1246852284164,1.44445092356096e-23,2.28223245922632e-21,1.06344437021413e-21,"PCK1/NR1H3/ACADM/FADS2/CPT2/PPARA/CD36/PPARG/CYP7A1/APOA5/APOA1/ME1/ACOX1/ANGPTL4/FABP1/PLIN2/SLC27A5/CYP27A1/FABP4/CPT1A/PPARD/HMGCS2/PLIN5/PCK2/PLIN1/FABP6/FABP3/SCD/ADIPOQ/MMP1/FABP2",31
"Human Diseases","Endocrine and metabolic disease","hsa04931","Insulin resistance","34/384","109/9423",0.311926605504587,7.65438646788991,14.4022425603475,1.61085235721162e-21,1.69676448292958e-19,7.90635778426552e-20,"ACACB/PYGM/PYGL/TNF/PCK1/FOXO1/NR1H3/PRKCE/PTPN1/NFKB1/PPARA/RELA/CD36/NR1H2/AGT/MAPK8/GSK3B/IL6/GFPT1/PRKCD/SLC27A5/PTEN/NFKBIA/CPT1A/AKT1/PCK2/NOS3/INS/MTOR/TRIB3/INSR/SREBF1/GFPT2/SLC2A1",34
"Human Diseases","Endocrine and metabolic disease","hsa04933","AGE-RAGE signaling pathway in diabetic complications","31/384","101/9423",0.306930693069307,7.53179146039604,13.6023960957549,1.76295857269661e-19,1.39273727243032e-17,6.48969216770976e-18,"BAX/SMAD3/TNF/FOXO1/PRKCE/CCL2/JAK2/PIM1/NFKB1/RELA/RAC1/IL1A/BCL2/MAPK3/AGTR1/AGT/MAPK8/IL1B/IL6/TGFB1/CASP3/PRKCD/NOX4/SERPINE1/AKT1/NOS3/PRKCA/VEGFA/JUN/MMP2/EGR1",31
"Human Diseases","Endocrine and metabolic disease","hsa04932","Non-alcoholic fatty liver disease","36/384","157/9423",0.229299363057325,5.62679140127389,12.0492653067916,8.12696092263806e-18,5.13623930310725e-16,2.39331657425186e-16,"BAX/TNF/NR1H3/NFKB1/PPARA/RELA/RAC1/IL1A/DDIT3/PPARG/LEPR/SDHB/FOS/MAPK8/GSK3B/IL1B/CYP2E1/IL6/TGFB1/IL6R/CASP3/NDUFB10/CEBPA/AKT1/PKLR/ERN1/FAS/INS/ATF4/JUN/ADIPOQ/INSR/SREBF1/NDUFS2/NDUFS4/NDUFA2",36
"Human Diseases","Endocrine and metabolic disease","hsa04936","Alcoholic liver disease","34/384","144/9423",0.236111111111111,5.7939453125,11.9481510146034,2.63768123563993e-17,1.38917878410369e-15,6.47311079642077e-16,"ACACB/TNF/FOXO1/ACADM/NFKB1/SIRT1/PPARA/RELA/FASN/ACADVL/ACACA/MAPK8/C3/ALDH2/GSK3B/IL1B/CYP2E1/ACOX1/IL6/FABP1/CXCL1/CASP3/CTNNB1/NFKBIA/CPT1A/NOX4/AKT1/MAP3K14/FAS/CD14/TLR4/SCD/ADIPOQ/SREBF1",34
"Human Diseases","Cardiovascular disease","hsa05415","Diabetic cardiomyopathy","36/384","205/9423",0.175609756097561,4.30929878048781,9.87350901045182,6.00968409805405e-14,2.71294310712154e-12,1.26414119749996e-12,"SMAD3/CTSD/NFKB1/CPT2/PPARA/RELA/RAC1/CD36/MMP9/ACE/AGTR1/SDHB/AGT/MAPK8/GSK3B/GSR/PARP1/TGFB1/GFPT1/NDUFB10/PRKCD/PTEN/SLC25A4/AKT1/NOS3/PRKCA/INS/MTOR/INSR/GFPT2/NDUFS2/SLC2A1/MMP2/PDK4/NDUFS4/NDUFA2",36
"Cellular Processes","Cell growth and death","hsa04210","Apoptosis","28/384","138/9423",0.202898550724638,4.9789402173913,9.70494262314048,1.07751603635137e-12,3.9531679157028e-11,1.8420446819385e-11,"BAX/TNF/CASP6/CTSD/NFKB1/RELA/BCL2/MAPK3/DDIT3/TP53/FOS/MAPK8/CTSB/PARP1/CASP9/CASP3/BCL2A1/NFKBIA/NOL3/AKT1/ERN1/MAP3K14/FAS/BIRC5/ATF4/ITPR1/JUN/TNFSF10",28
"Environmental Information Processing","Signal transduction","hsa04668","TNF signaling pathway","26/384","119/9423",0.218487394957983,5.36147584033613,9.86845283700529,1.16744862686775e-12,3.9531679157028e-11,1.8420446819385e-11,"DNM1L/TNF/PTGS2/CCL2/NFKB1/RELA/MAPK3/MMP9/FOS/CXCL10/MAPK8/IL1B/IL6/CXCL1/CASP3/CXCL5/NFKBIA/AKT1/LIF/MAP3K14/CCL5/FAS/ATF4/JUN/CCL20/MAP3K8",26
"Environmental Information Processing","Signal transduction","hsa04066","HIF-1 signaling pathway","25/384","110/9423",0.227272727272727,5.57705965909091,9.95210806726535,1.25100250496924e-12,3.9531679157028e-11,1.8420446819385e-11,"TF/NFKB1/RELA/IGF1R/BCL2/MAPK3/NOS2/IL6/IL6R/ENO3/HMOX1/SERPINE1/CDKN1A/AKT1/LDHA/NOS3/PRKCA/VEGFA/INS/TLR4/IGF1/MTOR/INSR/SLC2A1/EGFR",25
"Human Diseases","Cardiovascular disease","hsa05418","Fluid shear stress and atherosclerosis","28/384","142/9423",0.197183098591549,4.83868838028169,9.49962830588484,2.25648615657021e-12,6.48226932251078e-11,3.02052176559296e-11,"TNF/CCL2/NFKB1/RELA/RAC1/IL1A/SQSTM1/GSTM1/BCL2/MMP9/TP53/PTK2/FOS/MAPK8/IL1B/DUSP1/CTNNB1/GSTA1/GSTP1/HMOX1/AKT1/NOS3/VEGFA/NQO1/JUN/PDGFB/MMP2/NFE2L2",28
"Human Diseases","Cancer: specific types","hsa05215","Prostate cancer","24/384","106/9423",0.226415094339623,5.5560141509434,9.72247685940264,3.89835217479427e-12,1.02656607269582e-10,4.78345624367856e-11,"AR/FOXO1/NFKB1/RELA/IGF1R/BCL2/MAPK3/MMP9/TP53/GSK3B/CASP9/CTNNB1/PTEN/NFKBIA/GSTP1/CDKN1A/AKT1/PDGFRB/INS/IGF1/MTOR/ATF4/PDGFB/EGFR",24
"Environmental Information Processing","Signal transduction","hsa04010","MAPK signaling pathway","41/384","301/9423",0.136212624584718,3.34253010797342,8.51334756592208,6.33468805353625e-12,1.53981648070573e-10,7.1750323283219e-11,"TNF/HSPA8/NFKB1/RELA/RAC1/IL1A/IGF1R/MAPK3/DDIT3/ERBB3/TP53/FGF21/FOS/MAPK8/IL1B/TGFB1/DUSP1/HSPB1/CASP3/AKT1/MYC/MAP3K14/PRKCA/PDGFRB/VEGFA/RET/FGFR4/FAS/INS/CD14/FGF23/IGF2/IGF1/CDC25B/ATF4/JUN/INSR/MAP3K8/PDGFB/EGFR/EPHA2",41
"Human Diseases","Cancer: overview","hsa05208","Chemical carcinogenesis - reactive oxygen species","35/384","227/9423",0.154185022026432,3.78355589207048,8.74964358191682,6.97624054147635e-12,1.57463715079038e-10,7.33728506212601e-11,"AHR/CYP1A1/PTPN1/NFKB1/RELA/RAC1/GSTM1/MAPK3/CAT/SDHB/PTK2/FOS/MAPK8/CYP2E1/NDUFB10/CYP1A2/PRKCD/GSTA1/PTEN/NFKBIA/NOX4/HMOX1/SLC25A4/AKT1/CBR1/MAP3K14/VEGFA/NQO1/SOD2/JUN/NDUFS2/NFE2L2/EGFR/NDUFS4/NDUFA2",35
"Organismal Systems","Digestive system","hsa04979","Cholesterol metabolism","17/384","52/9423",0.326923076923077,8.02238581730769,10.4657500447331,9.851178494736e-12,2.07531493622438e-10,9.67027690990462e-11,"LDLR/CD36/ABCA1/ABCG8/CYP7A1/LIPC/TSPO/APOE/APOA1/ANGPTL4/SCARB1/CYP27A1/CETP/PCSK9/APOB/APOC1/LIPG",17
"Human Diseases","Infectious disease: viral","hsa05167","Kaposi sarcoma-associated herpesvirus infection","32/384","196/9423",0.163265306122449,4.00637755102041,8.76633906175989,1.22560194380299e-11,2.4205638390109e-10,1.12790218933818e-10,"BAX/PTGS2/MAP1LC3B/JAK2/NFKB1/RELA/RAC1/MAPK3/TP53/IL6ST/TLR3/FOS/MAPK8/C3/GSK3B/IL6/CASP9/CXCL1/CASP3/CTNNB1/NFKBIA/CDKN1A/AKT1/MYC/JAK1/VEGFA/FAS/MTOR/ITPR1/JUN/PDGFB/HCK",32
"Human Diseases","Infectious disease: viral","hsa05161","Hepatitis B","29/384","163/9423",0.177914110429448,4.36584547546012,8.93427778850214,1.3303418564008e-11,2.47287074483914e-10,1.15227546660952e-10,"BAX/SMAD3/TNF/JAK2/NFKB1/RELA/BCL2/MAPK3/MMP9/TP53/TLR3/FOS/MAPK8/IL6/CASP9/TGFB1/CASP3/DDB2/NFKBIA/CDKN1A/AKT1/MYC/JAK1/PRKCA/FAS/TLR4/BIRC5/ATF4/JUN",29
"Organismal Systems","Immune system","hsa04657","IL-17 signaling pathway","22/384","94/9423",0.234042553191489,5.74318484042553,9.52562320310845,1.55475757955392e-11,2.72946330632799e-10,1.27183906051557e-10,"TNF/PTGS2/CCL2/NFKB1/RELA/MAPK3/MMP9/IL4/FOS/CXCL10/MAPK8/GSK3B/IL1B/IL6/CXCL1/CASP3/CXCL5/NFKBIA/LCN2/JUN/CCL20/MMP1",22
"Human Diseases","Infectious disease: bacterial","hsa05133","Pertussis","20/384","78/9423",0.256410256410256,6.29206730769231,9.67297302357621,2.20424739076719e-11,3.66601144990754e-10,1.70823932583377e-10,"TNF/ITGB2/IL10/NFKB1/RELA/IL1A/MAPK3/NLRP3/FOS/MAPK8/C3/NOS2/IL1B/IL6/CASP3/CXCL5/CD14/TLR4/JUN/CASP1",20
"Human Diseases","Cancer: specific types","hsa05210","Colorectal cancer","21/384","87/9423",0.241379310344828,5.92322198275862,9.50835946227499,2.41841460813373e-11,3.82109508085129e-10,1.7805031364604e-10,"BAX/SMAD3/RAC1/BCL2/MAPK3/TP53/FOS/MAPK8/GSK3B/CASP9/TGFB1/CASP3/DDB2/CTNNB1/CDKN1A/AKT1/MYC/MTOR/BIRC5/JUN/EGFR",21
"Human Diseases","Infectious disease: viral","hsa05162","Measles","26/384","136/9423",0.191176470588235,4.69129136029412,8.93690263705158,2.94840386983095e-11,4.4366458231742e-10,2.067329296021e-10,"RACK1/BAX/HSPA8/TLR9/ADAR/NFKB1/RELA/IL1A/BCL2/TP53/FOS/MAPK8/GSK3B/IL1B/IL6/CASP9/CASP3/NFKBIA/OAS1/AKT1/JAK1/FAS/TLR4/JUN/MX2/OAS2",26
"Human Diseases","Infectious disease: viral","hsa05163","Human cytomegalovirus infection","34/384","227/9423",0.149779735682819,3.67545429515419,8.40984424598536,3.22881126951521e-11,4.63774709621275e-10,2.1610357963344e-10,"BAX/TNF/PTGS2/CCL2/B2M/NFKB1/RELA/RAC1/MAPK3/TP53/PTK2/CXCR2/GSK3B/IL1B/IL6/CASP9/CDKN2A/IL6R/CASP3/CTNNB1/NFKBIA/CDKN1A/AKT1/MYC/JAK1/PRKCA/CCL5/VEGFA/PTGER2/FAS/MTOR/ATF4/ITPR1/EGFR",34
"Human Diseases","Drug resistance: antineoplastic","hsa01521","EGFR tyrosine kinase inhibitor resistance","20/384","80/9423",0.25,6.134765625,9.50603509111841,3.65037116559622e-11,5.01529255794959e-10,2.33695941627978e-10,"BAX/NRG1/JAK2/IGF1R/BCL2/MAPK3/ERBB3/GSK3B/IL6/IL6R/PTEN/AKT1/JAK1/PRKCA/PDGFRB/VEGFA/IGF1/MTOR/PDGFB/EGFR",20
"Environmental Information Processing","Signal transduction","hsa04151","PI3K-Akt signaling pathway","44/384","362/9423",0.121546961325967,2.98264848066298,7.92846129767622,5.02718844509212e-11,6.61913145270462e-10,3.08429496330634e-10,"LPAR1/PCK1/JAK2/NFKB1/RELA/RAC1/IGF1R/BCL2/MAPK3/ERBB3/TP53/FGF21/IL4/PTK2/SPP1/THBS2/GSK3B/IL6/CASP9/IL6R/LAMC2/PTEN/CDKN1A/AKT1/MYC/PCK2/JAK1/NOS3/PRKCA/PDGFRB/VEGFA/RET/FGFR4/INS/FGF23/IGF2/TLR4/IGF1/MTOR/ATF4/INSR/PDGFB/EGFR/EPHA2",44
"Human Diseases","Infectious disease: viral","hsa05164","Influenza A","29/384","173/9423",0.167630057803468,4.11348446531792,8.51874968835044,6.0492286466472e-11,7.64622500936206e-10,3.56288637764493e-10,"BAX/TNF/CCL2/JAK2/ADAR/NFKB1/RELA/IL1A/MAPK3/TLR3/NLRP3/CXCL10/IL1B/IL6/CASP9/CASP3/NFKBIA/OAS1/SLC25A4/AKT1/JAK1/PRKCA/CCL5/FAS/TLR4/MX2/CASP1/TNFSF10/OAS2",29
"Human Diseases","Infectious disease: parasitic","hsa05142","Chagas disease","22/384","103/9423",0.213592233009709,5.24135315533981,8.92055880597422,1.0664210299534e-10,1.29611171332797e-09,6.03944922058677e-10,"TNF/IL10/CCL2/TLR9/NFKB1/RELA/MAPK3/ACE/FOS/MAPK8/C3/NOS2/IL1B/IL6/TGFB1/NFKBIA/SERPINE1/AKT1/CCL5/FAS/TLR4/JUN",22
"Cellular Processes","Transport and catabolism","hsa04148","Efferocytosis","27/384","158/9423",0.170886075949367,4.19338409810127,8.34322506009696,1.80427719482291e-10,2.09327415554477e-09,9.75396089486636e-10,"NR1H3/ARG2/IL10/PTGS2/JAK2/SIRT1/RAC1/CX3CR1/CD36/MAPK3/PPARG/ABCA1/PTK2/NR1H2/DNMT3A/MERTK/ALOX15/TGFB1/CASP3/ALOX5/CPT1A/PPARD/PTGER2/P2RY2/ADAM10/CASP1/SLC2A1",27
"Human Diseases","Infectious disease: parasitic","hsa05140","Leishmaniasis","19/384","78/9423",0.243589743589744,5.97746394230769,9.09793312148194,1.85479988465993e-10,2.09327415554477e-09,9.75396089486636e-10,"TNF/ITGB2/IL10/PTGS2/JAK2/NFKB1/RELA/IL1A/MAPK3/IL4/FOS/C3/NOS2/IL1B/TGFB1/NFKBIA/JAK1/TLR4/JUN",19
"Organismal Systems","Immune system","hsa04620","Toll-like receptor signaling pathway","22/384","109/9423",0.201834862385321,4.95283830275229,8.55521937488601,3.41304773663428e-10,3.71904511991873e-09,1.73295125102666e-09,"TNF/TLR9/NFKB1/RELA/RAC1/MAPK3/TLR3/FOS/CXCL10/SPP1/MAPK8/IL1B/IL6/NFKBIA/AKT1/JAK1/CCL5/CD14/TLR4/JUN/MAP3K8/CXCL9",22
"Human Diseases","Infectious disease: bacterial","hsa05134","Legionellosis","16/384","56/9423",0.285714285714286,7.01116071428571,9.29884613711964,3.96889928211822e-10,4.18057391049786e-09,1.94800830713368e-09,"TNF/ITGB2/HSPA8/NFKB1/RELA/C3/IL1B/IL6/CASP9/CXCL1/CASP3/NFKBIA/CD14/TLR4/BNIP3/CASP1",16
"Environmental Information Processing","Signal transduction","hsa04152","AMPK signaling pathway","23/384","122/9423",0.188524590163934,4.62621670081967,8.30894369162851,5.63084805435935e-10,5.65475265587201e-09,2.63492653981403e-09,"ACACB/PCK1/FOXO1/SIRT1/FASN/IGF1R/CD36/PPARG/LEPR/ACACA/CPT1A/HNF4A/AKT1/PCK2/CIDEA/INS/SCD/IGF1/MTOR/ADIPOQ/INSR/SREBF1/HMGCR",23
"Human Diseases","Infectious disease: viral","hsa05171","Coronavirus disease","33/384","239/9423",0.138075313807531,3.38823875523013,7.70792931752721,5.72633180341469e-10,5.65475265587201e-09,2.63492653981403e-09,"TNF/CCL2/CFB/HBEGF/ADAR/NFKB1/RELA/MAPK3/ACE/IL6ST/TLR3/AGTR1/NLRP3/FOS/CXCL10/MAPK8/C3/IL1B/IL6/IL6R/NFKBIA/OAS1/JAK1/PRKCA/RPS3A/TLR4/JUN/MX2/CASP1/RPL4/OAS2/MMP1/EGFR",33
"Human Diseases","Infectious disease: viral","hsa05160","Hepatitis C","26/384","156/9423",0.166666666666667,4.08984375,8.02058793780075,6.97591118180869e-10,6.67996343470165e-09,3.11264064234626e-09,"BAX/TNF/NR1H3/NFKB1/PPARA/RELA/LDLR/MAPK3/TP53/TLR3/CXCL10/GSK3B/CASP9/CASP3/CTNNB1/SCARB1/NFKBIA/OAS1/CDKN1A/AKT1/MYC/JAK1/FAS/MX2/OAS2/EGFR",26
"Human Diseases","Cancer: specific types","hsa05212","Pancreatic cancer","18/384","77/9423",0.233766233766234,5.73640422077922,8.60118329238342,1.16228077079542e-09,1.08023742226869e-08,5.03354687013649e-09,"BAX/SMAD3/NFKB1/RELA/RAC1/MAPK3/TP53/MAPK8/CASP9/TGFB1/CDKN2A/DDB2/CDKN1A/AKT1/JAK1/VEGFA/MTOR/EGFR",18
"Organismal Systems","Endocrine system","hsa04920","Adipocytokine signaling pathway","17/384","70/9423",0.242857142857143,5.95948660714286,8.58395127099262,1.80061740385512e-09,1.62570028462348e-08,7.57522227128618e-09,"ACACB/TNF/PCK1/JAK2/NFKB1/PPARA/RELA/CD36/LEPR/MAPK8/NFKBIA/CPT1A/AKT1/PCK2/MTOR/ADIPOQ/SLC2A1",17
"Human Diseases","Cancer: overview","hsa05205","Proteoglycans in cancer","29/384","204/9423",0.142156862745098,3.48839613970588,7.40576051899623,3.35090479503031e-09,2.94134976452661e-08,1.370571098168e-08,"TNF/GPC3/ESR1/HBEGF/SLC9A1/WNT5A/RAC1/IGF1R/MAPK3/MMP9/ERBB3/TP53/PTK2/TGFB1/CASP3/CTNNB1/CDKN1A/AKT1/MYC/PRKCA/VEGFA/FAS/IGF2/TLR4/IGF1/MTOR/ITPR1/MMP2/EGFR",29
"Human Diseases","Cancer: specific types","hsa05225","Hepatocellular carcinoma","26/384","170/9423",0.152941176470588,3.75303308823529,7.46571796967423,4.6657174758509e-09,3.98477492532131e-08,1.85677249649666e-08,"BAX/SMAD3/WNT5A/IGF1R/GSTM1/MAPK3/TP53/GSK3B/TGFB1/CDKN2A/DDB2/CTNNB1/GSTA1/PTEN/GSTP1/HMOX1/CDKN1A/AKT1/TERT/MYC/PRKCA/NQO1/IGF2/MTOR/NFE2L2/EGFR",26
"Organismal Systems","Immune system","hsa04621","NOD-like receptor signaling pathway","27/384","187/9423",0.144385026737968,3.54307319518717,7.23960165059334,8.43971139679983e-09,7.01828631944407e-08,3.27028784679269e-08,"DNM1L/TNF/MAP1LC3B/CCL2/MFN2/NFKB1/RELA/BCL2/MAPK3/NLRP3/MAPK8/CTSB/AIM2/IL1B/IL6/CXCL1/PRKCD/NFKBIA/OAS1/JAK1/CCL5/TLR4/TXNIP/ITPR1/JUN/CASP1/OAS2",27
"Human Diseases","Drug resistance: antineoplastic","hsa01522","Endocrine resistance","19/384","99/9423",0.191919191919192,4.70951704545455,7.64734714092324,1.34632029083342e-08,1.09086464590605e-07,5.08306619540274e-08,"BAX/ESR1/HBEGF/IGF1R/BCL2/MAPK3/MMP9/TP53/PTK2/FOS/MAPK8/CDKN2A/CDKN1A/AKT1/IGF1/MTOR/JUN/MMP2/EGFR",19
"Human Diseases","Cancer: overview","hsa05207","Chemical carcinogenesis - receptor activation","29/384","217/9423",0.133640552995392,3.27941388248848,7.00155556151305,1.40675047001149e-08,1.11133287130908e-07,5.17844131367838e-08,"NR1I3/AR/AHR/CYP1A1/JAK2/ESR1/NFKB1/PPARA/RELA/GSTM1/BCL2/MAPK3/VDR/FOS/UGT1A1/CYP1A2/GSTA1/AKT1/MYC/CYP3A4/PRKCA/VEGFA/MTOR/KLF4/BIRC5/ATF4/JUN/KLF5/EGFR",29
"Organismal Systems","Aging","hsa04211","Longevity regulating pathway","18/384","90/9423",0.2,4.9078125,7.67752622329821,1.65410061251451e-08,1.27486778915752e-07,5.94045960421798e-08,"BAX/FOXO1/NFKB1/SIRT1/RELA/IGF1R/PPARG/TP53/CAT/SESN2/AKT1/SOD2/INS/IGF1/MTOR/ATF4/ADIPOQ/INSR",18
"Environmental Information Processing","Signal transduction","hsa04068","FoxO signaling pathway","22/384","133/9423",0.165413533834586,4.05909304511278,7.32297613949759,1.70533377682349e-08,1.28306065113386e-07,5.97863561433235e-08,"SMAD3/PCK1/FOXO1/IL10/SIRT1/IGF1R/MAPK3/CAT/MAPK8/IL6/TGFB1/PTEN/CDKN1A/AKT1/PCK2/SOD2/INS/IGF1/BNIP3/INSR/TNFSF10/EGFR",22
"Human Diseases","Infectious disease: parasitic","hsa05145","Toxoplasmosis","20/384","112/9423",0.178571428571429,4.38197544642857,7.42092884123024,2.02479944644567e-08,1.48799215134147e-07,6.9335482013227e-08,"TNF/IL10/JAK2/HSPA8/NFKB1/RELA/LDLR/BCL2/MAPK3/MAPK8/NOS2/CASP9/TGFB1/CASP3/LAMC2/ALOX5/NFKBIA/AKT1/JAK1/TLR4",20
"Human Diseases","Cancer: specific types","hsa05218","Melanoma","16/384","73/9423",0.219178082191781,5.37842465753425,7.74016955676472,2.65886041979762e-08,1.90954521058193e-07,8.89784515881922e-08,"BAX/IGF1R/MAPK3/TP53/FGF21/CDH1/CDKN2A/DDB2/PTEN/CDKN1A/AKT1/PDGFRB/FGF23/IGF1/PDGFB/EGFR",16
"Human Diseases","Infectious disease: viral","hsa05166","Human T-cell leukemia virus 1 infection","29/384","224/9423",0.129464285714286,3.17693219866071,6.79634742570307,2.89538905332503e-08,2.0332065352238e-07,9.47406577548772e-08,"BAX/SMAD3/TNF/ITGB2/B2M/NFKB1/RELA/MAPK3/TP53/FOS/PTTG1/MAPK8/TSPO/IL6/TGFB1/CDKN2A/PTEN/NFKBIA/SLC25A4/CDKN1A/AKT1/TERT/MYC/JAK1/MAP3K14/ATF4/JUN/SLC2A1/EGR1",29
"Human Diseases","Cancer: specific types","hsa05219","Bladder cancer","12/384","41/9423",0.292682926829268,7.18216463414634,8.1763928420165,4.78279868183755e-08,3.28557474665362e-07,1.53096848356586e-07,"HBEGF/MAPK3/MMP9/TP53/CDH1/CDKN2A/CDKN1A/MYC/VEGFA/MMP2/MMP1/EGFR",12
"Human Diseases","Infectious disease: viral","hsa05168","Herpes simplex virus 1 infection","25/384","180/9423",0.138888888888889,3.408203125,6.72356891407945,6.70675333684093e-08,4.50922139242922e-07,2.10114709588066e-07,"BAX/TNF/CCL2/JAK2/TLR9/B2M/NFKB1/RELA/BCL2/TP53/TLR3/C3/IL1B/IL6/CASP9/CASP3/HCFC1/NFKBIA/OAS1/AKT1/JAK1/CCL5/FAS/MTOR/OAS2",25
"Organismal Systems","Immune system","hsa04659","Th17 cell differentiation","19/384","109/9423",0.174311926605505,4.27745126146789,7.09346357852063,6.89392048667746e-08,4.53849765372933e-07,2.11478885929291e-07,"SMAD3/AHR/JAK2/NFKB1/RELA/MAPK3/IL6ST/IL4/FOS/MAPK8/IL1B/IL6/TGFB1/IL6R/RORA/NFKBIA/JAK1/MTOR/JUN",19
"Human Diseases","Infectious disease: bacterial","hsa05152","Tuberculosis","25/384","181/9423",0.138121546961326,3.38937327348066,6.68986379759332,7.49440504384217e-08,4.83312651806965e-07,2.2520761044281e-07,"BAX/TNF/ITGB2/IL10/JAK2/TLR9/CTSD/NFKB1/RELA/IL1A/BCL2/MAPK3/VDR/MAPK8/C3/NOS2/IL1B/IL6/CASP9/TGFB1/CASP3/AKT1/JAK1/CD14/TLR4",25
"Organismal Systems","Digestive system","hsa04976","Bile secretion","17/384","90/9423",0.188888888888889,4.63515625,7.14184916373582,1.00960564287757e-07,6.38070766298626e-07,2.97319741236402e-07,"ABCB4/ABCG2/SLC9A1/LDLR/ABCG8/CYP7A1/ABCC2/ATP1A1/UGT1A1/SCARB1/SLC27A5/CYP3A4/NR1H4/ATP1A2/SLC2A1/HMGCR/SCT",17
"Organismal Systems","Digestive system","hsa04975","Fat digestion and absorption","12/384","44/9423",0.272727272727273,6.69247159090909,7.80056232507243,1.14289341404499e-07,7.08145723212191e-07,3.29972338968709e-07,"CD36/DGAT1/ABCA1/ABCG8/NPC1L1/APOA1/FABP1/SCARB1/PLA2G12B/MTTP/APOB/FABP2",12
"Human Diseases","Infectious disease: bacterial","hsa05120","Epithelial cell signaling in Helicobacter pylori infection","15/384","71/9423",0.211267605633803,5.18430897887324,7.29419955447577,1.22590776329842e-07,7.35241527561631e-07,3.42598082010503e-07,"HBEGF/TJP1/NFKB1/RELA/RAC1/CXCR2/MAPK8/CXCL1/CASP3/NFKBIA/MAP3K14/CCL5/ADAM10/JUN/EGFR",15
"Human Diseases","Infectious disease: bacterial","hsa05131","Shigellosis","30/384","253/9423",0.118577075098814,2.909770256917,6.34649126978731,1.2331582582521e-07,7.35241527561631e-07,3.42598082010503e-07,"BAX/TNF/FOXO1/PRKCE/MAP1LC3B/NFKB1/RELA/RAC1/SQSTM1/BCL2/MAPK3/TP53/PTK2/NLRP3/MAPK8/C3/GSK3B/IL1B/PRKCD/NFKBIA/AKT1/CCL5/CD14/TLR4/BNIP3/MTOR/ITPR1/JUN/CASP1/EGFR",30
"Human Diseases","Infectious disease: parasitic","hsa05146","Amoebiasis","18/384","103/9423",0.174757281553398,4.28837985436893,6.9162328136594,1.47196975180393e-07,8.61374891796375e-07,4.01372031854806e-07,"TNF/ARG2/ITGB2/IL10/NFKB1/RELA/PTK2/NOS2/IL1B/IL6/TGFB1/HSPB1/CXCL1/CASP3/LAMC2/PRKCA/CD14/TLR4",18
"Human Diseases","Drug resistance: antineoplastic","hsa01523","Antifolate resistance","10/384","30/9423",0.333333333333333,8.1796875,8.11784915173381,1.62594157635309e-07,9.34177342050138e-07,4.35295550708974e-07,"TNF/ABCG2/ABCC1/NFKB1/RELA/TYMS/ABCC2/IL1B/IL6/ABCC5",10
"Human Diseases","Cancer: specific types","hsa05222","Small cell lung cancer","17/384","93/9423",0.182795698924731,4.48563508064516,6.96240911662379,1.66562961012749e-07,9.39890994286224e-07,4.3795792249291e-07,"BAX/PTGS2/NFKB1/RELA/BCL2/TP53/PTK2/NOS2/CASP9/CASP3/DDB2/LAMC2/PTEN/NFKBIA/CDKN1A/AKT1/MYC",17
"Human Diseases","Infectious disease: viral","hsa05169","Epstein-Barr virus infection","26/384","205/9423",0.126829268292683,3.11227134146341,6.30209947963175,2.3315420728266e-07,1.29257420177756e-06,6.02296559409354e-07,"BAX/TNF/B2M/HDAC2/NFKB1/RELA/RAC1/BCL2/TP53/CXCL10/MAPK8/IL6/CASP9/CASP3/DDB2/NFKBIA/OAS1/CDKN1A/AKT1/MYC/JAK1/MAP3K14/FAS/PSMD2/JUN/OAS2",26
"Human Diseases","Drug resistance: antineoplastic","hsa01524","Platinum drug resistance","15/384","75/9423",0.2,4.9078125,7.00296517286471,2.63201457789217e-07,1.43399414933435e-06,6.6819354832355e-07,"BAX/GSTM1/BCL2/MAPK3/TP53/ABCC2/CASP9/CDKN2A/CASP3/GSTA1/GSTP1/CDKN1A/AKT1/FAS/BIRC5",15
"Cellular Processes","Cell growth and death","hsa04217","Necroptosis","23/384","168/9423",0.136904761904762,3.35951450892857,6.36013084683262,2.96348996048668e-07,1.58722513137931e-06,7.39594086222011e-07,"BAX/PYGM/PYGL/DNM1L/TNF/JAK2/IL1A/SQSTM1/BCL2/TLR3/NLRP3/MAPK8/ALOX15/PARP1/IL1B/SLC25A4/JAK1/HMGB1/FTH1/FAS/TLR4/CASP1/TNFSF10",23
"Human Diseases","Cancer: specific types","hsa05214","Glioma","15/384","76/9423",0.197368421052632,4.84323601973684,6.93337515342984,3.15917039826884e-07,1.66382974308825e-06,7.75289285773215e-07,"BAX/IGF1R/MAPK3/TP53/CDKN2A/DDB2/PTEN/CDKN1A/AKT1/PRKCA/PDGFRB/IGF1/MTOR/PDGFB/EGFR",15
"Metabolism","Global and overview maps","hsa01212","Fatty acid metabolism","13/384","57/9423",0.228070175438596,5.59662828947368,7.17425329075097,3.34294888402352e-07,1.73175712680563e-06,8.06941185870239e-07,"ACADM/FADS2/HADHA/CPT2/FASN/ACADVL/ACACA/HACD2/FADS1/ACOX1/CPT1A/ACAA2/SCD",13
"Human Diseases","Neurodegenerative disease","hsa05010","Alzheimer disease","38/384","389/9423",0.0976863753213368,2.39713206940874,5.80028305765852,4.31309034276051e-07,2.19828475534245e-06,1.02432753409746e-06,"TNF/PTGS2/WNT5A/NFKB1/RELA/IL1A/MAPK3/DDIT3/SDHB/NCSTN/MAPK8/RTN4/APOE/GSK3B/NOS2/IL1B/IL6/CASP9/CASP3/NDUFB10/CTNNB1/NOX4/ATF6/TUBB6/SLC25A4/AKT1/ERN1/FAS/INS/PSMD2/MTOR/ADAM10/ATF4/ITPR1/INSR/NDUFS2/NDUFS4/NDUFA2",38
"Environmental Information Processing","Signaling molecules and interaction","hsa04061","Viral protein interaction with cytokine and cytokine receptor","17/384","100/9423",0.17,4.171640625,6.57178124819137,4.9416697191904e-07,2.47867877978439e-06,1.15498181759474e-06,"TNF/IL10/CCL2/CCR2/CX3CR1/IL6ST/CXCR2/CXCL10/IL6/IL6R/CXCL1/CXCL5/IL24/CCL5/CCL20/TNFSF10/CXCL9",17
"Human Diseases","Cancer: specific types","hsa05213","Endometrial cancer","13/384","59/9423",0.220338983050847,5.40691207627119,6.99852725241392,5.13118320960066e-07,2.53352170974032e-06,1.18053679770727e-06,"BAX/MAPK3/TP53/GSK3B/CDH1/CASP9/DDB2/CTNNB1/PTEN/CDKN1A/AKT1/MYC/EGFR",13
"Organismal Systems","Endocrine system","hsa04910","Insulin signaling pathway","20/384","140/9423",0.142857142857143,3.50558035714286,6.15609264759918,8.97129964622437e-07,4.36143182801062e-06,2.03228207749834e-06,"ACACB/PYGM/PYGL/PCK1/FOXO1/PTPN1/FASN/MAPK3/ACACA/MAPK8/GSK3B/INPPL1/AKT1/PKLR/PCK2/GCK/INS/MTOR/INSR/SREBF1",20
"Organismal Systems","Immune system","hsa04625","C-type lectin receptor signaling pathway","17/384","105/9423",0.161904761904762,3.97299107142857,6.31398971810919,1.01022340128847e-06,4.8368271940478e-06,2.25380049627042e-06,"TNF/IL10/PTGS2/NFKB1/RELA/MAPK3/NLRP3/MAPK8/IL1B/IL6/PRKCD/NFKBIA/AKT1/MAP3K14/ITPR1/JUN/CASP1",17
"Human Diseases","Immune disease","hsa05323","Rheumatoid arthritis","16/384","95/9423",0.168421052631579,4.1328947368421,6.3254336702925,1.22316541306269e-06,5.76895926160912e-06,2.6881430171371e-06,"TNF/ITGB2/CCL2/IL1A/FOS/IL1B/IL6/TGFB1/CXCL1/CXCL5/CCL5/VEGFA/TLR4/JUN/CCL20/MMP1",16
"Cellular Processes","Cell growth and death","hsa04218","Cellular senescence","21/384","157/9423",0.133757961783439,3.28229498407643,5.94363899006236,1.44304118806405e-06,6.68250484694071e-06,3.11382485586802e-06,"SMAD3/FOXO1/NFKB1/SIRT1/RELA/IGFBP3/IL1A/SQSTM1/MAPK3/TP53/IL6/TGFB1/CDKN2A/PTEN/SLC25A4/SERPINE1/CDKN1A/AKT1/MYC/MTOR/ITPR1",21
"Human Diseases","Cancer: specific types","hsa05216","Thyroid cancer","10/384","37/9423",0.27027027027027,6.63217905405405,7.07479742625599,1.45915453936364e-06,6.68250484694071e-06,3.11382485586802e-06,"BAX/MAPK3/PPARG/TP53/CDH1/DDB2/CTNNB1/CDKN1A/MYC/RET",10
"Cellular Processes","Cell growth and death","hsa04115","p53 signaling pathway","14/384","75/9423",0.186666666666667,4.580625,6.4166313435173,1.59505351424353e-06,7.20052729287077e-06,3.35520607518327e-06,"BAX/IGFBP3/BCL2/TP53/SESN2/CASP9/CDKN2A/CASP3/DDB2/PTEN/SERPINE1/CDKN1A/FAS/IGF1",14
"Human Diseases","Immune disease","hsa05321","Inflammatory bowel disease","13/384","66/9423",0.196969696969697,4.83345170454545,6.44125686257959,1.99992277600564e-06,8.90106474954623e-06,4.14759993380572e-06,"SMAD3/TNF/IL10/NFKB1/RELA/IL1A/IL4/IL1B/IL6/TGFB1/RORA/TLR4/JUN",13
"Human Diseases","Endocrine and metabolic disease","hsa04930","Type II diabetes mellitus","11/384","47/9423",0.234042553191489,5.74318484042553,6.71872936664616,2.06841817614997e-06,9.07805755088042e-06,4.23007268866746e-06,"TNF/PRKCE/MAPK3/MAPK8/PRKCD/PKLR/GCK/INS/MTOR/ADIPOQ/INSR",11
"Human Diseases","Cancer: specific types","hsa05224","Breast cancer","20/384","148/9423",0.135135135135135,3.31608952702703,5.85337313893045,2.18891325826796e-06,9.47375040357296e-06,4.41445238882846e-06,"BAX/ESR1/WNT5A/IGF1R/MAPK3/TP53/FGF21/FOS/GSK3B/DDB2/CTNNB1/PTEN/CDKN1A/AKT1/MYC/FGF23/IGF1/MTOR/JUN/EGFR",20
"Human Diseases","Cancer: specific types","hsa05220","Chronic myeloid leukemia","14/384","77/9423",0.181818181818182,4.46164772727273,6.28625961975788,2.21853648691266e-06,9.47375040357296e-06,4.41445238882846e-06,"BAX/SMAD3/HDAC2/NFKB1/RELA/MAPK3/TP53/TGFB1/CDKN2A/DDB2/NFKBIA/CDKN1A/AKT1/MYC",14
"Human Diseases","Infectious disease: bacterial","hsa05135","Yersinia infection","19/384","138/9423",0.13768115942029,3.37856657608696,5.80150765908667,2.96690847487493e-06,1.25005743741397e-05,5.8248516223139e-06,"TNF/IL10/CCL2/NFKB1/RELA/RAC1/MAPK3/PTK2/NLRP3/FOS/MAPK8/GSK3B/IL1B/IL6/NFKBIA/AKT1/TLR4/JUN/CASP1",19
"Human Diseases","Cancer: overview","hsa05235","PD-L1 expression and PD-1 checkpoint pathway in cancer","15/384","90/9423",0.166666666666667,4.08984375,6.07049504461104,3.02249926984989e-06,1.2567233806218e-05,5.85591269914623e-06,"JAK2/BATF3/TLR9/NFKB1/RELA/MAPK3/FOS/PTEN/NFKBIA/AKT1/JAK1/TLR4/MTOR/JUN/EGFR",15
"Human Diseases","Infectious disease: parasitic","hsa05144","Malaria","11/384","50/9423",0.22,5.39859375,6.42741756639731,3.97315153315314e-06,1.6305401097096e-05,7.59777424542821e-06,"TNF/ITGB2/IL10/CCL2/TLR9/CD36/THBS2/IL1B/IL6/TGFB1/TLR4",11
"Organismal Systems","Endocrine system","hsa04926","Relaxin signaling pathway","18/384","130/9423",0.138461538461538,3.39771634615385,5.67372759224034,4.98871233188028e-06,2.0210680729156e-05,9.41750458097605e-06,"NFKB1/RELA/MAPK3/MMP9/FOS/MAPK8/NOS2/TGFB1/NFKBIA/AKT1/NOS3/PRKCA/VEGFA/ATF4/JUN/MMP2/MMP1/EGFR",18
"Human Diseases","Neurodegenerative disease","hsa05022","Pathways of neurodegeneration - multiple diseases","41/384","481/9423",0.0852390852390852,2.09168724012474,5.06559434746894,5.1307483214111e-06,2.05229932856444e-05,9.56303183811504e-06,"BAX/TNF/PTGS2/MAP1LC3B/WNT5A/MFN2/NFKB1/RELA/RAC1/IL1A/SQSTM1/BCL2/MAPK3/DDIT3/CAT/SDHB/MAPK8/GSK3B/NOS2/IL1B/IL6/CASP9/CASP3/NDUFB10/CTNNB1/GPX3/NOX4/ATF6/TUBB6/SLC25A4/HSPA5/ERN1/PRKCA/FAS/PSMD2/MTOR/ATF4/ITPR1/NDUFS2/NDUFS4/NDUFA2",41
"Organismal Systems","Aging","hsa04213","Longevity regulating pathway - multiple species","12/384","62/9423",0.193548387096774,4.74949596774194,6.10498472924792,6.02081131028837e-06,2.3782204675639e-05,1.1081715874886e-05,"FOXO1/HSPA8/HDAC2/SIRT1/IGF1R/CAT/AKT1/SOD2/INS/IGF1/MTOR/INSR",12
"Organismal Systems","Endocrine system","hsa04922","Glucagon signaling pathway","16/384","107/9423",0.149532710280374,3.66939252336449,5.72356418691501,6.14080823811768e-06,2.39567333733974e-05,1.11630404394901e-05,"ACACB/PYGM/PYGL/PCK1/FOXO1/SIRT1/PPARA/ACACA/CPT1A/AKT1/PCK2/LDHA/GCK/ATF4/ITPR1/SLC2A1",16
"Organismal Systems","Endocrine system","hsa04919","Thyroid hormone signaling pathway","17/384","122/9423",0.139344262295082,3.41937756147541,5.54364881793874,8.38118764999461e-06,3.22982353341256e-05,1.50499027367136e-05,"FOXO1/ESR1/SLC9A1/HDAC2/MAPK3/TP53/ATP1A1/GSK3B/CASP9/CTNNB1/AKT1/MYC/PRKCA/DIO1/ATP1A2/MTOR/SLC2A1",17
"Environmental Information Processing","Signal transduction","hsa04012","ErbB signaling pathway","14/384","86/9423",0.162790697674419,3.99473110465116,5.75016555188878,8.58099142577454e-06,3.26697986812621e-05,1.52230388903481e-05,"NRG1/HBEGF/MAPK3/ERBB3/PTK2/MAPK8/GSK3B/CDKN1A/AKT1/MYC/PRKCA/MTOR/JUN/EGFR",14
"Human Diseases","Cancer: specific types","hsa05226","Gastric cancer","19/384","150/9423",0.126666666666667,3.10828125,5.36464532981961,1.02856280005727e-05,3.86935529545355e-05,1.80299079029979e-05,"BAX/SMAD3/WNT5A/BCL2/MAPK3/TP53/FGF21/GSK3B/CDH1/TGFB1/DDB2/CTNNB1/CDKN1A/AKT1/TERT/MYC/FGF23/MTOR/EGFR",19
"Environmental Information Processing","Signal transduction","hsa04071","Sphingolipid signaling pathway","17/384","125/9423",0.136,3.3373125,5.42193099753889,1.16618092668832e-05,4.33544909215891e-05,2.02017498733206e-05,"BAX/TNF/PRKCE/ABCC1/CTSD/NFKB1/RELA/RAC1/BCL2/MAPK3/TP53/MAPK8/CERS4/PTEN/AKT1/NOS3/PRKCA",17
"Environmental Information Processing","Signaling molecules and interaction","hsa04518","Integrin signaling","19/384","154/9423",0.123376623376623,3.02754667207792,5.22867620603378,1.50781384799503e-05,5.54033925542358e-05,2.5816137030379e-05,"ITGB2/RAC1/IGF1R/PTK2/SPP1/C3/THBS2/GSK3B/CDH1/TGFB1/CTNNB1/LAMC2/AKT1/PDGFRB/VEGFA/IGF1/MTOR/PDGFB/EGFR",19
"Environmental Information Processing","Signal transduction","hsa04630","JAK-STAT signaling pathway","20/384","168/9423",0.119047619047619,2.92131696428571,5.17895831742322,1.54128962715157e-05,5.59824738137813e-05,2.6085969624719e-05,"IL10/JAK2/PIM1/BCL2/LEPR/IL6ST/IL4/IL6/IL6R/IL24/CDKN1A/AKT1/MYC/LIF/JAK1/PDGFRB/MTOR/AOX1/PDGFB/EGFR",20
"Organismal Systems","Development and regeneration","hsa04380","Osteoclast differentiation","18/384","142/9423",0.126760563380282,3.11058538732394,5.22308004744531,1.74003810956376e-05,6.24831866616078e-05,2.91150854592836e-05,"TNF/NFKB1/RELA/RAC1/IL1A/SQSTM1/MAPK3/PPARG/FOS/MAPK8/IL1B/TGFB1/NFKBIA/AKT1/JAK1/MAP3K14/ITPR1/JUN",18
"Human Diseases","Infectious disease: viral","hsa05170","Human immunodeficiency virus 1 infection","23/384","214/9423",0.107476635514019,2.63737587616822,4.99374091629407,1.95599695346139e-05,6.94488805948088e-05,3.23608670044328e-05,"BAX/TNF/APOBEC3A/B2M/NFKB1/RELA/RAC1/AP1G1/BCL2/MAPK3/PTK2/FOS/MAPK8/CASP9/CASP3/NFKBIA/AKT1/PRKCA/FAS/TLR4/MTOR/ITPR1/JUN",23
"Human Diseases","Neurodegenerative disease","hsa05020","Prion disease","27/384","276/9423",0.0978260869565217,2.40056046195652,4.86736631726408,2.10606002373847e-05,7.39461075001506e-05,3.44564250685235e-05,"BAX/TNF/HSPA8/RAC1/IL1A/MAPK3/DDIT3/SDHB/MAPK8/GSK3B/IL1B/IL6/CASP9/CASP3/NDUFB10/PRKCD/TUBB6/SLC25A4/HSPA5/CCL5/PSMD2/ATF4/ITPR1/NDUFS2/EGR1/NDUFS4/NDUFA2",27
"Human Diseases","Cancer: overview","hsa05204","Chemical carcinogenesis - DNA adducts","12/384","70/9423",0.171428571428571,4.20669642857143,5.55019663609514,2.2082936710188e-05,7.66435014416235e-05,3.57133208723285e-05,"PTGS2/CYP1A1/GSTM1/CYP2E1/UGT1A1/CYP1A2/GSTA1/GSTP1/CYP2C19/CBR1/CYP3A4/HSD11B1",12
"Human Diseases","Infectious disease: bacterial","hsa05130","Pathogenic Escherichia coli infection","22/384","201/9423",0.109452736318408,2.68586753731343,4.97950172057174,2.231393079946e-05,7.66435014416235e-05,3.57133208723285e-05,"BAX/LPAR1/TNF/TJP1/NFKB1/RELA/RAC1/MAPK3/NLRP3/FOS/MAPK8/IL1B/IL6/CASP9/CASP3/NFKBIA/TUBB6/FAS/TLR4/JUN/CASP1/TNFSF10",22
"Metabolism","Amino acid metabolism","hsa00220","Arginine biosynthesis","7/384","23/9423",0.304347826086957,7.46841032608696,6.4013934611454,2.45846700031136e-05,8.3535007752515e-05,3.8924533454546e-05,"ARG2/GPT/NOS2/CPS1/GPT2/OTC/NOS3",7
"Organismal Systems","Endocrine system","hsa04917","Prolactin signaling pathway","12/384","71/9423",0.169014084507042,4.14744718309859,5.48671428343611,2.56139648998734e-05,8.52001358774737e-05,3.97004277430589e-05,"JAK2/ESR1/NFKB1/RELA/MAPK3/FOS/MAPK8/GSK3B/AKT1/GCK/INS/CYP17A1",12
"Human Diseases","Cancer: overview","hsa05230","Central carbon metabolism in cancer","12/384","71/9423",0.169014084507042,4.14744718309859,5.48671428343611,2.56139648998734e-05,8.52001358774737e-05,3.97004277430589e-05,"MAPK3/TP53/PTEN/AKT1/MYC/LDHA/PDGFRB/GCK/RET/MTOR/SLC2A1/EGFR",12
"Metabolism","Carbohydrate metabolism","hsa00620","Pyruvate metabolism","10/384","50/9423",0.2,4.9078125,5.71026653886529,2.67788183885368e-05,8.8146943862267e-05,4.10735421902142e-05,"ACACB/PCK1/ACACA/ALDH2/ME1/ACOT12/PKLR/PCK2/LDHA/GLO1",10
"Organismal Systems","Immune system","hsa04623","Cytosolic DNA-sensing pathway","13/384","83/9423",0.156626506024096,3.84346762048193,5.36279090502545,2.75799565177529e-05,8.98481057691743e-05,4.18662270218622e-05,"ADAR/NFKB1/RELA/NLRP3/CXCL10/AIM2/IL1B/IL6/CASP3/NFKBIA/CCL5/GSDME/CASP1",13
"Organismal Systems","Immune system","hsa04062","Chemokine signaling pathway","21/384","193/9423",0.10880829015544,2.67005343264249,4.83153510475586,3.74248462388567e-05,0.000120676034811007,5.6231015960151e-05,"CCL2/JAK2/CCR2/NFKB1/RELA/RAC1/CX3CR1/MAPK3/PTK2/CXCR2/CXCL10/GSK3B/CXCL1/PRKCD/CXCL5/NFKBIA/AKT1/CCL5/CCL20/HCK/CXCL9",21
"Cellular Processes","Cell growth and death","hsa04216","Ferroptosis","9/384","42/9423",0.214285714285714,5.25837053571429,5.70059902747485,3.80625676255191e-05,0.000121170921358888,5.6461616620969e-05,"TF/MAP1LC3B/TP53/GPX4/ALOX15/HMOX1/ATG7/FTH1/SLC7A11",9
"Organismal Systems","Endocrine system","hsa04913","Ovarian steroidogenesis","10/384","52/9423",0.192307692307692,4.71905048076923,5.54265370033424,3.8345228278129e-05,0.000121170921358888,5.6461616620969e-05,"PTGS2/CYP1A1/LDLR/IGF1R/ALOX5/SCARB1/INS/IGF1/INSR/CYP17A1",10
"Organismal Systems","Endocrine system","hsa04915","Estrogen signaling pathway","17/384","139/9423",0.122302158273381,3.0011803057554,4.89895018527299,4.73821566154814e-05,0.000148245163272199,6.90773122851553e-05,"ESR1/HSPA8/HBEGF/CTSD/BCL2/MAPK3/MMP9/FOS/PRKCD/AKT1/NOS3/KRT18/ATF4/ITPR1/JUN/MMP2/EGFR",17
"Organismal Systems","Endocrine system","hsa04928","Parathyroid hormone synthesis, secretion and action","15/384","115/9423",0.130434782608696,3.2007472826087,4.89404407348689,6.24367244259706e-05,0.000193431420770654,9.01326044196242e-05,"HBEGF/BCL2/MAPK3/VDR/FOS/CDKN1A/PRKCA/CYP24A1/FGF23/ATF4/ITPR1/BGLAP/EGR1/EGFR/PDE4A",15
"Human Diseases","Cancer: overview","hsa05202","Transcriptional misregulation in cancer","21/384","201/9423",0.104477611940299,2.56378264925373,4.61890286170892,6.81636711931967e-05,0.000209123496087866,9.74445892639384e-05,"BAX/FOXO1/HDAC2/NFKB1/RELA/IGFBP3/IGF1R/MMP9/DDIT3/PPARG/TP53/ELANE/PTK2/IL6/DDB2/CEBPA/BCL2A1/CDKN1A/MYC/CD14/IGF1",21
"Human Diseases","Infectious disease: bacterial","hsa05132","Salmonella infection","24/384","249/9423",0.0963855421686747,2.36521084337349,4.49983929266262,7.68797027630884e-05,0.000233596019933999,0.000108847970897519,"BAX/TNF/TLR9/NFKB1/RELA/RAC1/BCL2/MAPK3/NLRP3/FOS/MAPK8/IL1B/IL6/CASP3/CTNNB1/NFKBIA/TUBB6/AKT1/MYC/CD14/TLR4/JUN/CASP1/TNFSF10",24
"Environmental Information Processing","Signaling molecules and interaction","hsa04060","Cytokine-cytokine receptor interaction","27/384","298/9423",0.0906040268456376,2.22333787751678,4.42298113660275,8.07003984094841e-05,0.0002428697704514,0.000113169229995658,"TNF/IL10/CCL2/CCR2/IL1A/CX3CR1/LEPR/IL6ST/IL4/CXCR2/CXCL10/IL1B/IL6/TGFB1/IL6R/CXCL1/CXCL5/IL1RL1/IL24/GDF15/LIF/CCL5/FAS/CCL20/IL32/TNFSF10/CXCL9",27
"Human Diseases","Cancer: specific types","hsa05221","Acute myeloid leukemia","11/384","68/9423",0.161764705882353,3.96955422794118,5.06524888757967,8.43189514480879e-05,0.000251365930732035,0.00011712815792272,"PIM1/NFKB1/RELA/MAPK3/CEBPA/BCL2A1/PPARD/AKT1/MYC/CD14/MTOR",11
"Human Diseases","Infectious disease: viral","hsa05165","Human papillomavirus infection","29/384","333/9423",0.0870870870870871,2.13703547297297,4.35402740260961,8.9682335479664e-05,0.000264856243098821,0.000123414194509787,"BAX/TNF/FOXO1/PTGS2/HDAC2/WNT5A/NFKB1/RELA/MAPK3/TP53/TLR3/PTK2/SPP1/THBS2/GSK3B/CASP3/CTNNB1/LAMC2/PTEN/CDKN1A/AKT1/TERT/JAK1/PDGFRB/VEGFA/FAS/MTOR/MX2/EGFR",29
"Human Diseases","Infectious disease: parasitic","hsa05143","African trypanosomiasis","8/384","37/9423",0.216216216216216,5.30574324324324,5.40861022404635,9.65057940971731e-05,0.000282368804950988,0.000131574465491134,"TNF/IL10/TLR9/APOA1/IL1B/IL6/PRKCA/FAS",8
"Human Diseases","Cancer: overview","hsa05206","MicroRNAs in cancer","28/384","323/9423",0.086687306501548,2.12722523219814,4.24881904934637,0.000128372004503296,0.000372161040578363,0.000173414658886351,"PRKCE/PTGS2/ABCC1/PIM1/HDAC2/NFKB1/SIRT1/BCL2/MAPK3/MMP9/ERBB3/TP53/DNMT3A/CDKN2A/CASP3/PTEN/HMOX1/CDKN1A/MYC/PRKCA/PDGFRB/VEGFA/CYP24A1/MTOR/CDC25B/MIR30A/PDGFB/EGFR",28
"Environmental Information Processing","Signal transduction","hsa04370","VEGF signaling pathway","10/384","60/9423",0.166666666666667,4.08984375,4.94859145209285,0.000136633222866105,0.000392509985688085,0.000182896590067046,"PTGS2/RAC1/MAPK3/PTK2/CASP9/HSPB1/AKT1/NOS3/PRKCA/VEGFA",10
"Environmental Information Processing","Signal transduction","hsa04015","Rap1 signaling pathway","21/384","212/9423",0.0990566037735849,2.43075619103774,4.3426731352729,0.000146462409961008,0.000416956049979086,0.000194287642428544,"LPAR1/ITGB2/RAC1/IGF1R/MAPK3/FGF21/CDH1/CTNNB1/AKT1/PRKCA/PDGFRB/VEGFA/FGFR4/INS/FGF23/IGF1/CNR1/INSR/PDGFB/EGFR/EPHA2",21
"Human Diseases","Cancer: specific types","hsa05223","Non-small cell lung cancer","11/384","73/9423",0.150684931506849,3.69766695205479,4.76892975208663,0.000163044266232567,0.000460017751156172,0.000214352962025365,"BAX/MAPK3/TP53/CASP9/CDKN2A/DDB2/CDKN1A/AKT1/PRKCA/RET/EGFR",11
"Cellular Processes","Transport and catabolism","hsa04140","Autophagy - animal","18/384","169/9423",0.106508875739645,2.61362795857988,4.36273650436839,0.000175525828791424,0.000490850990248584,0.000228720225270498,"MAP1LC3B/CTSD/SQSTM1/IGF1R/BCL2/MAPK3/MAPK8/CTSB/PRKCD/PTEN/AKT1/ERN1/ATG7/HMGB1/INS/BNIP3/MTOR/ITPR1",18
"Environmental Information Processing","Signal transduction","hsa04371","Apelin signaling pathway","16/384","140/9423",0.114285714285714,2.80446428571429,4.43348356019526,0.000177090004987597,0.000490881066456849,0.000228734239782572,"SMAD3/PRKCE/MAP1LC3B/SLC9A1/MAPK3/AGTR1/SPP1/CDH1/NOS2/SERPINE1/AKT1/NOS3/PLIN1/MTOR/ITPR1/EGR1",16
"Cellular Processes","Cellular community - eukaryotes","hsa04510","Focal adhesion","20/384","203/9423",0.0985221674876847,2.41764162561576,4.2084869430673,0.00022578588058555,0.000620420332739424,0.000289095226628134,"RAC1/IGF1R/BCL2/MAPK3/PTK2/SPP1/MAPK8/THBS2/GSK3B/CTNNB1/LAMC2/PTEN/AKT1/PRKCA/PDGFRB/VEGFA/IGF1/JUN/PDGFB/EGFR",20
"Metabolism","Lipid metabolism","hsa00071","Fatty acid degradation","8/384","43/9423",0.186046511627907,4.56540697674419,4.82968590339272,0.000292638589943649,0.000797187882949941,0.000371463021962902,"ACADM/HADHA/CPT2/ACADVL/ALDH2/ACOX1/CPT1A/ACAA2",8
"Environmental Information Processing","Signal transduction","hsa04064","NF-kappa B signaling pathway","13/384","105/9423",0.123809523809524,3.03816964285714,4.32863128733801,0.000323495931145915,0.000873715506342813,0.00040712234752109,"TNF/PTGS2/NFKB1/RELA/BCL2/PARP1/IL1B/CXCL1/BCL2A1/NFKBIA/MAP3K14/CD14/TLR4",13
"Organismal Systems","Nervous system","hsa04722","Neurotrophin signaling pathway","14/384","120/9423",0.116666666666667,2.862890625,4.23295292429508,0.000359570744798864,0.000962918265732551,0.000448687864608136,"BAX/NFKB1/RELA/RAC1/BCL2/MAPK3/TP53/MAPK8/GSK3B/PRKCD/NFKBIA/AKT1/ATF4/JUN",14
"Environmental Information Processing","Membrane transport","hsa02010","ABC transporters","8/384","45/9423",0.177777777777778,4.3625,4.66004815610841,0.000405110480645215,0.00107575556204948,0.000501266289313872,"ABCB4/ABCG2/ABCC1/ABCA1/ABCG8/ABCC2/ABCG1/ABCC5",8
"Organismal Systems","Immune system","hsa04660","T cell receptor signaling pathway","14/384","122/9423",0.114754098360656,2.81595799180328,4.16100138109385,0.000426651190181297,0.00112351480081075,0.000523520505084515,"TNF/IL10/NFKB1/RELA/MAPK3/IL4/FOS/MAPK8/GSK3B/NFKBIA/AKT1/MAP3K14/JUN/MAP3K8",14
"Human Diseases","Cancer: overview","hsa05231","Choline metabolism in cancer","12/384","99/9423",0.121212121212121,2.97443181818182,4.07038580351649,0.000662043268856208,0.00172897250378977,0.00080564364422087,"RAC1/MAPK3/FOS/MAPK8/SLC22A4/AKT1/PRKCA/PDGFRB/MTOR/JUN/PDGFB/EGFR",12
"Metabolism","Xenobiotics biodegradation and metabolism","hsa00982","Drug metabolism - cytochrome P450","10/384","73/9423",0.136986301369863,3.3615154109589,4.17468179115102,0.00070313458947854,0.00182123385471491,0.000848634363169347,"GSTM1/CYP2E1/UGT1A1/FMO1/CYP1A2/GSTA1/GSTP1/CYP2C19/CYP3A4/AOX1",10
"Environmental Information Processing","Signal transduction","hsa04014","Ras signaling pathway","21/384","239/9423",0.0878661087866109,2.15615193514644,3.73142650705055,0.000744769057828245,0.00190156852304384,0.000886067644964133,"NFKB1/RELA/RAC1/IGF1R/MAPK3/FGF21/MAPK8/AKT1/PRKCA/PLA2G12B/PDGFRB/VEGFA/FGFR4/INS/FGF23/IGF2/IGF1/INSR/PDGFB/EGFR/EPHA2",21
"Organismal Systems","Excretory system","hsa04960","Aldosterone-regulated sodium reabsorption","7/384","38/9423",0.184210526315789,4.52035361842105,4.48164981862448,0.000746185116637457,0.00190156852304384,0.000886067644964133,"MAPK3/ATP1A1/PRKCA/INS/ATP1A2/IGF1/INSR",7
"Cellular Processes","Cellular community - eukaryotes","hsa04550","Signaling pathways regulating pluripotency of stem cells","15/384","144/9423",0.104166666666667,2.55615234375,3.87846376894898,0.000759173586176843,0.00191919082585506,0.000894279051580071,"SMAD3/JAK2/WNT5A/IGF1R/MAPK3/IL6ST/GSK3B/CTNNB1/AKT1/MYC/LIF/JAK1/FGFR4/IGF1/KLF4",15
"Organismal Systems","Immune system","hsa04613","Neutrophil extracellular trap formation","18/384","195/9423",0.0923076923076923,2.26514423076923,3.67942979718459,0.000996535950905528,0.0024992488927472,0.00116456680563421,"ITGB2/HDAC2/NFKB1/RELA/RAC1/MAPK3/HDAC8/ELANE/C3/SLC25A4/AKT1/PRKCA/ATG7/HMGB1/TLR4/MTOR/CASP1/PADI4",18
"Metabolism","Lipid metabolism","hsa00100","Steroid biosynthesis","5/384","20/9423",0.25,6.134765625,4.73782891209386,0.00102218237769648,0.00253395785403126,0.00118074002643137,"DHCR24/MSMO1/CYP2R1/CYP24A1/SQLE",5
"Cellular Processes","Cellular community - eukaryotes","hsa04540","Gap junction","11/384","90/9423",0.122222222222222,2.99921875,3.92778680636148,0.00102641330796203,0.00253395785403126,0.00118074002643137,"LPAR1/TJP1/MAPK3/HTR2B/GJA1/TUBB6/PRKCA/PDGFRB/ITPR1/PDGFB/EGFR",11
"Metabolism","Xenobiotics biodegradation and metabolism","hsa00980","Metabolism of xenobiotics by cytochrome P450","10/384","79/9423",0.126582278481013,3.10621044303798,3.87459096538153,0.00131286983681443,0.00321602223591751,0.00149855932836453,"CYP1A1/GSTM1/CYP2E1/UGT1A1/CYP1A2/GSTA1/GSTP1/CBR1/CYP3A4/HSD11B1",10
"Organismal Systems","Endocrine system","hsa04912","GnRH signaling pathway","11/384","93/9423",0.118279569892473,2.90246975806452,3.80010313219528,0.00134879523199766,0.00326384135412168,0.0015208414459627,"HBEGF/MAPK3/MAPK8/PRKCD/PRKCA/ATF4/ITPR1/JUN/MMP2/EGR1/EGFR",11
"Organismal Systems","Endocrine system","hsa04935","Growth hormone synthesis, secretion and action","13/384","122/9423",0.10655737704918,2.6148181352459,3.70011890214555,0.00136335581505252,0.00326384135412168,0.0015208414459627,"JAK2/IGFBP3/MAPK3/PTK2/FOS/MAPK8/GSK3B/AKT1/PRKCA/IGF1/MTOR/ATF4/ITPR1",13
"Metabolism","Lipid metabolism","hsa00591","Linoleic acid metabolism","6/384","31/9423",0.193548387096774,4.74949596774194,4.30974589620136,0.00136337676817741,0.00326384135412168,0.0015208414459627,"ALOX15/CYP2E1/CYP1A2/CYP2C19/CYP3A4/PLA2G12B",6
"Human Diseases","Neurodegenerative disease","hsa05012","Parkinson disease","22/384","269/9423",0.0817843866171004,2.00691217472119,3.45333926690122,0.00144835727878602,0.00344120977516078,0.00160348922710579,"BAX/MFN2/DDIT3/TP53/SDHB/MAPK8/CASP9/DUSP1/CASP3/NDUFB10/ATF6/TUBB6/SLC25A4/HSPA5/ERN1/PSMD2/ATF4/ITPR1/NDUFS2/NFE2L2/NDUFS4/NDUFA2",22
"Human Diseases","Endocrine and metabolic disease","hsa04934","Cushing syndrome","15/384","155/9423",0.0967741935483871,2.37474798387097,3.55691016769163,0.00161275676530093,0.00376714342127225,0.00175536345868083,"AHR/WNT5A/LDLR/MAPK3/AGTR1/AGT/GSK3B/CDKN2A/CTNNB1/SCARB1/CDKN1A/ATF4/ITPR1/CYP17A1/EGFR",15
"Metabolism","Carbohydrate metabolism","hsa00640","Propanoate metabolism","6/384","32/9423",0.1875,4.60107421875,4.20560141538537,0.00162130223193995,0.00376714342127225,0.00175536345868083,"ACACB/HADHA/ACACA/ACOX1/SUCLG1/LDHA",6
"Cellular Processes","Cell growth and death","hsa04215","Apoptosis - multiple species","6/384","32/9423",0.1875,4.60107421875,4.20560141538537,0.00162130223193995,0.00376714342127225,0.00175536345868083,"BAX/BCL2/MAPK8/CASP9/CASP3/BIRC5",6
"Human Diseases","Cancer: specific types","hsa05211","Renal cell carcinoma","9/384","70/9423",0.128571428571429,3.15502232142857,3.72994385515666,0.00203025302601712,0.00468291938847743,0.00218208458113471,"RAC1/MAPK3/TGFB1/CDKN1A/AKT1/VEGFA/JUN/PDGFB/SLC2A1",9
"Organismal Systems","Sensory system","hsa04750","Inflammatory mediator regulation of TRP channels","11/384","99/9423",0.111111111111111,2.7265625,3.55939132674409,0.00224370722145949,0.00513776436218259,0.00239402720102494,"PRKCE/HTR2B/TRPV1/MAPK8/IL1B/PRKCD/PRKCA/PTGER2/IGF1/P2RY2/ITPR1",11
"Human Diseases","Neurodegenerative disease","hsa05014","Amyotrophic lateral sclerosis","27/384","369/9423",0.0731707317073171,1.79554115853659,3.21316154269401,0.00228107319893777,0.00518574914290889,0.00241638651184495,"BAX/TNF/NRG1/MAP1LC3B/RAC1/SQSTM1/BCL2/DDIT3/TP53/CAT/SDHB/NOS2/CASP9/CASP3/NDUFB10/GPX3/ATF6/TUBB6/HSPA5/ERN1/PSMD2/MTOR/ATF4/CASP1/NDUFS2/NDUFS4/NDUFA2",27
"Metabolism","Metabolism of cofactors and vitamins","hsa00860","Porphyrin metabolism","7/384","46/9423",0.152173913043478,3.73420516304348,3.83137821757248,0.00239239193044408,0.00539997035728806,0.00251620646817367,"ALAS1/BLVRB/FECH/UGT1A1/HMOX1/FTH1/COX15",7
"Metabolism","Metabolism of other amino acids","hsa00480","Glutathione metabolism","8/384","59/9423",0.135593220338983,3.32733050847458,3.69598614790502,0.00253708128448523,0.00568594103473285,0.00264945928637172,"PRDX6/GSTM1/GPX4/GSR/GSTA1/GPX3/GSTP1/LAP3",8
"Environmental Information Processing","Signal transduction","hsa04072","Phospholipase D signaling pathway","14/384","149/9423",0.0939597315436242,2.30568372483221,3.31111716049617,0.00300080954429644,0.00667785785913856,0.00311165951421026,"LPAR1/AVPR1A/MAPK3/AGTR1/CXCR2/AGT/AKT1/PRKCA/PDGFRB/INS/MTOR/INSR/PDGFB/EGFR",14
"Metabolism","Global and overview maps","hsa01230","Biosynthesis of amino acids","9/384","75/9423",0.12,2.9446875,3.48496219678026,0.00328047285917804,0.00719881544097404,0.00335440840917214,"ARG2/GPT/CPS1/ENO3/GPT2/PKLR/CBS/OTC/MAT2A",9
"Organismal Systems","Endocrine system","hsa04918","Thyroid hormone synthesis","9/384","75/9423",0.12,2.9446875,3.48496219678026,0.00328047285917804,0.00719881544097404,0.00335440840917214,"ALB/ATP1A1/GSR/GPX3/HSPA5/PRKCA/ATP1A2/ATF4/ITPR1",9
"Human Diseases","Endocrine and metabolic disease","hsa04950","Maturity onset diabetes of the young","5/384","26/9423",0.192307692307692,4.71905048076923,3.91382229461353,0.00354665804128539,0.00772926855893919,0.00360158190794614,"HNF1A/HNF4A/PKLR/GCK/INS",5
"Organismal Systems","Immune system","hsa04662","B cell receptor signaling pathway","10/384","91/9423",0.10989010989011,2.69660027472527,3.35189058047567,0.00380343817465689,0.00823209906295602,0.00383588418793821,"NFKB1/RELA/RAC1/MAPK3/FOS/GSK3B/INPPL1/NFKBIA/AKT1/JUN",10
"Metabolism","Lipid metabolism","hsa01040","Biosynthesis of unsaturated fatty acids","5/384","27/9423",0.185185185185185,4.54427083333333,3.80114334675249,0.0042097415150734,0.00900375370845074,0.00419544957102768,"FADS2/HACD2/FADS1/ACOX1/SCD",5
"Human Diseases","Cancer: overview","hsa05203","Viral carcinogenesis","17/384","205/9423",0.0829268292682927,2.03494664634146,3.08783090189368,0.00422840439739735,0.00900375370845074,0.00419544957102768,"BAX/HDAC2/NFKB1/RELA/RAC1/MAPK3/TP53/IL6ST/HDAC8/C3/CDKN2A/CASP3/NFKBIA/CDKN1A/JAK1/ATF4/JUN",17
"Metabolism","Lipid metabolism","hsa00590","Arachidonic acid metabolism","8/384","64/9423",0.125,3.0673828125,3.42037035504831,0.00424544083088342,0.00900375370845074,0.00419544957102768,"PTGS2/GPX4/ALOX15/CYP2E1/ALOX5/CYP2C19/CBR1/PLA2G12B",8
"Cellular Processes","Cellular community - eukaryotes","hsa04520","Adherens junction","10/384","93/9423",0.10752688172043,2.63860887096774,3.27305213479053,0.00445038439466173,0.00931338721002058,0.00433972847773719,"SMAD3/PTPN1/TJP1/RAC1/IGF1R/MAPK3/CDH1/CTNNB1/INSR/EGFR",10
"Organismal Systems","Immune system","hsa04658","Th1 and Th2 cell differentiation","10/384","93/9423",0.10752688172043,2.63860887096774,3.27305213479053,0.00445038439466173,0.00931338721002058,0.00433972847773719,"JAK2/NFKB1/RELA/MAPK3/IL4/FOS/MAPK8/NFKBIA/JAK1/JUN",10
"Metabolism","Lipid metabolism","hsa00140","Steroid hormone biosynthesis","8/384","66/9423",0.121212121212121,2.97443181818182,3.31759038035595,0.00513459959628206,0.0106745623185864,0.00497399077657884,"CYP1A1/CYP7A1/CYP2E1/UGT1A1/CYP1A2/CYP3A4/HSD11B1/CYP17A1",8
"Organismal Systems","Endocrine system","hsa04925","Aldosterone synthesis and secretion","10/384","98/9423",0.102040816326531,2.50398596938776,3.08467469886176,0.00644973040617486,0.0133210118192892,0.00620714816648491,"PRKCE/LDLR/AGTR1/ATP1A1/AGT/SCARB1/PRKCA/ATP1A2/ATF4/ITPR1",10
"Metabolism","Energy metabolism","hsa00920","Sulfur metabolism","3/384","10/9423",0.3,7.36171875,4.14846475523766,0.00650545101535613,0.0133488475380035,0.00622011868499536,"SQOR/ETHE1/SUOX",3
"Metabolism","Amino acid metabolism","hsa00380","Tryptophan metabolism","6/384","42/9423",0.142857142857143,3.50558035714286,3.35417240641621,0.00666587949903957,0.0135897930432033,0.0063323912714259,"CYP1A1/HADHA/CAT/ALDH2/CYP1A2/AOX1",6
"Organismal Systems","Immune system","hsa04664","Fc epsilon RI signaling pathway","8/384","69/9423",0.115942028985507,2.84510869565217,3.17047831516098,0.00672695010855259,0.0136263861173245,0.00634944242609935,"TNF/RAC1/MAPK3/IL4/MAPK8/ALOX5/AKT1/PRKCA",8
"Metabolism","Global and overview maps","hsa01200","Carbon metabolism","11/384","116/9423",0.0948275862068965,2.32698006465517,2.96391336479437,0.00757405346200819,0.0152445916814942,0.00710347236293096,"GPT/CAT/SDHB/ME1/ACOX1/CPS1/ENO3/GPT2/PKLR/SUCLG1/GCK",11
"Organismal Systems","Digestive system","hsa04981","Folate transport and metabolism","5/384","31/9423",0.161290322580645,3.95791330645161,3.39988490279039,0.00775502836621911,0.0155100567324382,0.00722717024163466,"ABCG2/ABCC1/TYMS/ABCC2/ABCC5",5
NA,NA,"hsa04156","Integrated stress response (ISR) signaling pathway","8/384","72/9423",0.111111111111111,2.7265625,3.03107367491963,0.00866742085794643,0.0172258175541577,0.00802665768171344,"DDIT3/FGF21/PPP1R15A/HSPA5/ATF3/MTOR/ATF4/TRIB3",8
"Cellular Processes","Transport and catabolism","hsa04145","Phagocytosis","19/384","260/9423",0.0730769230769231,1.79323918269231,2.67330775375516,0.00988560036689141,0.0195240607246105,0.00909756251050099,"ITGB2/ALB/MAP1LC3B/CTSD/RAC1/CD36/MMP9/ELANE/C3/CTSB/THBS2/SCARB1/TUBB6/RAB27A/ATG7/LCN2/CD14/TLR4/ALPP",19
"Organismal Systems","Endocrine system","hsa04923","Regulation of lipolysis in adipocytes","7/384","60/9423",0.116666666666667,2.862890625,2.98354394880288,0.0106186628136021,0.0208415990627221,0.00971149152660176,"PTGS2/CIDEC/FABP4/AKT1/PLIN1/INS/INSR",7
"Environmental Information Processing","Signal transduction","hsa04150","mTOR signaling pathway","13/384","158/9423",0.0822784810126582,2.01903678797468,2.6623960680603,0.0123541300827734,0.0240981796676321,0.0112289497050794,"TNF/WNT5A/IGF1R/MAPK3/SESN2/GSK3B/PTEN/AKT1/PRKCA/INS/IGF1/MTOR/INSR",13
"Metabolism","Amino acid metabolism","hsa00280","Valine, leucine and isoleucine degradation","6/384","48/9423",0.125,3.0673828125,2.95959885619013,0.0127178635946589,0.0246554901589706,0.0114886378459956,"ACADM/HADHA/ALDH2/ACAA2/HMGCS2/AOX1",6
"Organismal Systems","Excretory system","hsa04964","Proximal tubule bicarbonate reclamation","4/384","23/9423",0.173913043478261,4.26766304347826,3.23380796598324,0.0129982524029934,0.0250454131667434,0.0116703289904522,"PCK1/ATP1A1/PCK2/ATP1A2",4
"Human Diseases","Cancer: specific types","hsa05217","Basal cell carcinoma","7/384","63/9423",0.111111111111111,2.7265625,2.83394634385951,0.0137166601493887,0.0262694824679201,0.0122407045461174,"BAX/WNT5A/TP53/GSK3B/DDB2/CTNNB1/CDKN1A",7
"Human Diseases","Neurodegenerative disease","hsa05016","Huntington disease","21/384","309/9423",0.0679611650485437,1.66770327669903,2.45971734730489,0.0149161325287383,0.0283945655366343,0.0132309225304973,"BAX/HDAC2/PPARG/TP53/SDHB/MAPK8/CASP9/TGM2/CASP3/NDUFB10/GPX3/TUBB6/SLC25A4/ERN1/SOD2/PSMD2/MTOR/ITPR1/NDUFS2/NDUFS4/NDUFA2",21
"Metabolism","Amino acid metabolism","hsa00330","Arginine and proline metabolism","6/384","50/9423",0.12,2.9446875,2.8416624287372,0.0153906932695813,0.0291225094202855,0.0135701201533211,"ARG2/P4HA1/ALDH2/NOS2/NOS3/LAP3",6
"Organismal Systems","Endocrine system","hsa04927","Cortisol synthesis and secretion","7/384","65/9423",0.107692307692308,2.64266826923077,2.73899976479659,0.0161115482759412,0.0303050550904609,0.0141211470789022,"LDLR/AGTR1/AGT/SCARB1/ATF4/ITPR1/CYP17A1",7
"Metabolism","Amino acid metabolism","hsa00250","Alanine, aspartate and glutamate metabolism","5/384","37/9423",0.135135135135135,3.31608952702703,2.90932942073187,0.0163100554952344,0.0304969084999649,0.01421054438259,"GPT/GFPT1/CPS1/GPT2/GFPT2",5
"Environmental Information Processing","Signal transduction","hsa04022","cGMP-PKG signaling pathway","13/384","166/9423",0.0783132530120482,1.92173381024096,2.46945660754852,0.0180195470349943,0.0334951580179895,0.0156076288721872,"PRKCE/GTF2I/MAPK3/AGTR1/ATP1A1/SLC25A4/AKT1/NOS3/INS/ATP1A2/ATF4/ITPR1/INSR",13
"Metabolism","Xenobiotics biodegradation and metabolism","hsa00983","Drug metabolism - other enzymes","8/384","82/9423",0.0975609756097561,2.39405487804878,2.61316648493903,0.0181995694382598,0.033631952880059,0.0156713707251934,"GSTM1/XDH/CYP2E1/UGT1A1/GSTA1/GSTP1/CYP3A4/CES1",8
"Organismal Systems","Nervous system","hsa04726","Serotonergic synapse","10/384","115/9423",0.0869565217391304,2.13383152173913,2.52142600976991,0.0187285317756935,0.0343193592134474,0.0159916791987392,"PTGS2/MAPK3/HTR2B/ALOX15/DUSP1/CASP3/ALOX5/CYP2C19/PRKCA/ITPR1",10
"Metabolism","Carbohydrate metabolism","hsa00010","Glycolysis / Gluconeogenesis","7/384","67/9423",0.104477611940299,2.56378264925373,2.64755904196024,0.0187887631136911,0.0343193592134474,0.0159916791987392,"PCK1/ALDH2/ENO3/PKLR/PCK2/LDHA/GCK",7
"Organismal Systems","Digestive system","hsa04977","Vitamin digestion and absorption","4/384","26/9423",0.153846153846154,3.77524038461538,2.92058355926723,0.0199440143654589,0.0362201640200288,0.0168773909772494,"ABCC1/APOA1/SCARB1/APOB",4
"Metabolism","Metabolism of cofactors and vitamins","hsa00830","Retinol metabolism","7/384","69/9423",0.101449275362319,2.48947010869565,2.55937912591695,0.021763453748507,0.0392985793401612,0.0183118300626025,"CYP1A1/DGAT1/UGT1A1/CYP1A2/RETSAT/CYP3A4/AOX1",7
"Environmental Information Processing","Signal transduction","hsa04024","cAMP signaling pathway","16/384","226/9423",0.0707964601769911,1.73727876106195,2.3122767829094,0.0223421620843124,0.0401143364695609,0.0186919457354013,"SLC9A1/NFKB1/PPARA/RELA/RAC1/MAPK3/ATP1A1/FOS/MAPK8/ACOX1/NFKBIA/AKT1/PTGER2/ATP1A2/JUN/PDE4A",16
"Organismal Systems","Endocrine system","hsa04911","Insulin secretion","8/384","86/9423",0.0930232558139535,2.28270348837209,2.4629114115352,0.0235757445755097,0.0420900298636218,0.0196125531032833,"ATP1A1/FFAR1/PRKCA/GCK/INS/ATP1A2/ATF4/SLC2A1",8
"Genetic Information Processing","Folding, sorting and degradation","hsa04141","Protein processing in endoplasmic reticulum","13/384","175/9423",0.0742857142857143,1.82290178571429,2.26474905699478,0.0265296257472554,0.0470372596951998,0.0219177975542936,"BAX/HSPA8/BCL2/DDIT3/MAPK8/PPP1R15A/ATF6/HSPA5/ERN1/FBXO2/CKAP4/ATF4/NFE2L2",13
"Environmental Information Processing","Signal transduction","hsa04390","Hippo signaling pathway","12/384","157/9423",0.0764331210191083,1.87559713375796,2.2802632000248,0.0266445236881037,0.0470372596951998,0.0219177975542936,"SMAD3/ITGB2/WNT5A/GSK3B/CDH1/TGFB1/CTNNB1/SERPINE1/MYC/YAP1/BIRC5/AFP",12
"Organismal Systems","Immune system","hsa04622","RIG-I-like receptor signaling pathway","7/384","72/9423",0.0972222222222222,2.3857421875,2.4327452175967,0.026814118248698,0.0470736742588254,0.0219347655290172,"TNF/ADAR/NFKB1/RELA/CXCL10/MAPK8/NFKBIA",7
"Cellular Processes","Transport and catabolism","hsa04137","Mitophagy - animal","9/384","105/9423",0.0857142857142857,2.10334821428571,2.34327285656684,0.0271808882212333,0.0474539263972913,0.0221119503702364,"MAP1LC3B/MFN2/RELA/SQSTM1/TP53/MAPK8/BNIP3/ATF4/JUN",9
"Cellular Processes","Cell growth and death","hsa04110","Cell cycle","12/384","158/9423",0.0759493670886076,1.86372626582278,2.25662256862911,0.0278190765871719,0.0483012538546502,0.022506776765161,"SMAD3/HDAC2/TP53/MCM3/HDAC8/PTTG1/GSK3B/TGFB1/CDKN2A/CDKN1A/MYC/CDC25B",12
