"ID","Description","GeneRatio","BgRatio","RichFactor","FoldEnrichment","zScore","pvalue","p.adjust","qvalue","geneID","Count"
"GO:0020037","heme binding","25/469","143/18706",0.174825174825175,6.97287786840026,11.4978370514047,1.74939251230486e-14,1.49048242048374e-11,7.33344316117467e-12,"PTGS2/ALB/CYP1A1/STC2/JAK2/MB/CAT/CYP7A1/FECH/NOS2/CYP2E1/CYP4A11/CYP1A2/CYP27A1/NOX4/HMOX1/CYP2C19/CYP3A4/CBS/NOS3/CYP2R1/CYP24A1/COX15/SUOX/CYP17A1",25
"GO:0046906","tetrapyrrole binding","25/469","153/18706",0.163398692810458,6.51713421687083,10.9885596739921,8.77573927630192e-14,2.96941559063878e-11,1.46100619212858e-11,"PTGS2/ALB/CYP1A1/STC2/JAK2/MB/CAT/CYP7A1/FECH/NOS2/CYP2E1/CYP4A11/CYP1A2/CYP27A1/NOX4/HMOX1/CYP2C19/CYP3A4/CBS/NOS3/CYP2R1/CYP24A1/COX15/SUOX/CYP17A1",25
"GO:0005319","lipid transporter activity","28/469","197/18706",0.142131979695431,5.66891431169028,10.5644311565658,1.04556886994323e-13,2.96941559063878e-11,1.46100619212858e-11,"ABCB4/ABCG2/ABCC1/TTPA/CD36/ABCA1/ABCG8/APOA5/SLC22A11/TSPO/APOE/HSD17B13/APOA1/CIDEC/FABP1/ABCG1/SLC27A5/FABP4/CETP/CIDEA/MTTP/FABP6/FABP3/PITPNM2/APOB/RBP4/SLC2A1/FABP2",28
"GO:0005496","steroid binding","21/469","111/18706",0.189189189189189,7.54578459056071,11.0920976946982,4.48308317367616e-13,9.54896715993021e-11,4.69826459895745e-11,"AR/NR1H3/ESR1/SHBG/ABCA1/VDR/ATP1A1/TSPO/NPC1L1/GC/APOA1/UGT1A1/FABP1/ABCG1/RORA/CYP3A4/CETP/CYP2R1/NR1H4/ATP1A2/HSD11B1",21
"GO:0001221","transcription coregulator binding","22/469","127/18706",0.173228346456693,6.90918859023219,10.7153687793774,8.10349218460885e-13,1.12258601677581e-10,5.5233262965175e-11,"SMAD3/AR/AHR/ESR1/HDAC2/NFKB1/CIT/PPARA/RELA/PPARG/TP53/FOS/CTNNB1/RORA/PPARD/TERT/MYC/NR1H4/HMGA1/KLF4/SREBF1/NFE2L2",22
"GO:0140297","DNA-binding transcription factor binding","43/469","489/18706",0.0879345603271984,3.50725775155772,9.00955958075768,8.88548711772736e-13,1.12258601677581e-10,5.5233262965175e-11,"SMAD3/AR/AHR/NR1I2/ESR1/HDAC2/SIRT1/PPARA/RELA/GTF2I/BCL2/MAPK3/DDIT3/PPARG/TP53/KDM1A/HDAC8/VDR/NLRP3/FOS/NR1H2/DNMT3A/GSK3B/PARP1/CDKN2A/HSPB1/HCFC1/CTNNB1/CEBPA/NFKBIA/TRIB1/HNF4A/PPARD/MYC/YAP1/HMGB1/NR1H4/HMGA1/KLF4/ATF4/JUN/NFE2L2/KLF5",43
"GO:0005506","iron ion binding","24/469","155/18706",0.154838709677419,6.17572047596121,10.3762775124354,9.32519675610802e-13,1.12258601677581e-10,5.5233262965175e-11,"TF/CYP1A1/P4HA1/CYP7A1/FECH/XDH/ALOX15/ETHE1/CYP2E1/CYP4A11/CYP1A2/ALOX5/CYP27A1/CYP2C19/CYP3A4/MSMO1/CYP2R1/LCN2/FTH1/P3H1/CYP24A1/SCD/AOX1/CYP17A1",24
"GO:0031406","carboxylic acid binding","26/469","185/18706",0.140540540540541,5.60543998155938,10.0951634234689,1.05407137725429e-12,1.12258601677581e-10,5.5233262965175e-11,"PYGL/PCK1/ALB/P4HA1/TYMS/PPARG/VDR/SESN2/NOS2/ACOX1/UGT1A1/FABP1/CPS1/GSTA1/FABP4/GSTP1/HNF4A/PPARD/NOS3/P3H1/NR1H4/FABP6/FABP3/APOC1/ADIPOQ/FABP2",26
"GO:0043177","organic acid binding","26/469","187/18706",0.13903743315508,5.54548875181009,10.0180040609613,1.35883205791296e-12,1.28636101482427e-10,6.3291289164639e-11,"PYGL/PCK1/ALB/P4HA1/TYMS/PPARG/VDR/SESN2/NOS2/ACOX1/UGT1A1/FABP1/CPS1/GSTA1/FABP4/GSTP1/HNF4A/PPARD/NOS3/P3H1/NR1H4/FABP6/FABP3/APOC1/ADIPOQ/FABP2",26
"GO:0031625","ubiquitin protein ligase binding","32/469","293/18706",0.109215017064846,4.35602581922179,9.28507477428662,2.89036977003176e-12,2.46259504406706e-10,1.21164131401127e-10,"FBXW7/DNM1L/SMAD3/FOXO1/MAP1LC3B/HSPA8/PRDX6/MFN2/RELA/SQSTM1/BCL2/ERBB3/TP53/RTN4/GSK3B/PARP1/CTNNB1/NFKBIA/TRIB1/HSPA5/CDKN1A/MYC/CLU/CBS/JAK1/MC4R/TXNIP/JUN/TRIB3/NDUFS2/NFE2L2/EGFR",32
"GO:0044389","ubiquitin-like protein ligase binding","33/469","313/18706",0.105431309904153,4.20511318351192,9.17017940922454,3.47469654519278e-12,2.47867624165038e-10,1.21955355415716e-10,"FBXW7/DNM1L/SMAD3/FOXO1/MAP1LC3B/HSPA8/PRDX6/MFN2/RELA/SQSTM1/BCL2/ERBB3/TP53/TLR3/RTN4/GSK3B/PARP1/CTNNB1/NFKBIA/TRIB1/HSPA5/CDKN1A/MYC/CLU/CBS/JAK1/MC4R/TXNIP/JUN/TRIB3/NDUFS2/NFE2L2/EGFR",33
"GO:0005126","cytokine receptor binding","31/469","278/18706",0.111510791366906,4.44759245908177,9.28726412532176,3.69742695271901e-12,2.47867624165038e-10,1.21955355415716e-10,"SMAD3/TNF/IL10/CCL2/JAK2/TLR9/CCR2/IL1A/CX3CR1/IL6ST/IL4/CXCL10/C3/IL1B/IL6/ENG/TGFB1/IL6R/CXCL1/CASP3/CXCL5/NOL3/LIF/JAK1/CCL5/VEGFA/YARS1/CCL20/TNFSF10/MIF/CXCL9",31
"GO:0061629","RNA polymerase II-specific DNA-binding transcription factor binding","35/469","351/18706",0.0997150997150997,3.97712293234681,9.02945858611865,3.78201773960738e-12,2.47867624165038e-10,1.21955355415716e-10,"SMAD3/AR/AHR/NR1I2/ESR1/HDAC2/SIRT1/PPARA/RELA/GTF2I/DDIT3/PPARG/TP53/KDM1A/VDR/FOS/NR1H2/DNMT3A/GSK3B/PARP1/CDKN2A/HSPB1/CTNNB1/CEBPA/NFKBIA/TRIB1/HNF4A/PPARD/HMGB1/NR1H4/HMGA1/KLF4/ATF4/JUN/NFE2L2",35
"GO:0033293","monocarboxylic acid binding","17/469","79/18706",0.215189873417722,8.58281827750938,10.8308194242807,8.76934335810774e-12,5.336771815077e-10,2.62578828385806e-10,"PYGL/ALB/PPARG/VDR/ACOX1/UGT1A1/FABP1/GSTA1/FABP4/GSTP1/HNF4A/PPARD/NR1H4/FABP6/FABP3/APOC1/FABP2",17
"GO:0004879","nuclear receptor activity","15/469","59/18706",0.254237288135593,10.1402190018431,11.2763020541238,1.13043957022098e-11,6.42089675885514e-10,3.15919736977189e-10,"NR1I3/AR/AHR/NR1H3/NR1I2/ESR1/PPARA/PPARG/VDR/NR1H2/RORA/HNF4A/PPARD/NR1H4/SREBF1",15
"GO:0098531","ligand-modulated transcription factor activity","15/469","60/18706",0.25,9.97121535181237,11.1615021115771,1.47300043338703e-11,7.84372730778595e-10,3.85925574115346e-10,"NR1I3/AR/AHR/NR1H3/NR1I2/ESR1/PPARA/PPARG/VDR/NR1H2/RORA/HNF4A/PPARD/NR1H4/SREBF1",15
"GO:0005125","cytokine activity","28/469","241/18706",0.116182572614108,4.63392580665139,9.10538890700455,1.56628714037509e-11,7.8498626094093e-10,3.86227442054968e-10,"TNF/NRG1/IL10/CCL2/WNT5A/IL1A/IL6ST/IL4/CXCL10/SPP1/C3/IL1B/IL6/TGFB1/CXCL1/CXCL5/IL24/GDF15/LIF/CCL5/VEGFA/HMGB1/ADIPOQ/CCL20/IL32/TNFSF10/MIF/CXCL9",28
"GO:0120013","lipid transfer activity","16/469","76/18706",0.210526315789474,8.39681292784199,10.3617612764696,5.14563838377711e-11,2.43560216832117e-09,1.19836033079948e-09,"TTPA/ABCA1/ABCG8/APOA5/TSPO/APOE/HSD17B13/APOA1/CIDEC/FABP1/ABCG1/CETP/CIDEA/MTTP/PITPNM2/APOB",16
"GO:0016705","oxidoreductase activity, acting on paired donors, with incorporation or reduction of molecular oxygen","24/469","188/18706",0.127659574468085,5.09168443496802,9.04216849025056,6.29911128677006e-11,2.82465411385689e-09,1.38978092658246e-09,"PTGS2/CYP1A1/FADS2/P4HA1/CYP7A1/KDM1A/NOS2/FADS1/CYP2E1/FMO1/CYP4A11/CYP1A2/CYP27A1/HMOX1/CYP2C19/CYP3A4/NOS3/MSMO1/CYP2R1/P3H1/CYP24A1/SQLE/SCD/CYP17A1",24
"GO:0005504","fatty acid binding","13/469","47/18706",0.276595744680851,11.0319829424307,11.0428229773855,8.48671324284039e-11,3.61533984145001e-09,1.77881260934289e-09,"ALB/PPARG/ACOX1/FABP1/GSTA1/FABP4/GSTP1/HNF4A/PPARD/FABP6/FABP3/APOC1/FABP2",13
"GO:0004497","monooxygenase activity","18/469","107/18706",0.168224299065421,6.70960285355599,9.49820570572311,1.64802286808255e-10,6.68626420764921e-09,3.28976295550524e-09,"CYP1A1/OSGIN1/CYP7A1/NOS2/CYP2E1/FMO1/CYP4A11/CYP1A2/CYP27A1/HMOX1/CYP2C19/CYP3A4/NOS3/MSMO1/CYP2R1/CYP24A1/SQLE/CYP17A1",18
"GO:0019207","kinase regulator activity","30/469","308/18706",0.0974025974025974,3.88488909810871,8.18667881258556,2.43135598550521e-10,9.41597863477472e-09,4.63283183860327e-09,"RACK1/NRG1/PIM1/HBEGF/CIT/ERBB3/IL6ST/AHSG/CXCL10/TGFB1/CDKN2A/HSPB1/CASP3/PRKCD/GSTP1/TRIB1/HSPA5/CDKN1A/AKT1/CCL5/VEGFA/HMGB1/IGF2/IGF1/KLF4/ADIPOQ/TRIB3/SPRY4/INSR/EGFR",30
"GO:0019887","protein kinase regulator activity","28/469","274/18706",0.102189781021898,4.07582525329557,8.22506402783116,3.25062359485909e-10,1.1743629950377e-08,5.77807839685941e-09,"RACK1/NRG1/PIM1/HBEGF/CIT/ERBB3/IL6ST/CXCL10/TGFB1/CDKN2A/HSPB1/CASP3/PRKCD/GSTP1/TRIB1/HSPA5/CDKN1A/AKT1/CCL5/VEGFA/HMGB1/IGF2/IGF1/ADIPOQ/TRIB3/SPRY4/INSR/EGFR",28
"GO:0120020","cholesterol transfer activity","10/469","26/18706",0.384615384615385,15.3403313104806,11.7339977806873,3.30806477475409e-10,1.1743629950377e-08,5.77807839685941e-09,"ABCA1/ABCG8/APOA5/TSPO/APOE/APOA1/ABCG1/CETP/MTTP/APOB",10
"GO:0016209","antioxidant activity","15/469","76/18706",0.197368421052632,7.87201211985187,9.6265986134227,5.4463230867557e-10,1.85610690796634e-08,9.13238178697681e-09,"PTGS2/ALB/MB/PRDX6/CAT/SESN2/GPX4/APOE/GSR/FABP1/GSTA1/GPX3/GSTP1/SOD2/HP",15
"GO:0019842","vitamin binding","20/469","151/18706",0.132450331125828,5.28276310029794,8.47365201671888,1.30368775990115e-09,4.27208450552222e-08,2.10194286564039e-08,"PYGM/PYGL/ALB/GPT/TTPA/P4HA1/FASN/TYMS/VDR/ALAS1/NPC1L1/GC/GPT2/NFS1/CBS/CYP2R1/MTARC2/P3H1/RBP4/HDC",20
"GO:0071813","lipoprotein particle binding","10/469","31/18706",0.32258064516129,12.8660843249192,10.6034343178182,2.46814025409281e-09,7.51019820173954e-08,3.69515338689725e-08,"VLDLR/LDLR/CD36/ABCA1/LIPC/APOE/APOA1/SCARB1/PCSK9/CRP",10
"GO:0071814","protein-lipid complex binding","10/469","31/18706",0.32258064516129,12.8660843249192,10.6034343178182,2.46814025409281e-09,7.51019820173954e-08,3.69515338689725e-08,"VLDLR/LDLR/CD36/ABCA1/LIPC/APOE/APOA1/SCARB1/PCSK9/CRP",10
"GO:0050660","flavin adenine dinucleotide binding","15/469","85/18706",0.176470588235294,7.03850495422049,8.94799985373715,2.80438621696021e-09,8.23909329948309e-08,4.05378296187918e-08,"ACADM/SQOR/ACADVL/KDM1A/ETFDH/XDH/GSR/DHCR24/NOS2/ACOX1/FMO1/NOX4/NOS3/SQLE/AOX1",15
"GO:0001223","transcription coactivator binding","12/469","51/18706",0.235294117647059,9.38467327229399,9.61528549934214,3.50785784159793e-09,9.6472401598076e-08,4.74661669281475e-08,"SMAD3/AR/AHR/ESR1/NFKB1/CIT/PPARA/RELA/TP53/RORA/PPARD/TERT",12
"GO:0120015","sterol transfer activity","10/469","32/18706",0.3125,12.4640191897655,10.4083477736574,3.51014606753563e-09,9.6472401598076e-08,4.74661669281475e-08,"ABCA1/ABCG8/APOA5/TSPO/APOE/APOA1/ABCG1/CETP/MTTP/APOB",10
"GO:0008395","steroid hydroxylase activity","9/469","27/18706",0.333333333333333,13.2949538024165,10.2522821754114,1.13799419359349e-08,3.02990954044266e-07,1.49077030986555e-07,"CYP1A1/CYP7A1/CYP1A2/CYP27A1/CYP2C19/CYP3A4/CYP2R1/CYP24A1/CYP17A1",9
"GO:0001228","DNA-binding transcription activator activity, RNA polymerase II-specific","34/469","452/18706",0.0752212389380531,3.00018868992584,6.90318862107998,1.33049685144812e-08,3.43510096192061e-07,1.69013181980136e-07,"SMAD3/NR1I3/AR/FOXO1/NR1H3/NR1I2/ESR1/HNF1A/SREBF2/NFKB1/PPARA/RELA/GTF2I/MAFF/DDIT3/PPARG/TP53/FOS/NR1H2/OSR2/ELF3/CEBPA/ATF6/HNF4A/MYC/ATF3/NR1H4/KLF4/ATF4/JUN/SREBF1/NFE2L2/KLF5/EGR1",34
"GO:0070851","growth factor receptor binding","18/469","140/18706",0.128571428571429,5.1280536095035,7.86210341447324,1.41219618199719e-08,3.53879749135766e-07,1.74115238832245e-07,"IL10/JAK2/HBEGF/TLR9/IL1A/FGF21/IL6ST/IL4/NCSTN/IL1B/IL6/IL6R/EFEMP1/ERN1/PDGFRB/VEGFA/FGF23/PDGFB",18
"GO:0001216","DNA-binding transcription activator activity","34/469","460/18706",0.0739130434782609,2.94801149531844,6.78383341071912,2.05360219400719e-08,4.99905448369751e-07,2.4596252469662e-07,"SMAD3/NR1I3/AR/FOXO1/NR1H3/NR1I2/ESR1/HNF1A/SREBF2/NFKB1/PPARA/RELA/GTF2I/MAFF/DDIT3/PPARG/TP53/FOS/NR1H2/OSR2/ELF3/CEBPA/ATF6/HNF4A/MYC/ATF3/NR1H4/KLF4/ATF4/JUN/SREBF1/NFE2L2/KLF5/EGR1",34
"GO:0019825","oxygen binding","9/469","33/18706",0.272727272727273,10.8776894747044,9.10738862692062,8.19142562788981e-08,1.93863739860059e-06,9.53844673199888e-07,"ALB/CYP1A1/MB/CYP2E1/CYP2C19/CYP3A4/CBS/SOD2/CYP17A1",9
"GO:0005324","long-chain fatty acid transmembrane transporter activity","7/469","17/18706",0.411764705882353,16.4231782265145,10.2022012085242,9.31929521468793e-08,2.14595662781463e-06,1.05584948471362e-06,"CD36/FABP1/SLC27A5/FABP4/FABP3/SLC2A1/FABP2",7
"GO:0042056","chemoattractant activity","10/469","44/18706",0.227272727272727,9.06474122892033,8.58867681968293,1.03089321497162e-07,2.31137110304164e-06,1.1372363991409e-06,"CCL2/WNT5A/CXCL10/LGALS3/S100A4/CCL5/VEGFA/HMGB1/PDGFB/MIF",10
"GO:0170055","lipid transmembrane transporter activity","11/469","57/18706",0.192982456140351,7.69707851718849,8.1205159293271,1.42749354110065e-07,3.05502949622447e-06,1.50312978257087e-06,"ABCC1/CD36/SLC22A11/FABP1/ABCG1/SLC27A5/FABP4/FABP3/RBP4/SLC2A1/FABP2",11
"GO:0030296","protein tyrosine kinase activator activity","9/469","35/18706",0.257142857142857,10.256107219007,8.78956106934693,1.43428614846219e-07,3.05502949622447e-06,1.50312978257087e-06,"NRG1/PIM1/HBEGF/ERBB3/IL6ST/PRKCD/CCL5/VEGFA/EGFR",9
"GO:0016712","oxidoreductase activity, acting on paired donors, with incorporation or reduction of molecular oxygen, reduced flavin or flavoprotein as one donor, and incorporation of one atom of oxygen","10/469","46/18706",0.217391304347826,8.67062204505423,8.35299572173404,1.61924439630214e-07,3.36486884304738e-06,1.65557634670302e-06,"CYP1A1/CYP7A1/CYP2E1/CYP4A11/CYP1A2/HMOX1/CYP2C19/CYP3A4/CYP2R1/CYP17A1",10
"GO:0008083","growth factor activity","18/469","165/18706",0.109090909090909,4.35107578988176,6.93343141546605,1.82830213329809e-07,3.7088414704047e-06,1.8248171023844e-06,"NRG1/IL10/OSGIN1/HBEGF/FGF21/IL4/AGT/IL6/TGFB1/CXCL1/GDF15/EFEMP1/LIF/VEGFA/FGF23/IGF2/IGF1/PDGFB",18
"GO:0019838","growth factor binding","16/469","135/18706",0.118518518518519,4.72709468530364,6.96960625953694,2.8229360319051e-07,5.59335232368174e-06,2.75203053604829e-06,"IGFBP1/IGFBP3/IGF1R/CD36/ERBB3/IL6ST/ENG/DUSP1/IL6R/PDGFRB/FGFR4/IGFBP2/INSR/PDGFB/EGFR/EPHA2",16
"GO:0015245","fatty acid transmembrane transporter activity","7/469","20/18706",0.35,13.9597014925373,9.29908896103832,3.47972173735586e-07,6.73800663687999e-06,3.31522116679108e-06,"CD36/FABP1/SLC27A5/FABP4/FABP3/SLC2A1/FABP2",7
"GO:0042379","chemokine receptor binding","12/469","77/18706",0.155844155844156,6.21582255697394,7.35464945945591,4.49964018455853e-07,8.51931874943082e-06,4.19165895298542e-06,"CCL2/CCR2/CX3CR1/CXCL10/C3/CXCL1/CXCL5/JAK1/CCL5/YARS1/CCL20/CXCL9",12
"GO:0030170","pyridoxal phosphate binding","10/469","56/18706",0.178571428571429,7.12229667986598,7.35796207821024,1.13024131660464e-06,2.04886298244076e-05,1.00807765460847e-05,"PYGM/PYGL/ALB/GPT/ALAS1/GPT2/NFS1/CBS/MTARC2/HDC",10
"GO:0030291","protein serine/threonine kinase inhibitor activity","10/469","56/18706",0.178571428571429,7.12229667986598,7.35796207821024,1.13024131660464e-06,2.04886298244076e-05,1.00807765460847e-05,"RACK1/CIT/CDKN2A/HSPB1/CASP3/GSTP1/HSPA5/CDKN1A/AKT1/TRIB3",10
"GO:0019210","kinase inhibitor activity","13/469","101/18706",0.128712871287129,5.13369503261627,6.67994460895411,1.43742416837707e-06,2.55142789886929e-05,1.2553486857041e-05,"RACK1/CIT/AHSG/CDKN2A/HSPB1/CASP3/GSTP1/TRIB1/HSPA5/CDKN1A/AKT1/TRIB3/SPRY4",13
"GO:0070279","vitamin B6 binding","10/469","58/18706",0.172413793103448,6.87670024262922,7.18819721671252,1.58370446711207e-06,2.75370654281527e-05,1.35487343807359e-05,"PYGM/PYGL/ALB/GPT/ALAS1/GPT2/NFS1/CBS/MTARC2/HDC",10
"GO:0001664","G protein-coupled receptor binding","23/469","300/18706",0.0766666666666667,3.05783937455579,5.76210237116804,2.23783012581298e-06,3.81326253438532e-05,1.87619415500893e-05,"CCL2/JAK2/HSPA8/CCR2/AVPR1A/WNT5A/CX3CR1/ACE/AGTR1/SPX/AGT/CXCL10/C3/CXCL1/SAA1/CXCL5/JAK1/CCL5/YARS1/P2RY2/CCL20/CXCL9/SCT",23
"GO:0030169","low-density lipoprotein particle binding","6/469","17/18706",0.352941176470588,14.077009908441,8.65024603440184,2.3543602719781e-06,3.93316657201048e-05,1.93518911077862e-05,"LDLR/CD36/LIPC/SCARB1/PCSK9/CRP",6
"GO:0004601","peroxidase activity","9/469","48/18706",0.1875,7.47841151385928,7.20684504194226,2.55105730517853e-06,4.11392645518352e-05,2.02412624353862e-05,"PTGS2/MB/PRDX6/CAT/SESN2/GPX4/GSTA1/GPX3/GSTP1",9
"GO:0016627","oxidoreductase activity, acting on the CH-CH group of donors","10/469","61/18706",0.163934426229508,6.5385018700409,6.94807677878341,2.55913265404609e-06,4.11392645518352e-05,2.02412624353862e-05,"ACADM/FASN/ACADVL/SDHB/BLVRB/DHCR24/ACOX1/RETSAT/COX15/DHODH",10
"GO:0004713","protein tyrosine kinase activity","15/469","141/18706",0.106382978723404,4.24307036247335,6.19879150871174,2.64495705256416e-06,4.17315446071235e-05,2.05326749378929e-05,"JAK2/IGF1R/PTK2/MERTK/PRKCD/EFEMP1/JAK1/PDGFRB/RET/FGFR4/MTOR/INSR/HCK/EGFR/EPHA2",15
"GO:0034185","apolipoprotein binding","6/469","18/18706",0.333333333333333,13.2949538024165,8.36893740615485,3.45693493009904e-06,5.35510647353524e-05,2.63480926752316e-05,"VLDLR/ABCA1/LIPC/SCARB1/PCSK9/MTTP",6
"GO:0016684","oxidoreductase activity, acting on peroxide as acceptor","9/469","50/18706",0.18,7.17927505330491,7.01619807691718,3.64541072747991e-06,5.54623203538014e-05,2.72884650172162e-05,"PTGS2/MB/PRDX6/CAT/SESN2/GPX4/GSTA1/GPX3/GSTP1",9
"GO:0030295","protein kinase activator activity","15/469","145/18706",0.103448275862069,4.12602014557753,6.05987501340378,3.75417634891155e-06,5.61150570047832e-05,2.76096232585618e-05,"NRG1/PIM1/HBEGF/ERBB3/IL6ST/TGFB1/PRKCD/CCL5/VEGFA/HMGB1/IGF2/IGF1/ADIPOQ/INSR/EGFR",15
"GO:1901681","sulfur compound binding","21/469","266/18706",0.0789473684210526,3.14880484794075,5.66038424738346,3.90254350749877e-06,5.73270184204992e-05,2.82059302014377e-05,"HBEGF/PNPLA3/FASN/GSTM1/ACADVL/ELANE/APOA5/CXCL10/LIPC/THBS2/APOE/FABP1/LAMC2/SAA1/GSTP1/CBS/VEGFA/FGFR4/APOB/HMGCR/LIPG",21
"GO:0043178","alcohol binding","12/469","94/18706",0.127659574468085,5.09168443496802,6.37761231250224,3.97859027617666e-06,5.74535409373307e-05,2.8268181568716e-05,"NR1H3/PRKCE/ABCA1/TSPO/NPC1L1/APOA1/FABP1/ABCG1/CETP/MTOR/ITPR1/RBP4",12
"GO:0004860","protein kinase inhibitor activity","12/469","97/18706",0.123711340206186,4.9342096586288,6.22974726394906,5.54943887200565e-06,7.88020319824802e-05,3.8772025391687e-05,"RACK1/CIT/CDKN2A/HSPB1/CASP3/GSTP1/TRIB1/HSPA5/CDKN1A/AKT1/TRIB3/SPRY4",12
"GO:0051087","protein-folding chaperone binding","14/469","136/18706",0.102941176470588,4.10579455662862,5.82941273428335,8.34557819693173e-06,0.000116564469242391,5.73518277071749e-05,"BAX/ALB/CYP1A1/HSPA8/TP53/HDAC8/ATP1A1/CYP2E1/HSPA5/TERT/CLU/ERN1/ATP1A2/BIRC5",14
"GO:0070325","lipoprotein particle receptor binding","7/469","31/18706",0.225806451612903,9.00625902744343,7.15432651617478,9.29406746618967e-06,0.000127718475503123,6.2839800581482e-05,"APOA5/APOE/APOA1/CLU/PCSK9/APOB/CRP",7
"GO:0019209","kinase activator activity","15/469","157/18706",0.0955414012738854,3.81065554846333,5.67134124193744,9.98001460314022e-06,0.000134967816537706,6.64066075228099e-05,"NRG1/PIM1/HBEGF/ERBB3/IL6ST/TGFB1/PRKCD/CCL5/VEGFA/HMGB1/IGF2/IGF1/ADIPOQ/INSR/EGFR",15
"GO:0031994","insulin-like growth factor I binding","5/469","13/18706",0.384615384615385,15.3403313104806,8.29430376957635,1.05690348446493e-05,0.000140700276369393,6.9227081469477e-05,"IGFBP1/IGFBP3/IGF1R/IGFBP2/INSR",5
"GO:0002020","protease binding","14/469","140/18706",0.1,3.98848614072495,5.69173497093355,1.16691419706507e-05,0.000152955522446067,7.52568842564383e-05,"TNF/LDLR/BCL2/SERPINA1/TP53/ELANE/GSK3B/CASP3/PTEN/NOL3/SERPINE1/LCN2/INS/MIF",14
"GO:0016829","lyase activity","17/469","206/18706",0.0825242718446602,3.29146914525845,5.30335059356754,1.82622302097298e-05,0.000235748789980148,0.000115992669747424,"PCK1/CYP1A1/HADHA/CA12/FASN/HACD2/FECH/ME1/CYP1A2/ENO3/PCK2/CBS/HMGB1/HMGA1/CYP17A1/GLO1/HDC",17
"GO:0004714","transmembrane receptor protein tyrosine kinase activity","9/469","61/18706",0.147540983606557,5.88465168303681,6.1278186281632,1.97689097602281e-05,0.00025138971814499,0.000123688289374233,"IGF1R/MERTK/EFEMP1/PDGFRB/RET/FGFR4/INSR/EGFR/EPHA2",9
"GO:0016709","oxidoreductase activity, acting on paired donors, with incorporation or reduction of molecular oxygen, NAD(P)H as one donor, and incorporation of one atom of oxygen","7/469","35/18706",0.2,7.97697228144989,6.62530397454963,2.17935683174108e-05,0.000273060591271088,0.000134350751013444,"CYP1A1/NOS2/CYP2E1/FMO1/CYP3A4/NOS3/SQLE",7
"GO:1901682","sulfur compound transmembrane transporter activity","9/469","63/18706",0.142857142857143,5.69783734389278,5.98961529830586,2.58110640173549e-05,0.0003187105296056,0.000156811346555297,"SLC25A13/ABCG2/ABCC1/ABCC2/GJA1/UCP2/SLC25A47/ABCC5/SLC7A11",9
"GO:0140359","ABC-type transporter activity","8/469","49/18706",0.163265306122449,6.51181410730604,6.19527052016554,2.6894901380538e-05,0.000327349371088835,0.000161061812855674,"ABCB4/ABCG2/ABCC1/ABCA1/ABCG8/ABCC2/ABCG1/ABCC5",8
"GO:1990841","promoter-specific chromatin binding","10/469","80/18706",0.125,4.98560767590618,5.72886145273833,3.05588042888553e-05,0.000366705651466263,0.000180425814820182,"SMAD3/FOXO1/HDAC2/SIRT1/TP53/KDM1A/FOS/KLF4/ATF4/EGR1",10
"GO:0036041","long-chain fatty acid binding","5/469","16/18706",0.3125,12.4640191897655,7.35666234933606,3.37022575117681e-05,0.000393346895890773,0.000193533789060274,"PPARG/FABP4/PPARD/FABP3/FABP2",5
"GO:0046965","nuclear retinoid X receptor binding","5/469","16/18706",0.3125,12.4640191897655,7.35666234933606,3.37022575117681e-05,0.000393346895890773,0.000193533789060274,"PPARG/VDR/NR1H2/NR1H4/HMGA1",5
"GO:0019902","phosphatase binding","16/469","195/18706",0.0820512820512821,3.27260401290252,5.11581361097786,3.43642947132667e-05,0.000395653771563557,0.000194668813626399,"RACK1/SMAD3/FOXO1/PTPN1/SLC9A1/PPARA/BCL2/MAPK3/TP53/PTK2/MAPK8/PPP1R15A/CTNNB1/LGALS3/JAK1/EGFR",16
"GO:0050750","low-density lipoprotein particle receptor binding","6/469","26/18706",0.230769230769231,9.20419878628834,6.71309806352016,3.61529670285798e-05,0.000407452413070336,0.000200473958704256,"APOA5/APOE/CLU/PCSK9/APOB/CRP",6
"GO:0008009","chemokine activity","8/469","51/18706",0.156862745098039,6.25644884819599,6.0279339154577,3.63455204147248e-05,0.000407452413070336,0.000200473958704256,"CCL2/CXCL10/C3/CXCL1/CXCL5/CCL5/CCL20/CXCL9",8
"GO:0022804","active transmembrane transporter activity","27/469","459/18706",0.0588235294117647,2.3461683180735,4.68272388556088,4.03599574549922e-05,0.000446580308463031,0.000219725591124421,"ABCB4/SLC25A13/ABCG2/ABCC1/SLC5A2/SLC9A1/SLC25A1/SLC16A13/ABCA1/ABCG8/ABCC2/ATP1A1/SLC22A11/UCP2/SLC29A1/ABCG1/NDUFB10/SLC22A4/SLC25A4/ABCC5/ATP1A2/SLC11A1/NDUFS2/SLC7A11/SLC25A24/NDUFS4/NDUFA2",27
"GO:0001540","amyloid-beta binding","10/469","84/18706",0.119047619047619,4.74819778657732,5.52125188214162,4.68714009710222e-05,0.000511979918298858,0.000251903382348445,"ITGB2/LDLR/CD36/APOE/APOA1/SCARB1/CLU/FBXO2/TLR4/INSR",10
"GO:0140313","molecular sequestering activity","11/469","102/18706",0.107843137254902,4.30130858313475,5.36131864718185,5.00571275478158e-05,0.000539856616085305,0.000265619221993961,"NFKB1/SQSTM1/SESN2/TREM1/NFKBIA/HSPA5/CDKN1A/CLU/PLIN1/LCN2/FTH1",11
"GO:0032934","sterol binding","9/469","69/18706",0.130434782608696,5.20237322703254,5.60815156494189,5.41196759844237e-05,0.000576374549234113,0.000283586705771693,"NR1H3/ABCA1/TSPO/NPC1L1/APOA1/FABP1/ABCG1/RORA/CETP",9
"GO:0050661","NADP binding","8/469","54/18706",0.148148148148148,5.90886835662955,5.79300816574323,5.56107963722771e-05,0.000577809737916831,0.000284292844568476,"CAT/GSR/NOS2/ME1/FMO1/NOS3/HSD11B1/HMGCR",8
"GO:0140296","general transcription initiation factor binding","8/469","54/18706",0.148148148148148,5.90886835662955,5.79300816574323,5.56107963722771e-05,0.000577809737916831,0.000284292844568476,"AR/AHR/ESR1/RELA/TP53/MTOR/ATF4/JUN",8
"GO:0004857","enzyme inhibitor activity","27/469","470/18706",0.0574468085106383,2.29125799573561,4.54658944683117,6.04194958316821e-05,0.000616142356085524,0.000303153186206581,"RACK1/GPC3/SERPINB2/SIRT1/CIT/SERPINA1/AHSG/AGT/PTTG1/C3/UGT1A1/CDKN2A/ANGPTL4/HSPB1/CASP3/GSTP1/TRIB1/LGALS3/HSPA5/SERPINE1/CDKN1A/AKT1/BIRC5/TXNIP/APOC1/TRIB3/SPRY4",27
"GO:0008028","monocarboxylic acid transmembrane transporter activity","9/469","70/18706",0.128571428571429,5.1280536095035,5.54889588792902,6.07464294732207e-05,0.000616142356085524,0.000303153186206581,"ABCG2/SLC16A13/CD36/FABP1/SLC27A5/FABP4/FABP3/SLC2A1/FABP2",9
"GO:0035473","lipase binding","4/469","10/18706",0.4,15.9539445628998,7.58525167742233,7.26623535902164e-05,0.000719942619707931,0.000354224793823584,"APOA5/ANGPTL4/PLIN5/APOB",4
"GO:0015485","cholesterol binding","8/469","56/18706",0.142857142857143,5.69783734389278,5.64600358875776,7.26702644306127e-05,0.000719942619707931,0.000354224793823584,"NR1H3/ABCA1/TSPO/NPC1L1/APOA1/FABP1/ABCG1/CETP",8
"GO:0046943","carboxylic acid transmembrane transporter activity","15/469","187/18706",0.0802139037433155,3.19932043373659,4.84717975107838,7.77302477116035e-05,0.000756918690711685,0.000372417689714405,"SLC25A13/ABCG2/ABCC1/SLC25A1/SLC16A13/CD36/ABCC2/UCP2/FABP1/SLC27A5/FABP4/FABP3/SLC2A1/SLC7A11/FABP2",15
"GO:0015399","primary active transmembrane transporter activity","14/469","166/18706",0.0843373493975904,3.36378349217767,4.90563750004719,7.8179395284775e-05,0.000756918690711685,0.000372417689714405,"ABCB4/ABCG2/ABCC1/ABCA1/ABCG8/ABCC2/ATP1A1/ABCG1/NDUFB10/ABCC5/ATP1A2/NDUFS2/NDUFS4/NDUFA2",14
"GO:0005520","insulin-like growth factor binding","5/469","19/18706",0.263157894736842,10.4960161598025,6.64105430051554,8.43042011482397e-05,0.000807046959306744,0.000397081704764689,"IGFBP1/IGFBP3/IGF1R/IGFBP2/INSR",5
"GO:0016810","hydrolase activity, acting on carbon-nitrogen (but not peptide) bonds","12/469","128/18706",0.09375,3.73920575692964,4.98676313047564,9.1760683220194e-05,0.000866682831907936,0.000426423632993937,"ARG2/APOBEC3A/ADAR/HDAC2/SIRT1/CAT/HDAC8/TGM2/MTHFD2/DARS1/DHODH/PADI4",12
"GO:0019903","protein phosphatase binding","13/469","148/18706",0.0878378378378378,3.50339998847462,4.90325067703959,9.25682367413406e-05,0.000866682831907936,0.000426423632993937,"RACK1/FOXO1/PTPN1/SLC9A1/BCL2/TP53/PTK2/MAPK8/PPP1R15A/CTNNB1/LGALS3/JAK1/EGFR",13
"GO:0038024","cargo receptor activity","9/469","74/18706",0.121621621621622,4.85086152250331,5.32270751653405,9.45046910103729e-05,0.000875195616748236,0.000430612077145421,"VLDLR/ITGB2/LDLR/CD36/ABCA1/LGALS3BP/CD163/SCARB1/INSR",9
"GO:0008525","phosphatidylcholine transporter activity","5/469","20/18706",0.25,9.97121535181237,6.43719530833134,0.000110100190974444,0.00100865981408846,0.000496278876820164,"ABCB4/ABCA1/ABCG1/MTTP/PITPNM2",5
"GO:0051059","NF-kappaB binding","6/469","32/18706",0.1875,7.47841151385928,5.8818429157299,0.000125270444741047,0.00112347809388813,0.000552771547730128,"HDAC2/RELA/GSK3B/CDKN2A/NFKBIA/PPARD",6
"GO:0072349","modified amino acid transmembrane transporter activity","6/469","32/18706",0.1875,7.47841151385928,5.8818429157299,0.000125270444741047,0.00112347809388813,0.000552771547730128,"SLC25A13/ABCC1/GJA1/SLC22A4/ABCC5/SLC7A11",6
"GO:0051540","metal cluster binding","9/469","77/18706",0.116883116883117,4.66186691773046,5.16347081460355,0.000129099814619182,0.00114576085474524,0.000563735069203038,"SDHB/ETFDH/FECH/XDH/GSTP1/CDKAL1/NFS1/AOX1/NDUFS2",9
"GO:0042562","hormone binding","10/469","95/18706",0.105263157894737,4.198406463921,5.0118628863265,0.000134276478591172,0.00117941814185235,0.000580295063374538,"AR/AVPR1A/SHBG/IGF1R/LEPR/ATP1A1/TSPO/ATP1A2/INSR/EGFR",10
"GO:0009055","electron transfer activity","11/469","114/18706",0.0964912280701754,3.84853925859425,4.89215443306826,0.000138178035794247,0.0012013029234357,0.000591062771844666,"SDHB/ETFDH/ALDH2/GSR/ME1/NDUFB10/CYP1A2/NOX4/NDUFS2/NDUFS4/NDUFA2",11
"GO:0016836","hydro-lyase activity","8/469","62/18706",0.129032258064516,5.14643372996767,5.24432508511469,0.000151705250141448,0.00130558457697488,0.000642371232009846,"CYP1A1/HADHA/CA12/FASN/HACD2/CYP1A2/ENO3/CBS",8
"GO:0019199","transmembrane receptor protein kinase activity","9/469","79/18706",0.113924050632911,4.54384497044614,5.0618046665302,0.000157592305437043,0.00134268644232361,0.000660626020994215,"IGF1R/MERTK/EFEMP1/PDGFRB/RET/FGFR4/INSR/EGFR/EPHA2",9
"GO:0046982","protein heterodimerization activity","22/469","368/18706",0.0597826086956522,2.38442106238991,4.30134920006334,0.000164141832061511,0.00134816632096428,0.000663322220425302,"BAX/AHR/HNF1A/BCL2/DDIT3/ERBB3/TP53/ABCG8/AGTR1/UGT1A1/ABCG1/PRMT5/CEBPA/ATF6/CLU/ATF3/MTTP/TLR4/ATP1A2/BIRC5/ATF4/PDGFB",22
"GO:0008035","high-density lipoprotein particle binding","4/469","12/18706",0.333333333333333,13.2949538024165,6.83211210157062,0.000164564903028504,0.00134816632096428,0.000663322220425302,"CD36/ABCA1/APOA1/SCARB1",4
"GO:0016725","oxidoreductase activity, acting on CH or CH2 groups","4/469","12/18706",0.333333333333333,13.2949538024165,6.83211210157062,0.000164564903028504,0.00134816632096428,0.000663322220425302,"XDH/CYP1A2/CYP3A4/COX15",4
"GO:0043560","insulin receptor substrate binding","4/469","12/18706",0.333333333333333,13.2949538024165,6.83211210157062,0.000164564903028504,0.00134816632096428,0.000663322220425302,"JAK2/IGF1R/PRKCD/INSR",4
"GO:0016835","carbon-oxygen lyase activity","9/469","80/18706",0.1125,4.48704690831557,5.01223658758571,0.000173695143610757,0.00140941202244157,0.000693456213585998,"CYP1A1/HADHA/CA12/FASN/HACD2/CYP1A2/ENO3/CBS/HMGA1",9
"GO:0090482","vitamin transmembrane transporter activity","6/469","34/18706",0.176470588235294,7.03850495422049,5.65147804381821,0.000178197887751775,0.00143230755060861,0.000704721227661344,"ABCG2/ABCC1/GC/SLC2A3/RBP4/SLC2A1",6
"GO:0016922","nuclear receptor binding","12/469","138/18706",0.0869565217391304,3.46824881802169,4.66696448275272,0.000188020726887961,0.00149420372100155,0.000735175263296575,"SMAD3/NR1I2/ESR1/SIRT1/PPARG/KDM1A/VDR/NR1H2/PARP1/CTNNB1/NR1H4/HMGA1",12
"GO:0042626","ATPase-coupled transmembrane transporter activity","10/469","99/18706",0.101010101010101,4.02877387952015,4.84545816503832,0.000189406105479069,0.00149420372100155,0.000735175263296575,"ABCB4/ABCG2/ABCC1/ABCA1/ABCG8/ABCC2/ATP1A1/ABCG1/ABCC5/ATP1A2",10
"GO:0004602","glutathione peroxidase activity","5/469","23/18706",0.217391304347826,8.67062204505423,5.90282317841735,0.00022456895157155,0.00173938860671782,0.000855810662860419,"PRDX6/GPX4/GSTA1/GPX3/GSTP1",5
"GO:0005158","insulin receptor binding","5/469","23/18706",0.217391304347826,8.67062204505423,5.90282317841735,0.00022456895157155,0.00173938860671782,0.000855810662860419,"PTPN1/IGF1R/INS/IGF2/IGF1",5
"GO:0030955","potassium ion binding","4/469","13/18706",0.307692307692308,12.2722650483845,6.51976502203601,0.000233007511110217,0.00178849008527843,0.000879969478637459,"ATP1A1/CPS1/PKLR/ATP1A2",4
"GO:0042277","peptide binding","16/469","230/18706",0.0695652173913043,2.77459905441735,4.34258937623695,0.000239383081011264,0.00182102129483569,0.000895975422281869,"ITGB2/B2M/RELA/LDLR/CD36/PPARG/APOE/DHCR24/APOA1/SCARB1/NFKBIA/CLU/FBXO2/TLR4/MC4R/INSR",16
"GO:0019955","cytokine binding","12/469","143/18706",0.0839160839160839,3.34698137683212,4.51795767937321,0.000262166448758005,0.0019610217983228,0.00096485820283324,"CCR2/CX3CR1/CD36/LEPR/IL6ST/ELANE/CXCR2/ENG/IL6R/IL1RL1/HMGB1/CASP1",12
"GO:0140311","protein sequestering activity","8/469","67/18706",0.119402985074627,4.76237151131337,4.94739234810151,0.000262390240620657,0.0019610217983228,0.00096485820283324,"NFKB1/SQSTM1/SESN2/NFKBIA/HSPA5/CDKN1A/CLU/PLIN1",8
"GO:0042974","nuclear retinoic acid receptor binding","5/469","24/18706",0.208333333333333,8.3093461265103,5.74593942822475,0.000277862205025378,0.00205859651027497,0.00101286672639818,"PPARG/VDR/NR1H2/NR1H4/HMGA1",5
"GO:0005161","platelet-derived growth factor receptor binding","4/469","14/18706",0.285714285714286,11.3956746877856,6.23989656758815,0.000319769583444649,0.00232857850508411,0.00114570275225555,"ERN1/PDGFRB/VEGFA/PDGFB",4
"GO:0008559","ABC-type xenobiotic transporter activity","4/469","14/18706",0.285714285714286,11.3956746877856,6.23989656758815,0.000319769583444649,0.00232857850508411,0.00114570275225555,"ABCG2/ABCC1/ABCC2/ABCC5",4
"GO:0008201","heparin binding","13/469","168/18706",0.0773809523809524,3.08632856127526,4.35606632843071,0.00032713331506286,0.00236201342740302,0.00116215333892832,"HBEGF/ELANE/APOA5/CXCL10/LIPC/THBS2/APOE/LAMC2/SAA1/VEGFA/FGFR4/APOB/LIPG",13
"GO:0051287","NAD binding","7/469","53/18706",0.132075471698113,5.26781188397634,4.98950470692793,0.000338702552125028,0.00241560284114824,0.0011885203000102,"HADHA/SIRT1/ALDH2/PARP1/ME1/AOX1/NDUFS2",7
"GO:0060229","lipase activator activity","5/469","25/18706",0.2,7.97697228144989,5.59790495280771,0.0003402257522744,0.00241560284114824,0.0011885203000102,"APOA5/CASP3/FABP4/CCL5/PDGFRB",5
"GO:0140693","molecular condensate scaffold activity","7/469","54/18706",0.12962962962963,5.17025981205086,4.92136830515224,0.00038086515404565,0.00268179430782557,0.00131949131744993,"AR/SQSTM1/TP53/NLRP3/CIDEC/LGALS3/NFE2L2",7
"GO:0008013","beta-catenin binding","10/469","108/18706",0.0925925925925926,3.69304272289347,4.50101621832759,0.000385514962187356,0.00269228481789859,0.00132465283819616,"SMAD3/AR/FOXO1/ESR1/GJA1/GSK3B/CDH1/RORA/PTEN/KLF4",10
"GO:0031072","heat shock protein binding","11/469","130/18706",0.0846153846153846,3.37487288830572,4.35737084384369,0.000436473358297888,0.00302337643308781,0.00148755590285248,"BAX/AHR/ITGB2/CYP1A1/HSPA8/HDAC2/HDAC8/APOA1/CYP2E1/HSPA5/ERN1",11
"GO:0038187","pattern recognition receptor activity","7/469","56/18706",0.125,4.98560767590618,4.79002434403152,0.000477759325804517,0.00328266891601168,0.00161513249547173,"TLR9/CD36/TLR3/AIM2/SCARB1/CD14/TLR4",7
"GO:0003707","nuclear steroid receptor activity","5/469","27/18706",0.185185185185185,7.38608544578694,5.32510744152835,0.000496060341715156,0.00332790087512845,0.00163738743767653,"AR/ESR1/PPARA/VDR/PPARD",5
"GO:0016769","transferase activity, transferring nitrogenous groups","5/469","27/18706",0.185185185185185,7.38608544578694,5.32510744152835,0.000496060341715156,0.00332790087512845,0.00163738743767653,"GPT/BLVRB/GFPT1/GPT2/GFPT2",5
"GO:0070412","R-SMAD binding","5/469","27/18706",0.185185185185185,7.38608544578694,5.32510744152835,0.000496060341715156,0.00332790087512845,0.00163738743767653,"SMAD3/PPARG/FOS/PARP1/JUN",5
"GO:0015562","efflux transmembrane transporter activity","4/469","16/18706",0.25,9.97121535181237,5.75698636874089,0.000558695267737287,0.00368998734970673,0.00181554053389944,"ABCG2/ABCC1/GJA1/ABCC5",4
"GO:0048038","quinone binding","4/469","16/18706",0.25,9.97121535181237,5.75698636874089,0.000558695267737287,0.00368998734970673,0.00181554053389944,"SQOR/SDHB/ETFDH/NDUFS2",4
"GO:0051536","iron-sulfur cluster binding","8/469","76/18706",0.105263157894737,4.198406463921,4.48045997209443,0.000623527649763872,0.00408650428922168,0.00201063404177403,"SDHB/ETFDH/FECH/XDH/CDKAL1/NFS1/AOX1/NDUFS2",8
"GO:0071949","FAD binding","6/469","43/18706",0.13953488372093,5.56532949868597,4.80622619552518,0.000667771642219547,0.00434306442115309,0.00213686626827233,"SQOR/XDH/DHCR24/ACOX1/SQLE/AOX1",6
"GO:0042910","xenobiotic transmembrane transporter activity","5/469","29/18706",0.172413793103448,6.87670024262922,5.07887538361723,0.00070023889223344,0.00451972375896129,0.00222378585852733,"ABCG2/ABCC1/ABCC2/ABCC5/SLC2A1",5
"GO:0005159","insulin-like growth factor receptor binding","4/469","17/18706",0.235294117647059,9.38467327229399,5.5463356861571,0.000716212617391318,0.00455382947774181,0.002240566489195,"INS/IGF2/IGF1/INSR",4
"GO:0045236","CXCR chemokine receptor binding","4/469","17/18706",0.235294117647059,9.38467327229399,5.5463356861571,0.000716212617391318,0.00455382947774181,0.002240566489195,"CXCL10/CXCL5/YARS1/CXCL9",4
"GO:0005179","hormone activity","11/469","138/18706",0.0797101449275362,3.17922808318655,4.12048412209937,0.000722822395248498,0.00456181245001274,0.00224449425597719,"STC2/RETN/SPX/AGT/GDF15/INS/IGF2/IGF1/ADIPOQ/BGLAP/SCT",11
"GO:0045296","cadherin binding","19/469","334/18706",0.0568862275449102,2.26889930161,3.75241403750015,0.000821207017297799,0.00514462043189503,0.002531246327003,"RACK1/PTPN1/EIF5/HSPA8/TJP1/PRDX6/S100P/FASN/TMPO/RTN4/CDH1/HCFC1/CTNNB1/HSPA5/LDHA/KRT18/EPCAM/EGFR/EPHA2",19
"GO:0005539","glycosaminoglycan binding","15/469","233/18706",0.0643776824034335,2.56769494038087,3.86152971070355,0.000831857147619972,0.00517330138519866,0.00254535787491325,"HBEGF/ELANE/APOA5/NLRP3/CXCL10/LIPC/THBS2/APOE/ENG/LAMC2/SAA1/VEGFA/FGFR4/APOB/LIPG",15
"GO:0030228","lipoprotein particle receptor activity","4/469","18/18706",0.222222222222222,8.86330253494433,5.35239804704869,0.000902724679725986,0.00557334367483,0.00274218591882439,"VLDLR/LDLR/CD36/SCARB1",4
"GO:0031210","phosphatidylcholine binding","5/469","31/18706",0.161290322580645,6.43304216245959,4.85492131507918,0.000961464780934224,0.00589329491622992,0.00289960771802898,"ABCA1/APOA5/CETP/PITPNM2/APOC1",5
"GO:0061134","peptidase regulator activity","15/469","237/18706",0.0632911392405063,2.52435831691452,3.78728620133613,0.000988635590266535,0.00601655373505062,0.0029602532868403,"RACK1/GPC3/SERPINB2/SERPINA1/AHSG/NLRP3/AGT/VSIR/PTTG1/NCSTN/C3/AIM2/SERPINE1/BIRC5/CASP1",15
"GO:0004715","non-membrane spanning protein tyrosine kinase activity","6/469","48/18706",0.125,4.98560767590618,4.43374997972619,0.0012097149925679,0.0073097671891337,0.00359653770257374,"JAK2/PTK2/PRKCD/JAK1/MTOR/HCK",6
"GO:0031420","alkali metal ion binding","4/469","20/18706",0.2,7.97697228144989,5.00624848197785,0.00137368762810645,0.00818448852550136,0.00402691642519142,"ATP1A1/CPS1/PKLR/ATP1A2",4
"GO:0046624","sphingolipid transporter activity","4/469","20/18706",0.2,7.97697228144989,5.00624848197785,0.00137368762810645,0.00818448852550136,0.00402691642519142,"ABCG2/ABCC1/ABCA1/MTTP",4
"GO:0005536","D-glucose binding","3/469","10/18706",0.3,11.9654584221748,5.56212854345219,0.00164782749638822,0.00961608922549839,0.0047312898695638,"PYGL/SLC2A3/GCK",3
"GO:0031434","mitogen-activated protein kinase kinase binding","3/469","10/18706",0.3,11.9654584221748,5.56212854345219,0.00164782749638822,0.00961608922549839,0.0047312898695638,"ACE/TRIB1/TRIB3",3
"GO:0032052","bile acid binding","3/469","10/18706",0.3,11.9654584221748,5.56212854345219,0.00164782749638822,0.00961608922549839,0.0047312898695638,"PYGL/VDR/NR1H4",3
"GO:0030145","manganese ion binding","7/469","70/18706",0.1,3.98848614072495,4.01709861984957,0.00182935772079441,0.0106028080144002,0.00521677336504349,"PCK1/ARG2/PIM1/ME1/PCK2/LAP3/SOD2",7
"GO:0055106","ubiquitin-protein transferase regulator activity","5/469","36/18706",0.138888888888889,5.5395640843402,4.37201679214072,0.00192503676188544,0.0110819683859892,0.00545252893665192,"FBXW7/CDKN2A/PTEN/TRIB1/TRIB3",5
"GO:0048029","monosaccharide binding","7/469","71/18706",0.0985915492957746,3.93231027958798,3.96974835337071,0.00198653954474036,0.0113592731014684,0.00558896787355884,"PYGL/P4HA1/ENG/PKLR/SLC2A3/GCK/P3H1",7
"GO:0097110","scaffold protein binding","7/469","72/18706",0.0972222222222222,3.87769485903814,3.92325486665538,0.00215397388900277,0.0122345716895357,0.00601963061445618,"CIT/IL6ST/GSK3B/TREM1/CD163/NOS3/KRT18",7
"GO:0016717","oxidoreductase activity, acting on paired donors, with oxidation of a pair of donors resulting in the reduction of molecular oxygen to two molecules of water","3/469","11/18706",0.272727272727273,10.8776894747044,5.25505850605607,0.00222379148373593,0.0124649364746251,0.00613297425639198,"FADS2/FADS1/SCD",3
"GO:0141221","histone deacetylase activity, hydrolytic mechanism","3/469","11/18706",0.272727272727273,10.8776894747044,5.25505850605607,0.00222379148373593,0.0124649364746251,0.00613297425639198,"HDAC2/SIRT1/HDAC8",3
"GO:0008483","transaminase activity","4/469","23/18706",0.173913043478261,6.93649763604339,4.56835125480478,0.00236581164894336,0.0130887761357126,0.00643991465591625,"GPT/GFPT1/GPT2/GFPT2",4
"GO:0016702","oxidoreductase activity, acting on single donors with incorporation of molecular oxygen, incorporation of two atoms of oxygen","4/469","23/18706",0.173913043478261,6.93649763604339,4.56835125480478,0.00236581164894336,0.0130887761357126,0.00643991465591625,"PTGS2/ALOX15/ETHE1/ALOX5",4
"GO:0072341","modified amino acid binding","8/469","94/18706",0.0851063829787234,3.39445628997868,3.73218271336114,0.00249142023754697,0.0136947744670324,0.00673807679841624,"FASN/TYMS/GSTM1/CPS1/SCARB1/NOX4/CBS/HMGB1",8
"GO:0001091","RNA polymerase II general transcription initiation factor binding","4/469","24/18706",0.166666666666667,6.64747690120824,4.43952983413218,0.00278340153772695,0.0151048287270278,0.00743184900449785,"AR/AHR/ESR1/TP53",4
"GO:0016701","oxidoreductase activity, acting on single donors with incorporation of molecular oxygen","4/469","24/18706",0.166666666666667,6.64747690120824,4.43952983413218,0.00278340153772695,0.0151048287270278,0.00743184900449785,"PTGS2/ALOX15/ETHE1/ALOX5",4
"GO:0050786","RAGE receptor binding","3/469","12/18706",0.25,9.97121535181237,4.98516301532315,0.00291020034397175,0.0155942810884524,0.0076726684213042,"S100A4/HMGB1/S100B",3
"GO:0097371","MDM2/MDM4 family protein binding","3/469","12/18706",0.25,9.97121535181237,4.98516301532315,0.00291020034397175,0.0155942810884524,0.0076726684213042,"PPARA/TP53/CDKN2A",3
"GO:0008374","O-acyltransferase activity","6/469","57/18706",0.105263157894737,4.198406463921,3.87821504139044,0.00296118282685021,0.0157682985529774,0.00775828816210808,"PNPLA3/PRDX6/CPT2/DGAT1/CPT1A/CROT",6
"GO:0050997","quaternary ammonium group binding","5/469","40/18706",0.125,4.98560767590618,4.0465740309095,0.00309570697308242,0.0163822505656287,0.0080603636597182,"ABCA1/APOA5/CETP/PITPNM2/APOC1",5
"GO:0042169","SH2 domain binding","5/469","41/18706",0.121951219512195,4.86400748868896,3.97195636907331,0.00345431200984042,0.0181671224221237,0.00893855290433458,"RACK1/JAK2/SQSTM1/PTK2/INPPL1",5
"GO:0160215","deacylase activity","7/469","79/18706",0.0886075949367089,3.53410164368033,3.61955097709258,0.00365086063492413,0.0188320308401389,0.00926569987526756,"HADHA/HDAC2/SIRT1/HDAC8/ACOT12/ACAA2/CES1",7
"GO:0004465","lipoprotein lipase activity","3/469","13/18706",0.230769230769231,9.20419878628834,4.74522627449566,0.0037133581938302,0.0188320308401389,0.00926569987526756,"PNPLA3/LIPC/LIPG",3
"GO:0004861","cyclin-dependent protein serine/threonine kinase inhibitor activity","3/469","13/18706",0.230769230769231,9.20419878628834,4.74522627449566,0.0037133581938302,0.0188320308401389,0.00926569987526756,"CDKN2A/CASP3/CDKN1A",3
"GO:0016661","oxidoreductase activity, acting on other nitrogenous compounds as donors","3/469","13/18706",0.230769230769231,9.20419878628834,4.74522627449566,0.0037133581938302,0.0188320308401389,0.00926569987526756,"MB/CBS/MTARC2",3
"GO:0035673","oligopeptide transmembrane transporter activity","3/469","13/18706",0.230769230769231,9.20419878628834,4.74522627449566,0.0037133581938302,0.0188320308401389,0.00926569987526756,"ABCC1/GJA1/ABCC5",3
"GO:0042301","phosphate ion binding","3/469","13/18706",0.230769230769231,9.20419878628834,4.74522627449566,0.0037133581938302,0.0188320308401389,0.00926569987526756,"RELA/MTHFD2/OTC",3
"GO:0031490","chromatin DNA binding","10/469","146/18706",0.0684931506849315,2.73183982241435,3.36886604193856,0.00380731211030363,0.0191416334599244,0.00941802996541454,"SMAD3/FOXO1/NR1H3/HDAC2/RELA/NR1H2/HCFC1/CEBPA/KLF4/H1-0",10
"GO:0016504","peptidase activator activity","6/469","60/18706",0.1,3.98848614072495,3.71811321677634,0.00383660675439561,0.0191416334599244,0.00941802996541454,"RACK1/NLRP3/VSIR/NCSTN/AIM2/CASP1",6
"GO:0051879","Hsp90 protein binding","5/469","42/18706",0.119047619047619,4.74819778657732,3.89971941592429,0.00384180671554821,0.0191416334599244,0.00941802996541454,"AHR/CYP1A1/HDAC8/CYP2E1/ERN1",5
"GO:0016616","oxidoreductase activity, acting on the CH-OH group of donors, NAD or NADP as acceptor","9/469","124/18706",0.0725806451612903,2.89486897310682,3.39494214718638,0.00405072480553398,0.0200652182227613,0.00987245037787357,"HADHA/FASN/HSD17B13/ME1/CBR1/LDHA/AKR1B10/HSD11B1/HMGCR",9
"GO:0004896","cytokine receptor activity","8/469","102/18706",0.0784313725490196,3.128224424098,3.45623227970711,0.00412971828031793,0.0203382657504675,0.0100067947013767,"CCR2/CX3CR1/LEPR/IL6ST/CXCR2/GPR35/IL6R/IL1RL1",8
"GO:0051721","protein phosphatase 2A binding","4/469","27/18706",0.148148148148148,5.90886835662955,4.0933137580576,0.00433284323856962,0.0212159910302374,0.0104386514184945,"FOXO1/PTPN1/BCL2/TP53",4
"GO:0140104","molecular carrier activity","10/469","149/18706",0.0671140939597315,2.67683633605701,3.29547867154983,0.00439696069907906,0.0214069172320878,0.0105325905639689,"TF/ALB/MB/GC/FABP1/GSTA1/NFS1/CLU/CD14/RBP4",10
"GO:0030297","transmembrane receptor protein tyrosine kinase activator activity","3/469","14/18706",0.214285714285714,8.54675601583917,4.52986250281473,0.00463888236029898,0.0224564077896292,0.0110489589052622,"NRG1/HBEGF/VEGFA",3
"GO:0061135","endopeptidase regulator activity","12/469","200/18706",0.06,2.39309168443497,3.17634009950602,0.00471563254487331,0.0226989769956614,0.0111683073430996,"SERPINB2/SERPINA1/AHSG/NLRP3/AGT/VSIR/PTTG1/NCSTN/C3/AIM2/SERPINE1/BIRC5",12
"GO:0005178","integrin binding","10/469","151/18706",0.0662251655629139,2.64138155014897,3.24755204920333,0.00482845999964836,0.0231115051668562,0.0113712786666298,"NRG1/ITGB2/PTK2/SPP1/IL1B/PRKCA/HMGB1/IGF2/IGF1/ADAM10",10
"GO:0051537","2 iron, 2 sulfur cluster binding","4/469","28/18706",0.142857142857143,5.69783734389278,3.9893338731565,0.00495638807219121,0.0235912996508766,0.0116073462330266,"SDHB/FECH/XDH/AOX1",4
"GO:0140272","exogenous protein binding","7/469","84/18706",0.0833333333333333,3.32373845060412,3.42296378807656,0.00512909221719088,0.0242777031613702,0.0119450691783399,"VLDLR/ALB/LDLR/SCARB1/PVR/EGFR/EPHA2",7
"GO:0015216","purine nucleotide transmembrane transporter activity","4/469","29/18706",0.137931034482759,5.50136019410337,3.89025244418419,0.00563737194098446,0.0262604595466907,0.0129206211911899,"SLC25A4/SLC25A47/ABCC5/SLC25A24",4
"GO:0061133","endopeptidase activator activity","4/469","29/18706",0.137931034482759,5.50136019410337,3.89025244418419,0.00563737194098446,0.0262604595466907,0.0129206211911899,"NLRP3/VSIR/NCSTN/AIM2",4
"GO:0000062","fatty-acyl-CoA binding","3/469","15/18706",0.2,7.97697228144989,4.33495842774031,0.00569174119657851,0.0262604595466907,0.0129206211911899,"PNPLA3/ACADVL/FABP1",3
"GO:0005041","low-density lipoprotein particle receptor activity","3/469","15/18706",0.2,7.97697228144989,4.33495842774031,0.00569174119657851,0.0262604595466907,0.0129206211911899,"VLDLR/LDLR/CD36",3
"GO:0005518","collagen binding","6/469","65/18706",0.0923076923076923,3.68167951451534,3.47310191986095,0.00570209508936359,0.0262604595466907,0.0129206211911899,"SMAD3/MMP9/LOX/CTSB/P3H1/PDGFB",6
"GO:0005516","calmodulin binding","12/469","206/18706",0.058252427184466,2.32338998488832,3.06283899846586,0.00594351399669843,0.027225128630038,0.0133952558326219,"ESR1/TJP1/SLC9A1/ACE/TRPV1/SYT7/NOS2/AKT1/NOS3/ASPM/FAS/AKAP12",12
"GO:0016747","acyltransferase activity, transferring groups other than amino-acyl groups","13/469","233/18706",0.055793991416309,2.22533561499675,3.01823381642325,0.00612105233445541,0.027888430956984,0.013721612577692,"HADHA/PNPLA3/PRDX6/SIRT1/CPT2/FASN/DGAT1/ALAS1/TGM2/CERS4/CPT1A/ACAA2/CROT",13
"GO:0001046","core promoter sequence-specific DNA binding","5/469","47/18706",0.106382978723404,4.24307036247335,3.5698477680347,0.00625614350599732,0.0282022977095752,0.0138760406983245,"AR/RELA/TP53/FOS/MYC",5
"GO:0016597","amino acid binding","5/469","47/18706",0.106382978723404,4.24307036247335,3.5698477680347,0.00625614350599732,0.0282022977095752,0.0138760406983245,"SESN2/NOS2/CPS1/OTC/NOS3",5
"GO:0043028","cysteine-type endopeptidase regulator activity involved in apoptotic process","4/469","30/18706",0.133333333333333,5.3179815209666,3.79566655119989,0.00637802018447484,0.0286003852482767,0.0140719069694135,"RACK1/NOL3/BIRC5/CASP1",4
"GO:0016614","oxidoreductase activity, acting on CH-OH group of donors","9/469","134/18706",0.0671641791044776,2.67883397511377,3.12765894816298,0.0066999701650704,0.0298867779091098,0.0147048354314688,"HADHA/FASN/HSD17B13/ME1/CBR1/LDHA/AKR1B10/HSD11B1/HMGCR",9
"GO:0004697","diacylglycerol-dependent serine/threonine kinase activity","3/469","16/18706",0.1875,7.47841151385928,4.15731038814572,0.00687629025708033,0.0300440989693971,0.0147822402393228,"PRKCE/PRKCD/PRKCA",3
"GO:0005149","interleukin-1 receptor binding","3/469","16/18706",0.1875,7.47841151385928,4.15731038814572,0.00687629025708033,0.0300440989693971,0.0147822402393228,"TLR9/IL1A/IL1B",3
"GO:0140328","floppase activity","3/469","16/18706",0.1875,7.47841151385928,4.15731038814572,0.00687629025708033,0.0300440989693971,0.0147822402393228,"ABCB4/ABCA1/ABCG1",3
"GO:1901567","fatty acid derivative binding","3/469","16/18706",0.1875,7.47841151385928,4.15731038814572,0.00687629025708033,0.0300440989693971,0.0147822402393228,"PNPLA3/ACADVL/FABP1",3
"GO:0016811","hydrolase activity, acting on carbon-nitrogen (but not peptide) bonds, in linear amides","6/469","68/18706",0.0882352941176471,3.51925247711025,3.33745236268565,0.007097923740178,0.0308542399317942,0.0151808442495834,"HDAC2/SIRT1/CAT/HDAC8/TGM2/DARS1",6
"GO:0001637","G protein-coupled chemoattractant receptor activity","4/469","31/18706",0.129032258064516,5.14643372996767,3.70521871453138,0.00718047283685123,0.0308977922070568,0.0152022727569438,"CCR2/CX3CR1/CXCR2/GPR35",4
"GO:0004950","chemokine receptor activity","4/469","31/18706",0.129032258064516,5.14643372996767,3.70521871453138,0.00718047283685123,0.0308977922070568,0.0152022727569438,"CCR2/CX3CR1/CXCR2/GPR35",4
"GO:0005044","scavenger receptor activity","4/469","32/18706",0.125,4.98560767590618,3.61859048676616,0.00804678101583956,0.0341217959201721,0.0167885409112421,"CD36/LGALS3BP/CD163/SCARB1",4
"GO:0043425","bHLH transcription factor binding","4/469","32/18706",0.125,4.98560767590618,3.61859048676616,0.00804678101583956,0.0341217959201721,0.0167885409112421,"SMAD3/SIRT1/KDM1A/KLF5",4
"GO:0015297","antiporter activity","9/469","138/18706",0.0652173913043478,2.60118661351627,3.02752340079268,0.00807003061894745,0.0341217959201721,0.0167885409112421,"SLC25A13/SLC9A1/SLC25A1/SLC22A11/UCP2/SLC25A4/SLC11A1/SLC7A11/SLC25A24",9
"GO:0030544","Hsp70 protein binding","5/469","50/18706",0.1,3.98848614072495,3.39324767591202,0.0081299584175997,0.0341217959201721,0.0167885409112421,"BAX/CYP1A1/HDAC8/CYP2E1/ERN1",5
"GO:0048020","CCR chemokine receptor binding","5/469","50/18706",0.1,3.98848614072495,3.39324767591202,0.0081299584175997,0.0341217959201721,0.0167885409112421,"CCL2/CCR2/JAK1/CCL5/CCL20",5
"GO:0008391","arachidonate monooxygenase activity","3/469","17/18706",0.176470588235294,7.03850495422049,3.99438051203473,0.00819630689415654,0.034231634675595,0.016842583566071,"CYP1A1/CYP2E1/CYP4A11",3
"GO:0002039","p53 binding","6/469","71/18706",0.0845070422535211,3.37055166821827,3.20924209385233,0.0087255006793624,0.0362640320917891,0.0178425598641973,"SIRT1/TP53/KDM1A/GSK3B/CDKN2A/PRMT5",6
"GO:0071889","14-3-3 protein binding","4/469","33/18706",0.121212121212121,4.83452865542418,3.53549711756417,0.00897890382756441,0.0371360488402178,0.0182716078806187,"PRKCE/ESR1/TP53/AKT1",4
"GO:0008301","DNA binding, bending","3/469","18/18706",0.166666666666667,6.64747690120824,3.8441283674956,0.00965502333704266,0.0391718089674302,0.019273238693403,"PARP1/HMGB1/HMGA1",3
"GO:0015172","acidic amino acid transmembrane transporter activity","3/469","18/18706",0.166666666666667,6.64747690120824,3.8441283674956,0.00965502333704266,0.0391718089674302,0.019273238693403,"SLC25A13/UCP2/SLC7A11",3
"GO:0016004","phospholipase activator activity","3/469","18/18706",0.166666666666667,6.64747690120824,3.8441283674956,0.00965502333704266,0.0391718089674302,0.019273238693403,"CASP3/CCL5/PDGFRB",3
"GO:0097027","ubiquitin-protein transferase activator activity","3/469","18/18706",0.166666666666667,6.64747690120824,3.8441283674956,0.00965502333704266,0.0391718089674302,0.019273238693403,"FBXW7/PTEN/TRIB3",3
"GO:0015215","nucleotide transmembrane transporter activity","4/469","34/18706",0.117647058823529,4.692336636147,3.45568308509636,0.00997870575395411,0.0401031004828722,0.0197314509675713,"SLC25A4/SLC25A47/ABCC5/SLC25A24",4
"GO:0019956","chemokine binding","4/469","34/18706",0.117647058823529,4.692336636147,3.45568308509636,0.00997870575395411,0.0401031004828722,0.0197314509675713,"CCR2/CX3CR1/CXCR2/HMGB1",4
"GO:1990782","protein tyrosine kinase binding","8/469","119/18706",0.0672268907563025,2.68133522065543,2.95060939208504,0.0102494798511877,0.0409979194047507,0.0201717180658582,"RACK1/NRG1/PTPN1/SQSTM1/TP53/CDH1/NOX4/PITPNM2",8
"GO:0120227","acyl-CoA binding","3/469","19/18706",0.157894736842105,6.2976096958815,3.70489193165172,0.0112551583113607,0.0448102564545761,0.0220474568657201,"PNPLA3/ACADVL/FABP1",3
"GO:0051213","dioxygenase activity","7/469","98/18706",0.0714285714285714,2.84891867194639,2.94285982431222,0.0116469210543144,0.0461543104105853,0.0227087557281882,"PTGS2/P4HA1/KDM1A/ALOX15/ETHE1/ALOX5/P3H1",7
