Gene_set,Term,Overlap,P-value,Adjusted P-value,Old P-value,Old Adjusted P-value,Odds Ratio,Combined Score,Genes
MSigDB_Hallmark_2020,Hypoxia,47/200,3.8898230182600775e-33,1.944911509130039e-31,0,0,13.772331154684096,1027.7869914601858,SLC25A1;PPP1R15A;SCARB1;CDKN1A;SERPINE1;PDGFB;SLC2A1;PYGM;RORA;SLC2A3;VLDLR;ENO3;EGFR;AKAP12;LDHA;NFIL3;CASP6;STC2;GPC3;PIM1;HMOX1;PCK1;IER3;TGM2;CA12;IGFBP1;JUN;PKLR;HSPA5;TIPARP;DUSP1;IGFBP3;PRKCA;MIF;FOS;GCK;VEGFA;IL6;LOX;P4HA1;DDIT3;MAFF;BCL2;PLIN2;S100A4;ANGPTL4;ATF3
MSigDB_Hallmark_2020,TNF-alpha Signaling via NF-kB,45/200,7.068307389635161e-31,1.7670768474087907e-29,0,0,12.95480897874238,899.3813540904191,PPP1R15A;CDKN1A;BCL2A1;SERPINE1;CXCL1;SLC2A3;PTGS2;TNF;RELA;IFIT2;NFIL3;MYC;CCL5;CCL2;MAP3K8;LDLR;PHLDA1;IER3;ABCA1;EGR1;JUN;SERPINB2;SMAD3;TIPARP;DUSP1;CCL20;GFPT2;LIF;FOS;SOD2;KLF4;NFKB1;VEGFA;NFKBIA;IL1A;CXCL10;IL6;IL1B;MAFF;TRIB1;IL6ST;SQSTM1;ATF3;HBEGF;NFE2L2
MSigDB_Hallmark_2020,Apoptosis,41/161,1.5938484806751136e-30,2.656414134458523e-29,0,0,15.133961187214611,1038.3622838207334,CDKN1A;RETSAT;HSPB1;TNF;CLU;RELA;CASP9;LGALS3;ERBB3;CASP6;CASP3;TNFSF10;CASP1;HMOX1;TSPO;CD14;DNM1L;IER3;PDGFRB;JUN;GSTM1;GPX4;GPX3;MMP2;GSR;AVPR1A;SOD2;H1-0;PTK2;CDC25B;IL1A;IL6;KRT18;DDIT3;IL1B;TXNIP;BAX;FAS;CTNNB1;SQSTM1;ATF3
MSigDB_Hallmark_2020,Xenobiotic Metabolism,42/200,1.3741753124637511e-27,1.717719140579689e-26,0,0,11.77832169857776,728.512090962655,CRP;ALAS1;RETSAT;SERPINE1;ETFDH;CROT;CYP17A1;HSD11B1;NFS1;ALDH2;CASP6;TTPA;HNF4A;PDK4;HMOX1;AOX1;APOE;CD36;XDH;IGFBP1;CBR1;NQO1;ARG2;ABCC2;GSR;FMO1;IGF1;ESR1;CYP27A1;FABP1;RBP4;ACOX1;CYP1A2;CAT;CYP1A1;FAS;BLVRB;CYP2E1;CFB;CES1;EPHA2;PPARD
MSigDB_Hallmark_2020,p53 Pathway,32/200,1.437990825035452e-17,1.437990825035452e-16,0,0,8.246724193032918,319.81373445510457,PPP1R15A;CEBPA;CDKN1A;RETSAT;SLC7A11;RACK1;CASP1;HMOX1;CTSD;IER3;JUN;TGFB1;CDKN2A;FBXW7;VDR;ABCC5;OSGIN1;LIF;FOS;KLF4;DDB2;IL1A;DDIT3;TXNIP;FAS;BAX;TRIB3;S100A4;TP53;ATF3;EPHA2;HBEGF
MSigDB_Hallmark_2020,Adipogenesis,30/200,9.346596965421666e-16,6.676140689586905e-15,0,0,7.60552862570418,263.1995792570219,SLC25A1;SCARB1;ACAA2;RETSAT;MTARC2;RETN;C3;CPT2;ALDH2;UCP2;ME1;PIM3;APOE;CD36;ACADM;ABCA1;DGAT1;GPX4;GPX3;SQOR;ADIPOQ;CIDEA;SDHB;FABP4;ACOX1;CAT;SUCLG1;PPARG;PLIN2;ANGPTL4
MSigDB_Hallmark_2020,Interferon Gamma Response,30/200,9.346596965421666e-16,6.676140689586905e-15,0,0,7.60552862570418,263.1995792570219,LGALS3BP;CDKN1A;CXCL9;ADAR;PTGS2;USP18;IFIT3;IFIT2;CASP3;CCL5;TNFSF10;PIM1;CASP1;CCL2;JAK2;B2M;PTPN1;PNPT1;MX2;SOD2;NFKB1;NFKBIA;CXCL10;IL6;MTHFD2;OAS2;TXNIP;FAS;LAP3;CFB
MSigDB_Hallmark_2020,Inflammatory Response,29/200,7.094266871397612e-15,4.4339167946235073e-14,0,0,7.292397660818714,237.5825924367485,CDKN1A;CXCL9;PTGER2;SERPINE1;LPAR1;AHR;PVR;RELA;MYC;CCL5;P2RY2;TNFSF10;GPC3;NLRP3;CCL2;CD14;LDLR;ABCA1;IL10;CCL20;LIF;NFKB1;NFKBIA;IL1A;CXCL10;IL6;IL1B;TLR3;HBEGF
MSigDB_Hallmark_2020,Fatty Acid Metabolism,26/158,8.229614952492837e-15,4.5720083069404655e-14,0,0,8.430563917318883,273.4119317426997,ACADVL;ACAA2;RETSAT;ETFDH;ENO3;LDHA;CPT2;ME1;ACADM;HMGCS2;CD36;CBR1;CPT1A;CYP4A11;CIDEA;FMO1;DHCR24;MIF;PRDX6;FABP1;FABP2;ACOX1;FASN;CYP1A1;SUCLG1;PPARA
MSigDB_Hallmark_2020,IL-2/STAT5 Signaling,27/199,3.187243159569596e-13,1.5936215797847977e-12,0,0,6.719785449681004,193.35812961998025,PTGER2;RORA;SLC2A3;AHR;ENO3;IGF1R;IL1RL1;NFIL3;MYC;CASP3;TNFSF10;SPP1;PIM1;MAP3K8;PHLDA1;TGM2;IL10;BATF3;GPX4;SPRY4;LIF;CKAP4;CXCL10;P4HA1;MAFF;BCL2;PLIN2
MSigDB_Hallmark_2020,Complement,27/200,3.60406435857984e-13,1.6382110720817457e-12,0,0,6.6805974730165225,191.40943252321517,SERPINA1;SERPINE1;PDGFB;PCSK9;CXCL1;CLU;C3;CASP9;LGALS3;HNF4A;CASP3;CCL5;PIM1;CASP1;ME1;CD36;JAK2;CTSD;CTSB;SERPINB2;HSPA5;PRKCD;IL6;MAFF;APOC1;LAP3;CFB
MSigDB_Hallmark_2020,Cholesterol Homeostasis,17/74,1.383087248573749e-12,5.762863535723953e-12,0,0,12.565048986101615,343.1100605772487,AVPR1A;HMGCR;CLU;SREBF2;FADS2;LGALS3;SQLE;NFIL3;CBS;SCD;ETHE1;FASN;CTNNB1;TRIB3;PPARG;LDLR;ATF3
MSigDB_Hallmark_2020,mTORC1 Signaling,26/200,2.406771462533872e-12,8.595612366192398e-12,0,0,6.381746212986222,170.72916469030648,PPP1R15A;GSK3B;CDKN1A;ITGB2;SLC2A1;SLC2A3;VLDLR;SLC7A11;HMGCR;ACACA;FADS2;LDHA;NFIL3;ME1;LDLR;FADS1;HSPA5;GSR;DHCR24;SQLE;P4HA1;MTHFD2;SCD;DDIT3;TRIB3;SQSTM1
MSigDB_Hallmark_2020,KRAS Signaling Up,26/200,2.406771462533872e-12,8.595612366192398e-12,0,0,6.381746212986222,170.72916469030648,PPP1R15A;ITGB2;CROT;RETN;PTGS2;HSD11B1;AKAP12;SPP1;ACE;CCL20;IGFBP3;GFPT2;CIDEA;IGF2;LIF;NR1H4;KLF4;MMP9;CXCL10;RBP4;IL1B;ANGPTL4;TRIB1;CFB;HBEGF;ENG
MSigDB_Hallmark_2020,Allograft Rejection,25/200,1.5363520614756013e-11,5.1211735382520036e-11,0,0,6.087476400251731,151.57222834165208,CXCL9;ITGB2;TNF;EGFR;CCL5;AKT1;NLRP3;CCL2;JAK2;B2M;ELANE;CCR2;IL10;TGFB1;NOS2;CDKN2A;LIF;RPS3A;MMP9;DARS1;IL4;IL6;IL1B;FAS;TLR3
MSigDB_Hallmark_2020,IL-6/JAK/STAT3 Signaling,17/87,2.239025046625417e-11,6.996953270704429e-11,0,0,10.224706246134817,250.73429042735415,PTPN1;CXCL9;JUN;TGFB1;CXCL1;TNF;CXCL10;IL6;IL1B;LEPR;PIM1;HMOX1;FAS;MAP3K8;CD36;CD14;IL6ST
MSigDB_Hallmark_2020,Bile Acid Metabolism,18/112,1.744478997356277e-10,5.13082058045964e-10,0,0,8.069552776111136,181.31796870066847,ABCA1;ABCG8;RETSAT;DIO1;NR1I2;NR1H4;APOA1;DHCR24;CROT;CYP7A1;CYP27A1;FADS2;AR;CAT;SLC29A1;GC;FADS1;SLC27A5
MSigDB_Hallmark_2020,UV Response Up,21/158,2.0896159543030152e-10,5.804488761952818e-10,0,0,6.487489242342141,144.59880846702967,RET;ALAS1;DGAT1;GPX3;IGFBP2;PRKCD;RAB27A;FMO1;FOS;SOD2;NFKBIA;IL6;EIF5;EPCAM;CASP3;CYP1A1;HMOX1;IL6ST;SQSTM1;SLC25A4;ATF3
MSigDB_Hallmark_2020,Epithelial Mesenchymal Transition,23/200,5.437929851561795e-10,1.4310341714636303e-09,0,0,5.512340172465061,117.59173480194067,IL32;PDGFRB;JUN;TGFB1;CADM1;MMP1;IGFBP3;MMP2;SERPINE1;WNT5A;IGFBP2;P3H1;LAMC2;CXCL1;THBS2;PVR;VEGFA;GJA1;IL6;LOX;SPP1;FAS;TGM2
MSigDB_Hallmark_2020,Coagulation,19/138,8.319152797777143e-10,2.0797881994442853e-09,0,0,6.734344172451589,140.79688999081603,SERPINA1;SERPINB2;MMP1;MMP2;SERPINE1;PDGFB;APOA1;CLU;MMP9;C3;CASP9;TF;HNF4A;MAFF;APOC1;RAC1;HMGCS2;CFB;CTSB
MSigDB_Hallmark_2020,Estrogen Response Early,22/200,3.0060406966325315e-09,7.157239753886981e-09,0,0,5.23130823888083,102.65208880108383,RET;CA12;SCARB1;TIPARP;SLC2A1;FOS;KLF4;IGF1R;AR;GJA1;KRT18;ELF3;MYC;STC2;FASN;P2RY2;BCL2;BLVRB;RRP12;JAK2;IL6ST;TGM2
MSigDB_Hallmark_2020,UV Response Dn,18/144,1.1103252745689476e-08,2.5234665331112448e-08,0,0,6.010226216299969,110.08347004976036,PDGFRB;ABCC1;SMAD3;DUSP1;PRKCE;SERPINE1;LPAR1;PTEN;PRKCA;VLDLR;NFKB1;IGF1R;TJP1;GJA1;EFEMP1;MYC;PPARG;LDLR
MSigDB_Hallmark_2020,Pperoxisome,15/104,2.6631660549174934e-08,5.7894914237336814e-08,0,0,7.058310732274312,123.10516268680556,RETSAT;CADM1;ABCB4;ABCC5;DIO1;NR1I2;DHCR24;SOD2;ACOX1;FABP6;ALB;CAT;TSPO;SLC25A4;FADS1
MSigDB_Hallmark_2020,Oxidative Phosphorylation,20/200,7.86248812888522e-08,1.572497625777044e-07,0,0,4.681917211328976,76.58950616702954,CPT1A;ACADVL;ACAA2;ALAS1;RETSAT;GPX4;COX15;NDUFA2;ETFDH;SDHB;HADHA;LDHA;NDUFS4;PDK4;MFN2;NDUFS2;BAX;SUCLG1;ACADM;SLC25A4
MSigDB_Hallmark_2020,Glycolysis,20/200,7.86248812888522e-08,1.572497625777044e-07,0,0,4.681917211328976,76.58950616702954,HSPA5;IGFBP3;GFPT1;MIF;VLDLR;PYGL;NOL3;MERTK;EGFR;VEGFA;LDHA;P4HA1;ELF3;CASP6;STC2;GPC3;ME1;ANGPTL4;IER3;SLC25A13
MSigDB_Hallmark_2020,PI3K/AKT/mTOR  Signaling,13/105,1.3639612163654554e-06,2.6230023391643373e-06,0,0,5.891420974062325,79.56433210016536,GSK3B;CDKN1A;PTEN;SLC2A1;ACACA;EGFR;IL4;MAPK8;DDIT3;AKT1;TRIB3;RAC1;SQSTM1
MSigDB_Hallmark_2020,Reactive Oxygen Species Pathway,9/49,2.1094608243502173e-06,3.906408933981884e-06,0,0,9.326010638297872,121.88236210784731,NQO1;ABCC1;GPX4;GPX3;CAT;GSR;NDUFS2;SOD2;PRDX6
MSigDB_Hallmark_2020,Interferon Alpha Response,12/97,3.5009175371480192e-06,6.251638459192892e-06,0,0,5.875601461141201,73.8121579851786,LGALS3BP;CXCL10;PNPT1;OAS1;CASP1;TXNIP;ADAR;LAP3;B2M;USP18;IFIT3;IFIT2
MSigDB_Hallmark_2020,Myogenesis,17/200,6.913864725096333e-06,1.1920456422579884e-05,0,0,3.888368462138954,46.20152322890418,NQO1;CDKN1A;TGFB1;GPX3;IGFBP3;PYGM;IGF1;ENO3;CLU;FABP3;KLF5;ERBB3;MB;SCD;STC2;CD36;HBEGF
MSigDB_Hallmark_2020,Androgen Response,11/100,2.756935238860461e-05,4.594892064767436e-05,0,0,5.131854412753289,53.87834299098036,AKAP12;SCD;GSR;AKT1;DHCR24;RRP12;HMGCR;MERTK;B2M;H1-0;FADS1
MSigDB_Hallmark_2020,TGF-beta Signaling,8/54,4.038418935144525e-05,6.51357892765246e-05,0,0,7.190990492015139,72.75177001364496,PPP1R15A;TJP1;TGFB1;SMAD3;CDH1;SERPINE1;CTNNB1;ENG
MSigDB_Hallmark_2020,Estrogen Response Late,15/200,0.00010045538587472196,0.00015220513011321508,0,0,3.378844361602982,31.104954782955865,RET;CA12;SCARB1;SERPINA1;LAMC2;FOS;KLF4;CDH1;BCL2;BLVRB;HMGCS2;JAK2;SLC29A1;IL6ST;JAK1
MSigDB_Hallmark_2020,E2F Targets,15/200,0.00010045538587472196,0.00015220513011321508,0,0,3.378844361602982,31.104954782955865,CDKN1A;CDKN2A;HMGA1;KIF22;CIT;CDC25B;PTTG1;MTHFD2;MYC;MCM3;BIRC5;RBBP7;TP53;TMPO;SPC25
MSigDB_Hallmark_2020,Pancreas Beta Cells,6/40,0.00035171857125017905,0.0005172331930149692,0,0,7.270364382539485,57.81887571516098,PKLR;VDR;HNF1A;FOXO1;GCK;INS
MSigDB_Hallmark_2020,Unfolded Protein Response,10/113,0.0003884958002554792,0.0005549940003649703,0,0,4.019707288798725,31.567678629580367,IGFBP1;ERN1;HSPA5;MTHFD2;STC2;CCL2;ATF6;ATF3;ATF4;VEGFA
MSigDB_Hallmark_2020,Wnt-beta Catenin Signaling,6/42,0.00046166202104754576,0.0006411972514549246,0,0,6.865750528541226,52.73361554183953,HDAC2;NCSTN;MYC;CTNNB1;TP53;PPARD
MSigDB_Hallmark_2020,G2-M Checkpoint,13/200,0.0011088103744246,0.0014983923978712,0,0,2.8842808289917605,19.62599537267144,PRMT5;HSPA8;TGFB1;SMAD3;HMGA1;KIF22;CDC25B;SQLE;PTTG1;MYC;MCM3;BIRC5;TMPO
MSigDB_Hallmark_2020,Protein Secretion,8/96,0.0021488544558197,0.002827440073447,0,0,3.750820304960433,23.040615448850307,ABCA1;KRT18;AP1G1;BNIP3;ADAM10;ATP1A1;DNM1L;EGFR
MSigDB_Hallmark_2020,heme Metabolism,11/200,0.0090201886040091,0.0115643443641143,0,0,2.404151404151404,11.319442100217737,SLC22A4;C3;FECH;UCP2;CAT;SLC2A1;BLVRB;SLC7A11;H1-0;CTSB;ABCG2
MSigDB_Hallmark_2020,Angiogenesis,4/36,0.0104410318719125,0.0130512898398907,0,0,5.128684210526316,23.39711821054562,SPP1;S100A4;PTK2;VEGFA
MSigDB_Hallmark_2020,Notch Signaling,3/32,0.0405285067031999,0.0494250081746341,0,0,4.236163430889597,13.58007957678899,WNT5A;PRKCA;PPARD
