Node,EPC_replication,EPC_official
ABCA1,68.941,73.216
ABCB4,26.245,24.011
ABCC1,28.838,26.119
ABCC2,26.995,31.069
ABCC5,8.557,7.746
ABCG1,49.505,55.381
ABCG2,59.16,59.097
ABCG8,40.258,42.164
ACAA2,29.455,36.83
ACACA,65.172,69.142
ACACB,40.258,45.369
ACADM,40.595,38.695
ACADVL,31.735,38.173
ACE,84.924,88.05
ACOT12,5.723,5.61
ACOX1,65.082,66.376
ADAM10,37.745,37.945
ADAMTSL2,2.709,2.738
ADAR,21.6,19.388
ADIPOQ,103.284,106.103
AFP,64.418,65.357
AGT,100.871,103.273
AGTR1,59.246,62.045
AHR,14.082,14.239
AHSG,54.628,58.826
AIM2,36.064,37.07
AKAP12,9.718,8.55
AKR1B10,9.215,10.221
AKT1,122.222,125.397
ALAS1,11.891,12.941
ALB,122.453,125.307
ALDH2,28.942,26.957
ALOX15,30.088,29.5
ALOX5,44.87,45.324
ALPP,10.945,11.503
ANGPTL4,54.828,61.399
AOX1,13.252,13.398
AP1G1,4.68,4.492
APOA1,82.133,84.351
APOA5,40.822,44.037
APOB,93.201,92.627
APOBEC3A,7.152,5.969
APOC1,30.551,27.983
APOE,111.582,110.079
AR,83.228,81.617
ARG2,51.492,52.332
ASPM,7.217,8.127
ATF3,65.514,67.497
ATF4,57.144,57.992
ATF6,66.869,64.019
ATG7,67.263,68.521
ATP1A1,11.341,8.997
ATP1A2,9.102,8.014
AVPR1A,9.442,8.232
B2M,75.891,77.962
BATF3,25.75,26.955
BAX,61.987,64.015
BCL2,116.341,117.017
BCL2A1,45.651,45.305
BGLAP,58.236,60.84
BIRC5,42.997,42.986
BLVRB,7.423,7.091
BNIP3,43.04,41.652
BTN3A1,7.744,7.749
C3,65.822,65.231
CA12,9.854,11.572
CADM1,34.508,39.59
CASP1,95.464,100.082
CASP3,115.877,117.584
CASP6,27.956,29.787
CASP9,90.035,89.766
CAT,10.833,10.507
CBR1,17.085,20.443
CBS,39.369,43.396
CCL2,116.446,115.711
CCL20,65.606,67.553
CCL5,95.404,89.374
CCR2,71.168,73.277
CD14,22.014,25.433
CD163,71.835,73.748
CD36,100.172,102.773
CDC25B,20.47,19.902
CDH1,97.113,95.507
CDKAL1,7.89,10.511
CDKN1A,86.576,91.633
CDKN2A,87.301,88.905
CEBPA,82.086,87.367
CES1,15.925,14.318
CETP,45.592,48.698
CFB,22.296,27.394
CIDEA,38.884,43.698
CIDEC,33.391,34.283
CIT,2.51,2.305
CKAP4,8.27,10.155
CLU,75.215,75.753
CNR1,26.805,25.271
CNR2,5.231,4.733
COL18A1,41.51,45.241
COX15,5.713,4.963
CPS1,15.358,16.171
CPT1A,69.561,71.309
CPT2,39.139,45.261
CROT,12.86,15.371
CRP,99.506,102.436
CTCFL,9.514,8.292
CTNNB1,108.742,109.309
CTSB,72.492,72.955
CTSD,59.063,54.201
CX3CR1,60.188,62.379
CXCL1,87.75,91.205
CXCL10,92.548,91.704
CXCL5,58.03,52.54
CXCL9,61.417,62.994
CXCR2,61.88,63.35
CYP17A1,32.636,30.922
CYP1A1,61.086,61.715
CYP1A2,42.658,46.423
CYP24A1,13.909,13.874
CYP27A1,50.781,49.786
CYP27B1,41.543,42.602
CYP2C19,28.335,29.368
CYP2E1,69.982,66.539
CYP2R1,8.661,8.127
CYP3A4,58.417,68.817
CYP4A11,24.29,24.567
CYP7A1,63.453,68.692
DARS1,1.028,1.31
DDB2,8.178,9.518
DDIT3,63.589,62.508
DGAT1,50.867,54.735
DHCR24,24.519,27.813
DHODH,3.822,4.841
DIO1,4.467,5.815
DNM1L,38.051,44.604
DNMT3A,42.731,42.142
DUSP1,51.453,54.019
EFEMP1,11.556,8.307
EGFR,115.578,117.056
EGR1,82.29,81.502
EIF5,5.211,4.379
ELANE,55.185,54.918
ELF3,18.462,18.103
ENG,67.048,63.648
ENO3,14.827,13.797
EPCAM,53.58,54.806
EPHA2,42.723,43.191
ERBB3,51.411,58.293
ERN1,63.958,60.378
ESR1,110.514,109.574
ETFDH,9.444,10.446
ETHE1,6.329,6.707
FABP1,60.751,61.564
FABP2,34.972,38.811
FABP3,38.675,42.545
FABP4,68.156,70.452
FABP6,20.475,17.859
FADS1,17.588,19.154
FADS2,24.13,21.836
FAM168A,2.86,4.133
FAS,67.136,62.991
FASN,83.623,92.306
FBXO2,3.333,4.073
FBXW7,52.048,48.957
FECH,17.905,14.426
FFAR1,17.106,16.269
FGF21,77.862,79.646
FGF23,44.345,47.928
FGFR4,39.452,47.145
FILIP1L,1.938,1.931
FMO1,2.701,3.421
FOS,105.46,105.033
FOXO1,99.705,103.354
FTH1,27.196,29.0
GATAD2A,10.835,12.308
GC,41.506,43.617
GCK,47.988,49.319
GDF15,54.187,56.57
GFPT1,8.563,8.263
GFPT2,6.146,3.415
GJA1,58.21,58.787
GLO1,14.059,13.333
GPAT3,19.153,21.238
GPBAR1,32.802,29.772
GPC3,35.036,33.275
GPR35,2.148,2.073
GPR55,14.149,14.37
GPT,97.031,98.289
GPT2,53.978,58.154
GPX3,87.67,92.727
GPX4,54.417,56.126
GSDME,22.141,24.347
GSK3B,107.936,106.31
GSR,60.04,65.424
GSTA1,25.832,23.269
GSTM1,27.694,33.82
GSTP1,52.071,51.98
GTF2I,10.171,12.691
H1-0,18.145,20.039
HACD2,3.915,3.848
HADHA,28.542,27.213
HBEGF,67.349,67.34
HCFC1,13.867,13.944
HCK,28.067,30.032
HDAC2,68.059,68.146
HDAC8,12.023,13.286
HDC,5.438,7.738
HMGA1,22.457,25.889
HMGB1,86.555,84.742
HMGCR,86.381,90.184
HMGCS2,44.612,47.865
HMOX1,102.288,105.955
HNF1A,57.188,58.366
HNF4A,77.846,80.094
HP,68.757,63.741
HSD11B1,31.853,32.031
HSD17B13,11.251,11.791
HSPA5,95.157,94.054
HSPA8,71.3,71.429
HSPB1,64.81,65.385
HTR2B,7.22,8.819
IER3,30.274,33.714
IFI6,17.404,17.146
IFIT2,30.248,31.313
IFIT3,30.809,32.178
IGF1,105.84,110.072
IGF1R,89.284,88.47
IGF2,76.506,72.919
IGFBP1,48.53,55.746
IGFBP2,45.167,48.127
IGFBP3,73.099,76.549
IL10,111.905,114.156
IL1A,102.361,106.516
IL1B,120.543,126.815
IL1RL1,22.34,22.83
IL24,30.122,32.153
IL32,28.297,22.535
IL4,102.967,101.633
IL6,127.508,127.338
IL6R,53.287,56.307
IL6ST,39.562,37.457
INPPL1,18.937,18.367
INS,126.93,128.877
INSR,60.446,58.461
ITGB2,65.663,69.179
ITPR1,35.129,31.238
JAK1,76.551,79.698
JAK2,97.22,99.282
JUN,113.134,118.977
KDM1A,39.016,40.879
KIF22,2.618,2.334
KLF11,8.519,9.462
KLF4,73.687,77.243
KLF5,37.65,41.505
KRT18,57.363,53.815
KRT7,39.674,32.829
LAMC2,9.681,9.273
LAP3,6.88,7.422
LCN2,72.182,78.578
LDHA,60.504,62.954
LDLR,24.93,25.576
LEPR,66.452,67.747
LGALS3,79.918,82.36
LGALS3BP,20.813,22.569
LIF,60.614,65.342
LIPC,49.697,54.095
LIPG,21.744,27.389
LOX,80.498,84.566
LPAR1,26.182,24.503
MAFF,12.979,13.799
MAP1LC3B,70.417,71.748
MAP3K14,17.669,19.711
MAP3K8,35.855,39.297
MAPK3,113.902,117.108
MAPK8,93.376,93.025
MARC2,1.026,1.163
MARVELD3,6.282,4.873
MAT2A,16.126,18.808
MB,43.407,42.98
MC4R,15.619,18.091
MCM3,14.75,11.925
ME1,22.47,27.289
MERTK,30.003,29.684
MFAP4,5.789,7.312
MFN2,48.206,46.508
MIF,54.685,58.556
MMP1,80.495,82.516
MMP2,101.783,104.995
MMP9,112.183,114.423
MSMO1,19.15,17.446
MTHFD2,13.819,12.213
MTOR,107.267,106.854
MTTP,46.008,48.327
MX2,25.854,22.989
MYC,108.871,112.22
NCSTN,15.008,13.321
NDUFA2,4.065,3.992
NDUFB10,3.578,3.108
NDUFS2,4.928,4.365
NDUFS4,5.26,4.884
NFE2L2,97.5,103.346
NFIL3,14.742,15.322
NFKB1,113.396,117.681
NFKBIA,99.611,103.667
NFS1,6.993,9.795
NLRP3,85.322,85.229
NOL3,3.04,3.564
NOS2,74.397,71.059
NOS3,85.668,85.899
NOX4,76.067,84.205
NPC1L1,36.617,34.043
NQO1,68.003,75.007
NR1H2,32.105,29.451
NR1H3,56.215,60.467
NR1H4,77.71,84.461
NR1I2,58.354,52.433
NR1I3,24.147,25.176
NRG1,26.058,24.837
OAS1,34.89,33.923
OAS2,36.116,36.149
OCIAD2,1.029,1.346
OSGIN1,2.756,3.629
OTC,13.614,16.62
P2RY2,18.16,16.928
P3H1,2.717,2.71
P4HA1,14.241,16.134
PADI4,20.833,19.595
PARP1,91.525,91.97
PCK1,60.775,61.051
PCK2,54.445,53.323
PCSK9,60.239,66.565
PDE4A,16.612,14.972
PDGFB,53.086,61.012
PDGFRB,78.668,78.602
PDK4,50.068,48.943
PEG10,2.681,2.668
PHLDA1,1.932,2.102
PIM1,14.441,13.149
PIM3,3.243,2.668
PKLR,27.001,26.029
PLA2G12B,19.903,18.364
PLIN1,55.083,57.661
PLIN2,54.973,59.37
PLIN5,27.73,29.712
PNPLA3,36.856,41.2
PNPT1,4.801,3.49
PPARA,105.495,113.789
PPARD,87.146,89.669
PPARG,118.615,121.151
PPP1R15A,31.469,34.349
PRDX6,21.242,19.856
PRKCA,73.285,75.411
PRKCD,51.45,52.886
PRKCE,17.981,15.717
PRMT5,20.986,19.601
PSMD2,25.387,25.822
PTEN,101.793,103.211
PTGER2,3.446,3.678
PTGS2,111.624,110.831
PTK2,65.46,64.743
PTPN1,62.563,53.324
PTTG1,12.96,14.11
PVR,6.653,9.771
PYGL,27.35,26.906
PYGM,27.637,24.007
RAB27A,5.477,5.943
RAC1,32.654,36.165
RACK1,48.456,49.465
RARRES2,32.237,34.409
RBBP7,18.287,16.077
RBP4,43.062,44.291
RELA,93.567,94.989
RET,39.232,41.796
RETN,75.49,71.989
RETSAT,2.167,3.104
RORA,21.072,24.902
RPL4,20.826,18.177
RPS3A,25.545,21.516
RRP12,1.585,1.507
RTN4,4.826,4.707
S100A4,44.639,45.137
S100B,49.222,48.456
S100P,3.716,3.088
SAA1,68.097,62.925
SCARB1,102.168,104.064
SCD,68.017,73.749
SCT,5.543,4.321
SDHB,55.238,54.862
SERPINA1,62.914,65.789
SERPINB2,36.044,35.299
SERPINE1,98.243,100.511
SESN2,21.582,20.201
SHBG,43.654,42.539
SIRT1,110.543,111.14
SLC11A1,28.258,26.168
SLC22A11,4.58,4.849
SLC22A4,5.078,4.181
SLC25A1,8.014,6.924
SLC25A13,3.161,3.929
SLC25A24,1.533,1.816
SLC25A4,13.136,13.119
SLC25A47,2.252,3.227
SLC27A5,31.213,27.199
SLC29A1,6.16,5.465
SLC2A1,80.533,76.997
SLC2A3,23.491,23.749
SLC5A2,37.105,40.432
SLC7A11,25.912,27.262
SLC9A1,15.743,16.726
SMAD3,91.165,97.026
SOD2,88.41,91.59
SPC25,2.285,3.41
SPP1,93.903,91.207
SPRY4,3.094,4.466
SPX,4.962,5.035
SQLE,28.564,30.179
SQOR,8.737,7.006
SQSTM1,82.85,80.765
SREBF1,96.212,102.131
SREBF2,73.317,76.409
STC2,5.661,6.481
STOML2,1.469,1.415
SUCLG1,19.819,19.755
SUOX,11.809,9.974
SYT7,5.434,4.678
TERT,64.028,67.39
TF,24.588,26.534
TGFB1,113.978,114.748
TGM2,29.678,30.772
THBS2,32.224,31.151
TIPARP,6.949,6.824
TJP1,70.163,75.256
TLR3,69.411,77.132
TLR4,114.452,114.337
TLR9,70.891,74.538
TMPO,11.727,11.045
TNF,124.81,123.857
TNFSF10,60.004,63.033
TP53,120.318,124.173
TREM1,38.431,41.254
TRIB1,34.677,27.996
TRIB3,39.707,41.219
TRPV1,40.033,44.865
TSPO,39.179,35.991
TTPA,9.171,10.883
TUBB6,7.84,7.696
TXNIP,54.165,56.248
TYMS,35.103,31.683
UCP2,70.217,70.919
UGT1A1,37.943,41.404
UQCC1,3.736,4.617
USP18,15.168,10.304
VLDLR,41.176,43.52
WNT5A,64.957,62.679
XDH,69.608,71.21
YAP1,52.413,57.097
YARS1,9.991,10.604
ZNF331,1.02,1.02
