node_name,MCC,DMNC,MNC,Degree,EPC,BottleNeck,EcCentricity,Closeness,Radiality,Betweenness,Stress,ClusteringCoefficient
OCIAD2,1.0,0.0,1.0,1.0,1.346,1.0,0.16667,131.41667,3.40789,0.0,0.0,0.0,
SYT7,4.0,0.30898,3.0,3.0,4.678,1.0,0.25,191.83333,4.51316,1.32481,10.0,0.66667,
GPR35,2.0,0.0,1.0,2.0,2.073,1.0,0.2,152.08333,3.91667,0.66219,8.0,0.0,
UQCC1,3.0,0.30779,2.0,3.0,4.617,1.0,0.25,177.08333,4.30921,9.69515,234.0,0.33333,
MARC2,1.0,0.0,1.0,1.0,1.163,1.0,0.2,134.4,3.49342,0.0,0.0,0.0,
TIPARP,7.0,0.46346,3.0,4.0,6.824,1.0,0.25,186.5,4.44079,0.38634,20.0,0.5,
CNR2,13.0,0.47366,4.0,5.0,4.733,1.0,0.2,173.4,4.23465,2.90719,30.0,0.5,
DIO1,3.0,0.30779,2.0,3.0,5.815,1.0,0.2,175.03333,4.27851,0.69103,32.0,0.33333,
PIM3,1.0,0.0,1.0,1.0,2.668,1.0,0.25,176.58333,4.31798,0.0,0.0,0.0,
FMO1,2.0,0.30779,2.0,2.0,3.421,1.0,0.2,161.26667,4.07237,0.0,0.0,1.0,
PVR,24.0,0.56839,4.0,4.0,9.771,1.0,0.25,192.33333,4.51754,0.0,0.0,1.0,
HACD2,6.0,0.46346,3.0,3.0,3.848,1.0,0.2,165.78333,4.13377,0.0,0.0,1.0,
OSGIN1,2.0,0.0,1.0,2.0,3.629,1.0,0.2,161.11667,4.08333,0.54847,14.0,0.0,
RRP12,2.0,0.0,1.0,2.0,1.507,1.0,0.2,152.48333,3.92763,1.69905,12.0,0.0,
STOML2,2.0,0.0,1.0,2.0,1.415,1.0,0.2,149.95,3.86842,8.10918,66.0,0.0,
SLC25A47,3.0,0.30779,2.0,3.0,3.227,1.0,0.2,161.28333,4.08114,4.56893,44.0,0.33333,
SLC22A11,10.0,0.32413,5.0,5.0,4.849,1.0,0.2,170.36667,4.20614,3.23644,64.0,0.5,
RETSAT,2.0,0.0,1.0,2.0,3.104,1.0,0.2,158.61667,4.02193,0.1845,6.0,0.0,
CROT,15120.0,0.7582,10.0,10.0,15.371,1.0,0.25,192.58333,4.49342,0.9808,34.0,0.84444,
ETHE1,27.0,0.51861,5.0,8.0,6.707,3.0,0.25,192.33333,4.50658,49.20328,1716.0,0.32143,
S100P,2.0,0.0,1.0,2.0,3.088,1.0,0.2,161.88333,4.07895,0.10526,2.0,0.0,
RTN4,3.0,0.0,1.0,3.0,4.707,1.0,0.25,180.0,4.35526,2.02837,38.0,0.0,
BTN3A1,9.0,0.37893,4.0,5.0,7.749,1.0,0.2,177.03333,4.30482,1.60895,38.0,0.4,
EFEMP1,20.0,0.32929,7.0,7.0,8.307,2.0,0.25,194.41667,4.53289,16.92617,394.0,0.42857,
INPPL1,6364.0,0.53647,13.0,13.0,18.367,1.0,0.25,209.83333,4.71272,17.02002,434.0,0.53846,
RAB27A,4.0,0.30898,3.0,3.0,5.943,1.0,0.25,198.91667,4.60965,6.18954,100.0,0.66667,
PNPT1,10.0,0.25931,5.0,7.0,3.49,1.0,0.2,179.11667,4.32018,41.13613,612.0,0.19048,
FBXO2,2.0,0.0,1.0,2.0,4.073,1.0,0.2,162.98333,4.10088,0.50717,4.0,0.0,
NOL3,1.0,0.0,1.0,1.0,3.564,1.0,0.25,186.58333,4.45614,0.0,0.0,0.0,
GTF2I,78.0,0.51223,7.0,7.0,12.691,1.0,0.25,196.75,4.56798,1.96843,54.0,0.66667,
CIT,6.0,0.2842,4.0,4.0,2.305,1.0,0.2,152.73333,3.89693,5.14015,18.0,0.5,
AKAP12,18.0,0.45378,5.0,5.0,8.55,1.0,0.25,191.58333,4.50439,4.71676,128.0,0.7,
MC4R,10230.0,0.61085,11.0,11.0,18.091,1.0,0.25,207.08333,4.6864,9.66195,234.0,0.65455,
CTCFL,12.0,0.28529,6.0,6.0,8.292,1.0,0.25,188.41667,4.45614,2.97493,50.0,0.4,
GPAT3,4.366656E7,0.88963,14.0,14.0,21.238,1.0,0.25,204.25,4.63377,2.51555,116.0,0.86813,
DARS1,1.0,0.0,1.0,1.0,1.31,1.0,0.16667,136.85,3.55702,0.0,0.0,0.0,
TUBB6,9.0,0.37893,4.0,5.0,7.696,1.0,0.2,179.53333,4.33772,3.63911,84.0,0.4,
GSDME,132480.0,0.76639,13.0,13.0,24.347,1.0,0.25,209.41667,4.70833,5.12877,218.0,0.76923,
ALPP,18.0,0.38039,6.0,6.0,11.503,1.0,0.25,201.5,4.63377,1.0532,46.0,0.53333,
PDE4A,246.0,0.5854,7.0,7.0,14.972,1.0,0.25,203.75,4.66009,0.4653,20.0,0.7619,
HCK,1549200.0,0.64437,21.0,21.0,30.032,1.0,0.25,216.33333,4.76535,32.77144,810.0,0.54286,
ATP1A1,18.0,0.2927,7.0,7.0,8.997,1.0,0.25,193.08333,4.51535,7.67448,226.0,0.38095,
ATP1A2,17.0,0.33284,6.0,7.0,8.014,1.0,0.25,193.08333,4.51316,9.01477,198.0,0.33333,
GPR55,1501.0,0.64439,9.0,10.0,14.37,3.0,0.25,204.08333,4.64693,56.22975,1384.0,0.6,
CNR1,4.0644902E7,0.71239,17.0,17.0,25.271,1.0,0.25,219.5,4.82456,99.26664,3352.0,0.64706,
P2RY2,1470.0,0.59666,9.0,9.0,16.928,1.0,0.25,203.66667,4.64474,1.12929,38.0,0.69444,
MAT2A,144.0,0.37162,14.0,14.0,18.808,3.0,0.25,212.58333,4.75,77.80008,2080.0,0.36264,
MARVELD3,6.0,0.46346,3.0,3.0,4.873,1.0,0.25,170.66667,4.2193,0.0,0.0,1.0,
ACOT12,144.0,0.61814,6.0,6.0,5.61,1.0,0.2,173.61667,4.24123,0.60016,14.0,0.86667,
CKAP4,7.0,0.30898,3.0,6.0,10.155,1.0,0.25,200.08333,4.61404,43.85675,956.0,0.13333,
PIM1,841.0,0.69516,7.0,8.0,13.149,1.0,0.25,202.58333,4.64035,3.51866,110.0,0.67857,
FADS1,7338248.0,0.71106,15.0,15.0,19.154,1.0,0.25,207.58333,4.67105,65.46575,1976.0,0.67619,
CYP4A11,107652.0,0.54053,24.0,24.0,24.567,2.0,0.25,212.25,4.69518,85.25263,2356.0,0.43478,
PHLDA1,2.0,0.30779,2.0,2.0,2.102,1.0,0.2,145.3,3.76535,0.0,0.0,1.0,
FILIP1L,1.0,0.0,1.0,1.0,1.931,1.0,0.2,144.8,3.76316,0.0,0.0,0.0,
SPRY4,4.0,0.30898,3.0,3.0,4.466,2.0,0.25,179.0,4.33553,56.49465,1522.0,0.66667,
ABCB4,187705.0,0.6392,23.0,24.0,24.011,2.0,0.25,211.66667,4.6864,116.28045,2554.0,0.47826,
SQLE,4.90555731E8,0.61943,27.0,28.0,30.179,1.0,0.25,212.91667,4.6864,125.76146,2778.0,0.44444,
HSD11B1,810984.0,0.66341,23.0,23.0,32.031,1.0,0.25,223.08333,4.8443,42.55899,1488.0,0.5415,
HTR2B,24.0,0.56839,4.0,4.0,8.819,1.0,0.25,194.08333,4.53509,0.0,0.0,1.0,
DDB2,26.0,0.45378,5.0,5.0,9.518,1.0,0.25,191.5,4.50439,1.08131,28.0,0.7,
FABP6,13860.0,0.58287,17.0,17.0,17.859,1.0,0.25,207.33333,4.65789,22.22095,634.0,0.52941,
SPX,2.0,0.30779,2.0,2.0,5.035,1.0,0.25,192.0,4.51974,0.0,0.0,1.0,
TMPO,37.0,0.29929,10.0,11.0,11.045,1.0,0.25,190.83333,4.46491,109.49115,3238.0,0.27273,
PEG10,2.0,0.0,1.0,2.0,2.668,2.0,0.2,159.81667,4.05482,910.0,15090.0,0.0,
ZNF331,1.0,0.0,1.0,1.0,1.02,1.0,0.16667,117.83333,3.05702,0.0,0.0,0.0,
SESN2,53408.0,0.66441,14.0,14.0,20.201,1.0,0.25,207.75,4.68202,12.98818,446.0,0.64835,
NCSTN,114.0,0.45346,9.0,9.0,13.321,1.0,0.25,204.91667,4.66667,5.52809,166.0,0.52778,
TTPA,122.0,0.52304,6.0,6.0,10.883,1.0,0.25,190.41667,4.48026,0.54765,16.0,0.73333,
CD14,737520.0,0.7545,14.0,14.0,25.433,1.0,0.25,209.58333,4.70395,3.84164,196.0,0.73626,
GPBAR1,1.0187068E7,0.67263,21.0,23.0,29.772,2.0,0.25,223.25,4.84649,762.69634,16714.0,0.47036,
PRMT5,17550.0,0.59088,15.0,17.0,19.601,3.0,0.25,214.25,4.75658,1206.10858,18788.0,0.43382,
CDC25B,363864.0,0.6642,13.0,13.0,19.902,1.0,0.25,206.83333,4.67325,22.67069,480.0,0.66667,
RET,1.750272220082E12,0.86936,24.0,24.0,41.796,1.0,0.25,227.25,4.89693,21.79099,920.0,0.69928,
PTGER2,1.0,0.0,1.0,1.0,3.678,1.0,0.2,173.95,4.27632,0.0,0.0,0.0,
NFIL3,512.0,0.49207,11.0,11.0,15.322,1.0,0.25,198.66667,4.57456,18.55296,434.0,0.52727,
AHR,182.0,0.45891,10.0,10.0,14.239,1.0,0.25,196.16667,4.54605,6.59341,196.0,0.51111,
CASP6,1.66970168E8,0.73707,19.0,19.0,29.787,1.0,0.25,215.58333,4.76535,39.91146,950.0,0.64327,
AOX1,5252.0,0.47297,14.0,14.0,13.398,1.0,0.2,190.45,4.44079,89.3963,1498.0,0.46154,
GATAD2A,5046.0,0.67062,8.0,8.0,12.308,1.0,0.25,204.08333,4.66009,5.05865,218.0,0.82143,
FGFR4,4.7327214462E11,0.75828,30.0,30.0,47.145,1.0,0.25,229.58333,4.90132,75.19366,2322.0,0.56552,
AP1G1,6.0,0.2842,4.0,4.0,4.492,1.0,0.25,170.08333,4.21491,1.03517,14.0,0.5,
P3H1,2.0,0.30779,2.0,2.0,2.71,1.0,0.2,153.21667,3.92325,0.0,0.0,1.0,
AVPR1A,10.0,0.32413,5.0,5.0,8.232,1.0,0.25,191.41667,4.50219,0.69465,26.0,0.5,
TF,4.4636042E7,0.6571,20.0,20.0,26.534,1.0,0.25,214.0,4.73684,36.2271,1030.0,0.56316,
APOBEC3A,12.0,0.30898,3.0,8.0,5.969,1.0,0.2,190.2,4.46711,98.99359,1442.0,0.17857,
PLA2G12B,2470.0,0.49073,15.0,15.0,18.364,1.0,0.25,207.0,4.66447,19.81692,638.0,0.46667,
SLC27A5,2.4988192008E10,0.83038,22.0,22.0,27.199,1.0,0.25,209.41667,4.66667,19.55417,730.0,0.68831,
CES1,368160.0,0.7975,11.0,11.0,14.318,1.0,0.25,205.58333,4.66228,1.60275,78.0,0.85455,
LPAR1,106561.0,0.76639,13.0,14.0,24.503,1.0,0.25,216.75,4.80044,400.70546,6996.0,0.65934,
CYP27A1,2.6554224481842E13,0.69182,48.0,48.0,49.786,3.0,0.25,235.66667,4.89912,324.3636,9840.0,0.44238,
FADS2,6.22710145E9,0.77716,17.0,17.0,21.836,1.0,0.25,211.16667,4.71053,25.64731,1128.0,0.70588,
IL6ST,6.44163865E8,0.76064,25.0,26.0,37.457,1.0,0.25,218.58333,4.77193,84.81427,1974.0,0.55692,
HDC,4.0,0.30779,2.0,4.0,7.738,2.0,0.25,194.66667,4.54825,38.23916,730.0,0.33333,
RORA,10576.0,0.43974,16.0,16.0,24.902,1.0,0.25,219.0,4.82456,81.37434,2258.0,0.40833,
ALOX15,4.7222088E7,0.64437,21.0,21.0,29.5,1.0,0.25,221.83333,4.83772,53.60324,2036.0,0.54286,
ADAMTSL2,2.0,0.30779,2.0,2.0,2.738,1.0,0.2,161.81667,4.08991,0.0,0.0,1.0,
MFAP4,8.0,0.25931,5.0,5.0,7.312,1.0,0.2,177.7,4.30482,24.18166,292.0,0.4,
ERBB3,9.223372036854777E13,0.81067,43.0,43.0,58.293,2.0,0.25,237.58333,4.95175,113.69409,3254.0,0.5371,
NRG1,4436209.0,0.74486,16.0,17.0,24.837,1.0,0.25,216.75,4.78947,81.68514,1282.0,0.61029,
CYP2C19,5.1786066E7,0.58449,29.0,29.0,29.368,1.0,0.25,217.91667,4.74781,101.36607,2858.0,0.44089,
NR1I3,2.1905544E7,0.67794,23.0,23.0,25.176,1.0,0.25,217.5,4.77193,75.92092,2676.0,0.55336,
HMGA1,8810.0,0.5205,16.0,16.0,25.889,1.0,0.25,217.33333,4.80263,73.38751,2464.0,0.48333,
PRKCD,9.223372036854777E13,0.82286,39.0,39.0,52.886,2.0,0.25,234.75,4.92982,96.70312,2996.0,0.56275,
ELF3,912.0,0.52601,11.0,11.0,18.103,1.0,0.25,199.25,4.58114,4.5396,114.0,0.56364,
IL24,8.535744E7,0.82418,19.0,19.0,32.153,1.0,0.25,212.5,4.72368,8.44904,322.0,0.7193,
P4HA1,47.0,0.22522,14.0,17.0,16.134,3.0,0.25,205.58333,4.63596,396.78877,6756.0,0.15441,
CADM1,2.80698611784E11,0.92961,22.0,22.0,39.59,1.0,0.25,222.83333,4.84649,43.42505,876.0,0.77056,
MERTK,2.49153408E10,1.01409,16.0,16.0,29.684,1.0,0.25,212.83333,4.73684,0.81559,46.0,0.94167,
TRPV1,9.223372036854777E13,0.77369,30.0,30.0,44.865,2.0,0.25,229.0,4.89254,221.64337,7760.0,0.57701,
IL32,5.59923966E8,0.80069,18.0,18.0,22.535,1.0,0.25,208.41667,4.67105,23.02971,524.0,0.71242,
IL1RL1,1451526.0,0.79193,13.0,13.0,22.83,1.0,0.25,204.16667,4.63596,5.15288,96.0,0.79487,
AIM2,2.102247310464E13,0.91522,23.0,23.0,37.07,1.0,0.25,210.58333,4.67763,11.0445,264.0,0.74704,
TSPO,1.68580114E8,0.6133,26.0,26.0,35.991,2.0,0.25,223.91667,4.84211,135.35803,4882.0,0.48,
AKR1B10,42.0,0.43905,7.0,9.0,10.221,1.0,0.2,189.61667,4.45395,14.26362,290.0,0.36111,
KLF11,120.0,0.64826,5.0,5.0,9.462,1.0,0.25,196.75,4.56798,0.0,0.0,1.0,
GFPT1,132.0,0.43736,8.0,8.0,8.263,1.0,0.25,201.66667,4.625,28.75633,918.0,0.53571,
FFAR1,336.0,0.51877,10.0,10.0,16.269,1.0,0.25,204.25,4.64474,3.77347,106.0,0.57778,
CDKAL1,27.0,0.42794,6.0,9.0,10.511,1.0,0.25,202.5,4.63158,97.09981,2410.0,0.27778,
GFPT2,8.0,0.37893,4.0,4.0,3.415,1.0,0.25,193.91667,4.53728,8.38835,390.0,0.66667,
GDF15,9.223372036854777E13,0.75851,42.0,42.0,56.57,1.0,0.25,236.75,4.94298,130.30535,3626.0,0.50639,
IGFBP1,4.906073491704001E13,0.91692,34.0,34.0,55.746,1.0,0.25,232.33333,4.92105,33.16269,1280.0,0.65597,
C3,9.223372036854777E13,0.93572,49.0,49.0,65.231,2.0,0.25,237.91667,4.92544,110.03205,3950.0,0.59439,
GPC3,8140320.0,0.72636,23.0,23.0,33.275,1.0,0.25,222.58333,4.83991,16.65013,556.0,0.59289,
PDGFB,9.223372036854777E13,0.96691,39.0,40.0,61.012,1.0,0.25,234.75,4.92544,196.34192,5592.0,0.62821,
IL6R,9.223372036854777E13,1.02706,38.0,38.0,56.307,1.0,0.25,229.5,4.86404,41.08962,1396.0,0.70839,
EPCAM,9.223372036854777E13,0.96895,37.0,37.0,54.806,1.0,0.25,233.66667,4.92325,207.24246,6504.0,0.67417,
SERPINB2,9.223372036854777E13,1.01329,20.0,20.0,35.299,1.0,0.25,216.41667,4.76754,2.44412,94.0,0.86842,
RARRES2,4.390853064E9,0.89119,19.0,19.0,34.409,1.0,0.25,216.41667,4.77193,9.64277,366.0,0.77778,
IGFBP2,2.897587148404E12,0.78602,30.0,30.0,48.127,1.0,0.25,231.0,4.92105,115.2325,3512.0,0.58621,
SHBG,5.1615854886E10,0.82609,30.0,30.0,42.539,1.0,0.25,228.5,4.88596,72.88991,1934.0,0.61609,
AHSG,5.888899798512701E13,0.78456,47.0,48.0,58.826,2.0,0.25,238.83333,4.94518,699.43292,14752.0,0.48404,
TREM1,9.223372036854777E13,1.12044,26.0,26.0,41.254,1.0,0.25,214.25,4.71272,5.98589,226.0,0.87692,
GLO1,249.0,0.30512,16.0,17.0,13.333,1.0,0.25,197.16667,4.52632,188.53978,2806.0,0.25,
CAT,246.0,0.47511,11.0,11.0,10.507,1.0,0.25,194.5,4.51535,16.93314,486.0,0.50909,
MTHFD2,382.0,0.36429,17.0,17.0,12.213,1.0,0.25,204.58333,4.625,169.44348,2718.0,0.33088,
CBR1,3368.0,0.49073,15.0,15.0,20.443,1.0,0.25,213.16667,4.75,62.28918,1726.0,0.46667,
ALDH2,4530.0,0.37914,30.0,30.0,26.957,1.0,0.25,216.25,4.72368,388.99941,8058.0,0.28276,
TYMS,1.0212924E7,0.44825,33.0,33.0,31.683,3.0,0.25,228.91667,4.88158,987.93356,24358.0,0.32386,
SQOR,58.0,0.38186,9.0,9.0,7.006,1.0,0.2,187.53333,4.42982,39.55456,1104.0,0.44444,
NFS1,52.0,0.25901,14.0,16.0,9.795,1.0,0.2,189.03333,4.41886,216.10857,2128.0,0.19167,
DHODH,12.0,0.2842,4.0,8.0,4.841,1.0,0.25,177.66667,4.30482,52.44073,676.0,0.21429,
COL18A1,1.93240953366E11,0.82145,28.0,30.0,45.241,2.0,0.25,223.75,4.82237,738.7886,14640.0,0.54713,
HBEGF,9.223372036854777E13,0.93718,53.0,53.0,67.34,1.0,0.25,244.16667,4.99123,163.13171,5046.0,0.58055,
THBS2,8.4682936E7,0.64404,23.0,23.0,31.151,1.0,0.25,218.91667,4.78947,50.17261,1558.0,0.52569,
IGFBP3,9.223372036854777E13,0.99282,59.0,59.0,76.549,1.0,0.25,246.75,5.00219,358.32446,8788.0,0.59439,
LGALS3,9.223372036854777E13,0.9815,69.0,69.0,82.36,2.0,0.25,252.83333,5.03728,481.9856,12100.0,0.55925,
PTK2,9.223372036854777E13,1.04033,47.0,47.0,64.743,1.0,0.25,240.16667,4.96711,149.03318,5024.0,0.66975,
LIF,9.223372036854777E13,1.11647,41.0,41.0,65.342,1.0,0.25,236.16667,4.9386,31.90588,1454.0,0.75122,
LAMC2,30.0,0.51861,5.0,5.0,9.273,1.0,0.25,185.91667,4.42325,0.21429,4.0,0.8,
RAC1,7.01094254E8,0.76249,22.0,22.0,36.165,2.0,0.25,217.66667,4.77632,575.5171,18486.0,0.63203,
CTSB,9.223372036854777E13,0.96549,59.0,60.0,72.955,1.0,0.25,247.58333,5.00658,540.58019,15608.0,0.55876,
ELANE,9.223372036854777E13,1.02258,40.0,40.0,54.918,1.0,0.25,228.33333,4.83772,52.7593,1616.0,0.69359,
LGALS3BP,2316.0,0.50074,15.0,15.0,22.569,1.0,0.25,212.75,4.74123,21.96906,612.0,0.47619,
S100A4,9.223372036854777E13,0.89699,30.0,30.0,45.137,2.0,0.25,226.75,4.86184,68.62392,2328.0,0.66897,
WNT5A,9.223372036854777E13,1.00791,43.0,43.0,62.679,1.0,0.25,238.66667,4.96272,101.04111,3082.0,0.66777,
GJA1,9.223372036854777E13,0.95453,40.0,41.0,58.787,2.0,0.25,237.16667,4.95175,354.92366,10260.0,0.61585,
ENG,9.223372036854777E13,1.03883,46.0,46.0,63.648,1.0,0.25,240.16667,4.9693,54.44538,2270.0,0.67343,
CTSD,9.223372036854777E13,0.92051,40.0,40.0,54.201,1.0,0.25,236.75,4.95175,341.36976,7592.0,0.62436,
AGTR1,9.223372036854777E13,0.79887,46.0,46.0,62.045,2.0,0.25,240.16667,4.97149,450.85587,11790.0,0.51787,
EPHA2,2.62108657836E11,0.59301,34.0,34.0,43.191,1.0,0.25,230.33333,4.89474,213.24932,5362.0,0.42424,
CYP2R1,228.0,0.57279,9.0,9.0,8.127,1.0,0.2,179.2,4.30482,3.20635,68.0,0.66667,
CYP27B1,1.12591708464E11,0.70434,32.0,32.0,42.602,1.0,0.25,231.33333,4.91447,185.22107,6708.0,0.51411,
GC,3.4204591212E10,0.68072,35.0,35.0,43.617,1.0,0.25,229.66667,4.87939,182.25487,5394.0,0.48235,
FGF23,1.8533229522E10,0.70206,35.0,35.0,47.928,1.0,0.25,231.08333,4.89693,197.49135,6126.0,0.49748,
CYP17A1,516882.0,0.58578,26.0,26.0,30.922,1.0,0.25,224.0,4.8443,69.96447,2384.0,0.45846,
BGLAP,9.223372036854777E13,0.87765,44.0,44.0,60.84,1.0,0.25,237.91667,4.94956,112.34641,3382.0,0.57717,
DHCR24,4.88964254E8,0.57573,25.0,25.0,27.813,1.0,0.25,221.0,4.80921,175.6342,4334.0,0.45667,
NR1I2,1.07645091108E12,0.68366,52.0,52.0,52.433,1.0,0.25,243.91667,4.99342,516.65454,19586.0,0.42609,
MAP3K14,81480.0,0.7466,11.0,11.0,19.711,1.0,0.25,207.08333,4.6864,2.58161,72.0,0.8,
TLR9,9.223372036854777E13,1.09558,55.0,55.0,74.538,1.0,0.25,242.16667,4.95614,103.99446,4214.0,0.67071,
PRKCA,9.223372036854777E13,0.90319,60.0,60.0,75.411,3.0,0.25,248.91667,5.02412,397.98103,12370.0,0.53785,
TGM2,1.56204E7,0.73694,20.0,20.0,30.772,1.0,0.25,221.5,4.83772,13.76919,554.0,0.63158,
CCL20,9.223372036854777E13,1.00243,50.0,50.0,67.553,1.0,0.25,237.08333,4.91228,135.83891,4110.0,0.63265,
MAP3K8,2.092997854152E13,0.98258,20.0,20.0,39.297,1.0,0.25,217.91667,4.78947,7.57863,250.0,0.84211,
PDGFRB,9.223372036854777E13,1.04058,64.0,64.0,78.602,1.0,0.25,250.5,5.02851,164.61172,5624.0,0.60714,
IER3,6.789888365E9,0.76306,21.0,22.0,33.714,4.0,0.25,216.33333,4.76096,1844.64423,42480.0,0.58442,
SERPINA1,9.223372036854777E13,0.74676,56.0,57.0,65.789,3.0,0.25,246.41667,5.00439,367.62411,10928.0,0.4386,
PSMD2,7384808.0,0.60976,19.0,19.0,25.822,1.0,0.25,218.75,4.80702,134.14084,2682.0,0.53216,
KLF5,3.70841995488E11,0.87831,25.0,25.0,41.505,1.0,0.25,225.58333,4.87061,44.09351,1668.0,0.69667,
BCL2A1,9.223372036854777E13,0.96326,29.0,29.0,45.305,1.0,0.25,229.83333,4.90789,47.3441,1744.0,0.7266,
FBXW7,9.223372036854777E13,0.95637,36.0,37.0,48.957,2.0,0.25,234.08333,4.92982,487.42627,9152.0,0.63514,
FAS,9.223372036854777E13,1.00902,46.0,46.0,62.991,1.0,0.25,236.08333,4.91667,84.10334,2986.0,0.65411,
TNFSF10,9.223372036854777E13,1.01428,44.0,44.0,63.033,2.0,0.25,233.91667,4.89693,103.35756,3592.0,0.66702,
CXCL5,9.223372036854777E13,1.07149,39.0,39.0,52.54,1.0,0.25,229.08333,4.85307,45.12882,1656.0,0.73279,
ALOX5,9.223372036854777E13,0.71563,33.0,33.0,45.324,1.0,0.25,229.41667,4.88377,184.09935,5598.0,0.51705,
B2M,9.223372036854777E13,0.87735,64.0,65.0,77.962,1.0,0.25,253.5,5.0636,795.12397,20928.0,0.49615,
RACK1,2.836905582639E12,0.65996,38.0,39.0,49.465,2.0,0.25,232.75,4.90351,356.24253,7158.0,0.43185,
RPL4,1310.0,0.34173,19.0,19.0,18.177,2.0,0.25,218.83333,4.80921,452.94566,7874.0,0.29825,
YARS1,83.0,0.21858,17.0,18.0,10.604,2.0,0.2,199.86667,4.55482,1146.33829,24582.0,0.17647,
EIF5,10.0,0.32413,5.0,5.0,4.379,1.0,0.25,177.83333,4.31579,7.5509,190.0,0.5,
HSD17B13,72.0,0.57059,6.0,6.0,11.791,1.0,0.2,188.86667,4.45614,0.28738,10.0,0.8,
DGAT1,9.223372036854777E13,0.88446,53.0,54.0,54.735,3.0,0.25,236.16667,4.88158,729.64462,18292.0,0.5276,
KRT18,9.223372036854777E13,0.84332,36.0,36.0,53.815,1.0,0.25,236.5,4.96491,108.88343,3888.0,0.59206,
CIDEC,2.9153910252E10,0.85584,24.0,24.0,34.283,1.0,0.25,216.16667,4.74561,26.60112,742.0,0.68841,
PNPLA3,1.78606724784E11,0.77068,33.0,33.0,41.2,1.0,0.25,226.08333,4.84211,89.76916,2562.0,0.55682,
CBS,9.4026372706E10,0.517,39.0,39.0,43.396,4.0,0.25,239.58333,4.99561,773.46506,21880.0,0.35358,
CD163,9.223372036854777E13,1.1276,56.0,56.0,73.748,2.0,0.25,244.58333,4.98465,105.77723,4984.0,0.68636,
HP,9.223372036854777E13,0.89852,53.0,53.0,63.741,1.0,0.25,242.33333,4.96711,140.31748,5120.0,0.5566,
SLC7A11,490122.0,0.54656,20.0,20.0,27.262,2.0,0.25,219.41667,4.8136,85.72065,2680.0,0.46842,
GSTA1,1336476.0,0.68781,20.0,20.0,23.269,1.0,0.2,203.61667,4.59649,30.42198,996.0,0.58947,
CYP1A1,9.223372036854777E13,0.7819,54.0,55.0,61.715,3.0,0.25,248.08333,5.03509,609.5827,24962.0,0.46397,
GSTP1,8.635070604963E13,0.69534,43.0,43.0,51.98,1.0,0.25,238.58333,4.96491,244.91448,9866.0,0.46069,
UGT1A1,7.404845E7,0.6308,36.0,36.0,41.404,1.0,0.25,233.33333,4.92544,354.03518,10078.0,0.44286,
HSPB1,9.223372036854777E13,1.00297,47.0,47.0,65.385,2.0,0.25,243.0,5.00439,151.36679,6412.0,0.6457,
LCN2,9.223372036854777E13,0.9601,62.0,63.0,78.578,3.0,0.25,249.83333,5.02193,843.94381,21506.0,0.54788,
GSTM1,1.69368E7,0.76026,23.0,23.0,33.82,1.0,0.25,223.91667,4.85965,47.65122,2718.0,0.62055,
GPT2,9.223372036854777E13,0.79525,45.0,45.0,58.154,1.0,0.25,241.41667,4.99342,203.11499,9406.0,0.51919,
ALAS1,26.0,0.21948,10.0,12.0,12.941,1.0,0.25,202.41667,4.62061,106.01559,2180.0,0.18182,
STC2,5.0,0.30898,3.0,4.0,6.481,1.0,0.25,185.41667,4.42544,2.26179,66.0,0.33333,
MMP1,9.223372036854777E13,1.12557,63.0,63.0,82.516,1.0,0.25,250.83333,5.03728,239.33601,8522.0,0.66001,
SLC11A1,458664.0,0.64763,17.0,17.0,26.168,1.0,0.25,211.66667,4.72149,32.7347,1426.0,0.58824,
RPS3A,7619.0,0.38689,20.0,21.0,21.516,2.0,0.25,221.66667,4.83772,881.40914,13596.0,0.3,
PRDX6,42260.0,0.46235,19.0,19.0,19.856,1.0,0.2,208.7,4.67105,110.91495,2736.0,0.40351,
CYP1A2,1.8360147E8,0.61009,43.0,43.0,46.423,2.0,0.25,237.91667,4.95395,629.61741,17704.0,0.40421,
ME1,69072.0,0.54837,22.0,22.0,27.289,1.0,0.25,210.66667,4.6864,94.3972,2478.0,0.45455,
SLC25A1,146.0,0.52483,8.0,8.0,6.924,1.0,0.2,179.78333,4.32675,10.04515,232.0,0.64286,
OAS1,7.91167116E9,0.83629,25.0,25.0,33.923,2.0,0.25,212.91667,4.69956,82.85556,3524.0,0.66333,
MX2,1.039011248E9,0.7348,21.0,21.0,22.989,1.0,0.25,209.58333,4.67325,94.82812,2548.0,0.61905,
OAS2,7.34952975E9,0.76322,27.0,27.0,36.149,1.0,0.25,220.83333,4.79825,153.99645,4690.0,0.58974,
IFIT3,7.664832846E9,0.78377,24.0,24.0,32.178,1.0,0.25,211.91667,4.69298,81.66294,3054.0,0.63043,
IFI6,443748.0,0.60127,16.0,16.0,17.146,1.0,0.25,205.33333,4.63596,29.80185,906.0,0.55833,
IFIT2,4.87065744E9,0.82805,23.0,23.0,31.313,1.0,0.25,208.33333,4.64912,31.75025,1164.0,0.67589,
TLR3,9.223372036854777E13,1.05251,61.0,61.0,77.132,1.0,0.25,246.83333,4.99123,294.16876,11890.0,0.6235,
ADAR,41291.0,0.44525,17.0,18.0,19.388,1.0,0.25,214.41667,4.75219,175.91288,4458.0,0.35948,
LAP3,122.0,0.64826,5.0,7.0,7.422,1.0,0.2,174.65,4.24561,15.1795,202.0,0.47619,
USP18,443760.0,0.74084,13.0,13.0,10.304,1.0,0.25,191.16667,4.45833,17.0781,520.0,0.74359,
CXCR2,9.223372036854777E13,1.05505,48.0,48.0,63.35,1.0,0.25,234.75,4.89035,76.26702,2626.0,0.67465,
KRT7,1.96721931E9,0.73605,23.0,23.0,32.829,1.0,0.25,224.16667,4.85965,51.28118,1400.0,0.60079,
CCL5,9.223372036854777E13,1.02987,89.0,89.0,89.374,2.0,0.25,264.83333,5.10746,409.40758,17990.0,0.54188,
CCR2,9.223372036854777E13,1.1539,59.0,59.0,73.277,1.0,0.25,246.08333,4.99123,103.79059,4622.0,0.69082,
CXCL1,9.223372036854777E13,1.12244,77.0,77.0,91.205,1.0,0.25,258.08333,5.07018,239.73296,10496.0,0.61791,
CXCL10,9.223372036854777E13,0.9693,92.0,92.0,91.704,1.0,0.25,266.08333,5.10965,1034.96608,33092.0,0.50478,
CX3CR1,9.223372036854777E13,1.10297,42.0,42.0,62.379,1.0,0.25,232.33333,4.88377,41.35952,1838.0,0.73635,
RETN,9.223372036854777E13,0.91959,58.0,58.0,71.989,1.0,0.25,244.41667,4.97368,160.3043,5986.0,0.55354,
RBP4,8.127732312006001E12,0.90322,32.0,32.0,44.291,1.0,0.25,227.0,4.85526,43.38143,1396.0,0.65927,
CXCL9,9.223372036854777E13,0.98755,53.0,53.0,62.994,1.0,0.25,235.41667,4.875,146.15243,4682.0,0.61176,
ITGB2,9.223372036854777E13,0.85166,53.0,53.0,69.179,1.0,0.25,240.91667,4.94956,237.27372,6570.0,0.52758,
SPP1,9.223372036854777E13,0.99188,86.0,86.0,91.207,2.0,0.25,263.16667,5.09868,398.27602,12234.0,0.5275,
MIF,9.223372036854777E13,1.07901,37.0,37.0,58.556,1.0,0.25,232.83333,4.91228,29.0436,1116.0,0.75075,
NFKB1,9.223372036854777E13,0.89127,146.0,146.0,117.681,11.0,0.25,297.58333,5.28947,1574.77788,56292.0,0.40246,
BAX,9.223372036854777E13,1.04483,44.0,44.0,64.015,1.0,0.25,238.58333,4.95833,90.67915,3226.0,0.6871,
CTNNB1,9.223372036854777E13,0.82731,140.0,140.0,109.309,4.0,0.33333,294.83333,5.2807,2470.26282,67788.0,0.37842,
HDAC2,9.223372036854777E13,0.90105,54.0,54.0,68.146,2.0,0.25,244.91667,4.99781,337.36439,8936.0,0.55486,
HDAC8,2400.0,0.71599,9.0,9.0,13.286,1.0,0.25,201.58333,4.62061,2.7523,56.0,0.83333,
PARP1,9.223372036854777E13,0.88673,92.0,92.0,91.97,3.0,0.25,269.0,5.14912,1617.60258,44540.0,0.46178,
MFN2,9.223372036854777E13,0.84559,36.0,36.0,46.508,2.0,0.25,235.66667,4.95614,223.68114,5004.0,0.59365,
MAP1LC3B,9.223372036854777E13,1.03508,55.0,55.0,71.748,1.0,0.25,247.0,5.02193,200.77827,7430.0,0.63367,
GSK3B,9.223372036854777E13,0.92615,111.0,111.0,106.31,1.0,0.33333,278.83333,5.19737,850.72012,28184.0,0.45504,
PTEN,9.223372036854777E13,0.91592,116.0,116.0,103.211,2.0,0.33333,282.16667,5.2193,909.8794,29200.0,0.44393,
HMOX1,9.223372036854777E13,0.95417,112.0,112.0,105.955,3.0,0.25,280.08333,5.20833,1913.00804,56940.0,0.4675,
AR,9.223372036854777E13,0.94829,70.0,70.0,81.617,1.0,0.25,255.75,5.07237,575.85577,17302.0,0.53789,
MAPK8,9.223372036854777E13,1.10496,83.0,83.0,93.025,1.0,0.25,261.91667,5.0943,273.82306,9328.0,0.59418,
CASP3,9.223372036854777E13,0.84038,158.0,158.0,117.584,4.0,0.33333,303.16667,5.3114,2129.06437,66120.0,0.37039,
IL1B,9.223372036854777E13,0.67302,211.0,211.0,126.815,24.0,0.33333,330.5,5.4386,5929.66444,156128.0,0.27154,
CEBPA,9.223372036854777E13,0.91744,80.0,80.0,87.367,2.0,0.25,263.08333,5.125,524.81839,19462.0,0.49905,
SQSTM1,9.223372036854777E13,0.85454,72.0,72.0,80.765,2.0,0.25,256.75,5.07675,463.54511,12472.0,0.48044,
TNF,9.223372036854777E13,0.62648,230.0,230.0,123.857,9.0,0.33333,341.33333,5.49781,8071.5517,199360.0,0.24621,
SMAD3,9.223372036854777E13,1.11536,84.0,84.0,97.026,2.0,0.25,263.08333,5.10746,494.00296,15692.0,0.59753,
HNF4A,9.223372036854777E13,0.77442,79.0,79.0,80.094,3.0,0.25,262.41667,5.12061,924.64201,29632.0,0.42291,
H1-0,15900.0,0.60034,13.0,13.0,20.039,1.0,0.25,211.16667,4.73026,18.18546,528.0,0.60256,
HMGB1,9.223372036854777E13,1.01214,75.0,75.0,84.742,3.0,0.25,258.33333,5.08333,530.42465,16950.0,0.5618,
RBBP7,46856.0,0.53079,15.0,15.0,16.077,1.0,0.25,210.0,4.70833,49.00356,1246.0,0.50476,
CDKN2A,9.223372036854777E13,1.05254,78.0,78.0,88.905,2.0,0.33333,260.83333,5.10526,381.29375,12696.0,0.57709,
GPX3,9.223372036854777E13,0.94883,84.0,85.0,92.727,3.0,0.25,265.08333,5.12939,1524.35156,54526.0,0.49636,
TLR4,9.223372036854777E13,0.85487,146.0,146.0,114.337,2.0,0.25,296.66667,5.27632,1508.92691,55534.0,0.38602,
AGT,9.223372036854777E13,0.88638,114.0,114.0,103.273,3.0,0.25,278.83333,5.18202,1898.49643,47752.0,0.43192,
MMP9,9.223372036854777E13,0.93306,142.0,142.0,114.423,2.0,0.25,294.75,5.26974,1030.13885,39848.0,0.42493,
TERT,9.223372036854777E13,1.12378,46.0,46.0,67.39,1.0,0.25,241.5,4.98904,49.47392,2104.0,0.7285,
ADAM10,1.01708743782E11,0.76269,26.0,26.0,37.945,1.0,0.25,223.33333,4.83553,74.57751,2148.0,0.59692,
MAPK3,9.223372036854777E13,0.7791,158.0,158.0,117.108,6.0,0.33333,303.66667,5.31798,4350.20568,95522.0,0.34338,
CCL2,9.223372036854777E13,0.83234,153.0,153.0,115.711,4.0,0.25,300.5,5.29605,2029.88458,71788.0,0.37049,
IL10,9.223372036854777E13,0.85459,143.0,143.0,114.156,4.0,0.33333,294.5,5.26316,1692.13707,53830.0,0.38836,
IGF1R,9.223372036854777E13,0.94954,81.0,81.0,88.47,1.0,0.25,260.91667,5.09211,398.41309,12442.0,0.51451,
CASP9,9.223372036854777E13,1.13502,80.0,80.0,89.766,1.0,0.25,261.41667,5.10307,207.57301,8712.0,0.61741,
CASP1,9.223372036854777E13,0.96422,100.0,100.0,100.082,2.0,0.25,272.08333,5.1557,831.91154,27760.0,0.48929,
HNF1A,2.841938359464E12,0.70697,47.0,47.0,58.366,2.0,0.25,241.66667,4.98465,221.45261,8434.0,0.45513,
NQO1,9.223372036854777E13,0.95577,58.0,59.0,75.007,2.0,0.25,250.75,5.05482,1104.18203,26846.0,0.55582,
DNM1L,9.223372036854777E13,1.0772,26.0,26.0,44.604,1.0,0.25,226.91667,4.88377,7.13502,318.0,0.84308,
NLRP3,9.223372036854777E13,1.08822,68.0,68.0,85.229,1.0,0.25,253.33333,5.04825,190.47857,7854.0,0.62291,
DNMT3A,9.223372036854777E13,0.79427,33.0,33.0,42.142,1.0,0.25,228.91667,4.88158,156.4601,3874.0,0.57386,
CDH1,9.223372036854777E13,0.88675,104.0,104.0,95.507,2.0,0.33333,274.5,5.17105,1497.41469,38050.0,0.44455,
HCFC1,144.0,0.5012,9.0,9.0,13.944,1.0,0.25,202.5,4.63377,5.88245,178.0,0.58333,
KLF4,9.223372036854777E13,1.16079,58.0,58.0,77.243,1.0,0.25,247.58333,5.01535,117.94569,4310.0,0.69873,
GSR,9.223372036854777E13,0.71262,56.0,56.0,65.424,3.0,0.25,249.58333,5.05263,1256.112,44732.0,0.43377,
XDH,9.223372036854777E13,0.98778,55.0,55.0,71.21,2.0,0.25,248.58333,5.04386,1121.82285,33068.0,0.60471,
INSR,9.223372036854777E13,0.78695,46.0,47.0,58.461,1.0,0.33333,243.83333,5.01754,452.43459,12014.0,0.48844,
JAK1,9.223372036854777E13,0.97706,66.0,67.0,79.698,2.0,0.25,250.41667,5.01316,686.32568,18094.0,0.54772,
YAP1,9.223372036854777E13,1.00638,39.0,40.0,57.097,1.0,0.25,235.25,4.93421,267.65849,7156.0,0.65385,
PTPN1,9.223372036854777E13,0.99848,39.0,39.0,53.324,1.0,0.25,236.25,4.94956,75.13568,3316.0,0.68286,
MMP2,9.223372036854777E13,0.98686,106.0,106.0,104.995,1.0,0.25,275.25,5.17105,792.73305,24336.0,0.49182,
IL1A,9.223372036854777E13,1.0083,115.0,115.0,106.516,1.0,0.25,279.33333,5.18421,555.05099,25268.0,0.49001,
AFP,9.223372036854777E13,0.76668,55.0,55.0,65.357,3.0,0.25,246.33333,5.01316,885.75512,18730.0,0.46936,
GPX4,9.223372036854777E13,0.73627,46.0,46.0,56.126,1.0,0.25,242.08333,4.99781,726.04848,23766.0,0.47729,
PRKCE,187.0,0.42441,12.0,13.0,15.717,1.0,0.25,208.5,4.69518,39.94949,762.0,0.37179,
JAK2,9.223372036854777E13,1.02867,93.0,93.0,99.282,3.0,0.25,267.33333,5.12281,497.73121,16362.0,0.53389,
BATF3,4044600.0,0.67581,18.0,18.0,26.955,1.0,0.25,210.75,4.70175,34.61488,1058.0,0.60131,
LEPR,9.223372036854777E13,0.98435,48.0,48.0,67.747,2.0,0.25,241.66667,4.98246,110.30353,4792.0,0.62943,
IL4,9.223372036854777E13,1.02343,104.0,104.0,101.633,1.0,0.25,273.58333,5.1557,697.94008,23086.0,0.51307,
CYP2E1,9.223372036854777E13,0.73545,68.0,68.0,66.539,2.0,0.25,254.75,5.06798,741.6971,28944.0,0.42098,
APOA1,9.223372036854777E13,0.77735,86.0,86.0,84.351,1.0,0.25,262.75,5.0943,678.33922,23706.0,0.41341,
APOC1,2.2172976E8,0.81107,25.0,25.0,27.983,1.0,0.25,213.08333,4.69737,24.29162,626.0,0.64333,
APOE,9.223372036854777E13,0.79944,138.0,138.0,110.079,2.0,0.33333,292.66667,5.26096,2327.63061,68054.0,0.36729,
LIPC,9.223372036854777E13,0.81979,44.0,44.0,54.095,1.0,0.25,230.5,4.84868,123.1352,3592.0,0.53911,
APOA5,5.232651142360899E13,0.78577,38.0,39.0,44.037,2.0,0.25,227.5,4.82895,503.75869,8046.0,0.51417,
VLDLR,9.223372036854777E13,0.85149,35.0,35.0,43.52,1.0,0.25,227.33333,4.84868,69.9139,2328.0,0.60336,
CLU,9.223372036854777E13,0.85695,61.0,62.0,75.753,1.0,0.25,249.75,5.02632,420.63898,12790.0,0.49127,
NPC1L1,9.223372036854777E13,0.93236,28.0,28.0,34.043,1.0,0.25,221.41667,4.79825,39.99589,1576.0,0.71164,
SAA1,9.223372036854777E13,0.87495,54.0,54.0,62.925,1.0,0.25,241.25,4.94737,215.38365,6712.0,0.53878,
PCSK9,9.223372036854777E13,0.85418,51.0,51.0,66.565,1.0,0.25,243.41667,4.99123,207.31091,8640.0,0.53569,
HMGCR,9.223372036854777E13,0.79223,92.0,92.0,90.184,2.0,0.25,267.83333,5.13377,995.85082,40534.0,0.41257,
LIPG,4.4354328E7,0.73037,19.0,19.0,27.389,1.0,0.25,213.83333,4.73684,21.7657,856.0,0.63743,
CYP7A1,9.223372036854777E13,0.76433,70.0,70.0,68.692,3.0,0.25,252.25,5.02412,719.64678,24150.0,0.43354,
NR1H3,9.223372036854777E13,0.9558,49.0,49.0,60.467,1.0,0.25,240.66667,4.96491,128.82538,6816.0,0.60714,
NR1H2,1.267344792E9,0.81837,23.0,23.0,29.451,1.0,0.25,213.66667,4.71491,27.43838,968.0,0.66798,
ABCG8,1.3567339428726E13,0.84559,36.0,39.0,42.164,1.0,0.25,223.16667,4.77412,283.05489,5324.0,0.50877,
MTTP,9.223372036854777E13,0.93436,43.0,43.0,48.327,1.0,0.25,232.41667,4.87719,214.12236,5350.0,0.61905,
CRP,9.223372036854777E13,0.9064,109.0,109.0,102.436,1.0,0.25,276.58333,5.17325,711.88422,25964.0,0.44784,
CFB,8.78724E7,0.85811,17.0,17.0,27.394,1.0,0.25,209.5,4.6886,6.51207,380.0,0.77941,
LDLR,3992725.0,0.59636,19.0,20.0,25.576,1.0,0.25,214.41667,4.74342,44.28979,1274.0,0.46842,
TRIB1,818040.0,0.56656,23.0,23.0,27.996,1.0,0.25,222.41667,4.83772,97.21796,3206.0,0.46245,
SREBF2,9.223372036854777E13,0.89803,68.0,68.0,76.409,1.0,0.25,254.0,5.05702,441.53756,21780.0,0.51405,
NR1H4,9.223372036854777E13,0.79527,80.0,80.0,84.461,2.0,0.25,260.08333,5.08553,870.39144,28486.0,0.43259,
IL6,9.223372036854777E13,0.63493,229.0,229.0,127.338,14.0,0.33333,340.16667,5.48684,6871.84162,181176.0,0.24987,
ACE,9.223372036854777E13,1.06141,74.0,74.0,88.05,1.0,0.25,258.41667,5.08772,294.0901,12554.0,0.59163,
CETP,9.223372036854777E13,0.87325,40.0,40.0,48.698,1.0,0.25,231.75,4.88377,87.74189,3470.0,0.59231,
PADI4,21014.0,0.67321,12.0,14.0,19.595,3.0,0.25,210.16667,4.71491,238.67742,4998.0,0.50549,
ABCG2,9.223372036854777E13,0.64754,56.0,56.0,59.097,3.0,0.25,248.16667,5.03289,1202.77783,32576.0,0.39416,
SLC29A1,73.0,0.57059,6.0,7.0,5.465,1.0,0.25,193.58333,4.52412,38.06918,864.0,0.57143,
ABCC2,8.5025234E7,0.57408,33.0,33.0,31.069,1.0,0.25,222.66667,4.79386,362.41935,7728.0,0.41477,
TJP1,9.223372036854777E13,0.96688,55.0,55.0,75.256,2.0,0.25,247.5,5.02851,726.28275,21276.0,0.59192,
ABCC1,1177906.0,0.51814,23.0,23.0,26.119,1.0,0.25,221.58333,4.82675,305.25232,8982.0,0.42292,
ABCC5,86.0,0.3791,10.0,10.0,7.746,1.0,0.25,186.66667,4.41447,48.27054,1026.0,0.42222,
SLC22A4,31.0,0.42794,6.0,7.0,4.181,1.0,0.2,171.45,4.20614,15.31839,172.0,0.42857,
ATF4,9.223372036854777E13,0.86296,46.0,46.0,57.992,2.0,0.25,241.83333,4.99342,258.47796,8618.0,0.55942,
DDIT3,9.223372036854777E13,1.00257,45.0,45.0,62.508,1.0,0.25,241.58333,4.99342,162.72757,5586.0,0.65455,
ATF3,9.223372036854777E13,0.93344,56.0,56.0,67.497,1.0,0.25,245.08333,4.99123,419.31698,12806.0,0.56818,
ATF6,9.223372036854777E13,1.1216,48.0,48.0,64.019,1.0,0.25,243.75,5.00877,106.87286,4284.0,0.7172,
DUSP1,9.223372036854777E13,1.02157,34.0,34.0,54.019,1.0,0.25,229.0,4.875,64.31881,2106.0,0.73084,
HSPA5,9.223372036854777E13,0.88171,97.0,97.0,94.054,1.0,0.25,272.58333,5.17544,1690.63804,44232.0,0.45168,
ERN1,9.223372036854777E13,1.08814,43.0,43.0,60.378,1.0,0.25,238.91667,4.96711,43.12834,2362.0,0.72093,
EGR1,9.223372036854777E13,0.96727,72.0,72.0,81.502,1.0,0.25,257.33333,5.08333,513.72906,16934.0,0.54382,
TGFB1,9.223372036854777E13,0.91466,145.0,145.0,114.748,1.0,0.25,297.08333,5.28728,1150.49158,42060.0,0.41389,
NOX4,9.223372036854777E13,1.15482,62.0,62.0,84.205,1.0,0.25,253.41667,5.07675,128.75267,6198.0,0.68059,
NDUFB10,853.0,0.54893,9.0,10.0,3.108,2.0,0.2,171.2,4.19079,75.90876,1198.0,0.51111,
BLVRB,852.0,0.36587,12.0,12.0,7.091,2.0,0.2,187.36667,4.41447,245.48826,5240.0,0.37879,
HSPA8,9.223372036854777E13,0.64332,67.0,67.0,71.429,3.0,0.25,255.41667,5.08114,1670.92278,36616.0,0.36997,
NFKBIA,9.223372036854777E13,1.04085,102.0,102.0,103.667,1.0,0.25,273.25,5.16009,530.53175,20344.0,0.52495,
NFE2L2,9.223372036854777E13,0.94793,105.0,105.0,103.346,2.0,0.25,275.75,5.18202,1143.15221,40662.0,0.47381,
ATG7,9.223372036854777E13,1.10073,50.0,50.0,68.521,1.0,0.25,245.41667,5.02412,259.54715,8904.0,0.69469,
BCL2,9.223372036854777E13,0.82562,159.0,160.0,117.017,6.0,0.33333,305.33333,5.33114,3096.95451,79624.0,0.35865,
PTGS2,9.223372036854777E13,0.88072,138.0,139.0,110.831,3.0,0.25,294.08333,5.27412,2743.13757,65930.0,0.39881,
MAFF,606.0,0.55867,10.0,10.0,13.799,1.0,0.25,194.33333,4.51974,15.41406,384.0,0.62222,
CDKN1A,9.223372036854777E13,0.99909,81.0,81.0,91.633,1.0,0.25,260.91667,5.08991,614.61942,18530.0,0.54136,
CYP24A1,1060.0,0.45983,13.0,13.0,13.874,1.0,0.25,208.5,4.69518,43.85035,1194.0,0.46154,
SLC9A1,349.0,0.42441,12.0,13.0,16.726,1.0,0.25,213.16667,4.75877,65.55725,1616.0,0.37179,
ALB,9.223372036854777E13,0.66117,220.0,220.0,125.307,6.0,0.33333,335.66667,5.46711,7439.68974,168440.0,0.26339,
LOX,9.223372036854777E13,1.02832,71.0,71.0,84.566,2.0,0.25,256.58333,5.07675,1444.78294,29320.0,0.58068,
ESR1,9.223372036854777E13,0.80105,138.0,138.0,109.574,5.0,0.25,292.75,5.26096,2910.07451,71290.0,0.36803,
CA12,125.0,0.43905,7.0,8.0,11.572,1.0,0.25,202.5,4.63158,15.5708,220.0,0.42857,
FOS,9.223372036854777E13,0.83443,122.0,122.0,105.033,1.0,0.25,285.0,5.22807,2408.52502,55448.0,0.39818,
SCT,2.0,0.30779,2.0,2.0,4.321,1.0,0.25,195.0,4.5636,0.0,0.0,1.0,
MB,1.519923695254E12,0.66776,34.0,34.0,42.98,1.0,0.25,232.5,4.92105,209.59431,7264.0,0.47772,
ENO3,1088.0,0.35514,19.0,19.0,13.797,1.0,0.25,200.0,4.55482,153.27117,2298.0,0.30994,
FTH1,142562.0,0.42024,25.0,25.0,29.0,1.0,0.25,221.66667,4.82018,261.92485,5486.0,0.33333,
RELA,9.223372036854777E13,0.98328,91.0,91.0,94.989,1.0,0.25,267.08333,5.12939,979.67992,26010.0,0.5138,
S100B,9.223372036854777E13,0.7955,32.0,33.0,48.456,1.0,0.25,231.33333,4.91009,415.54385,10372.0,0.54545,
JUN,9.223372036854777E13,0.81473,157.0,157.0,118.977,2.0,0.33333,304.16667,5.32895,2757.29585,80452.0,0.35979,
EGFR,9.223372036854777E13,0.67595,176.0,176.0,117.056,8.0,0.33333,313.5,5.36842,5960.02097,118842.0,0.28825,
BIRC5,9.223372036854777E13,0.68546,35.0,35.0,42.986,3.0,0.25,227.66667,4.85526,1190.37367,37140.0,0.48571,
PTTG1,1206.0,0.49815,13.0,13.0,14.11,1.0,0.25,200.41667,4.58991,202.00815,6730.0,0.5,
MCM3,930.0,0.36053,15.0,15.0,11.925,2.0,0.25,206.16667,4.65789,345.85055,10224.0,0.34286,
ASPM,800.0,0.49882,10.0,10.0,8.127,2.0,0.25,197.58333,4.56579,252.53418,8278.0,0.55556,
SPC25,48.0,0.58344,5.0,5.0,3.41,1.0,0.25,158.58333,4.00658,5.17772,164.0,0.9,
KIF22,48.0,0.58344,5.0,5.0,2.334,1.0,0.2,154.28333,3.91886,1.12482,16.0,0.9,
SLC5A2,4.185197029947E13,0.87386,24.0,24.0,40.432,1.0,0.25,224.41667,4.85746,23.03615,748.0,0.7029,
MYC,9.223372036854777E13,0.72235,151.0,152.0,112.22,12.0,0.33333,301.5,5.31579,5515.22036,115706.0,0.31858,
TP53,9.223372036854777E13,0.63412,208.0,209.0,124.173,10.0,0.33333,331.0,5.45395,10363.8435,202836.0,0.25451,
TRIB3,2.104201859E9,0.66469,31.0,32.0,41.219,2.0,0.25,231.66667,4.92105,312.48997,8860.0,0.45968,
IGF1,9.223372036854777E13,0.88038,127.0,127.0,110.072,3.0,0.25,286.08333,5.22149,2378.70102,57738.0,0.41495,
SERPINE1,9.223372036854777E13,0.96907,98.0,98.0,100.511,1.0,0.25,270.08333,5.13596,569.88235,18238.0,0.49485,
IGF2,9.223372036854777E13,0.93521,63.0,64.0,72.919,4.0,0.25,252.0,5.04825,2412.86125,47314.0,0.53125,
BNIP3,9.223372036854777E13,0.82212,31.0,31.0,41.652,1.0,0.25,232.16667,4.93202,120.34784,4456.0,0.60645,
SLC2A3,28230.0,0.56668,17.0,17.0,23.749,1.0,0.25,218.5,4.8114,22.52699,644.0,0.51471,
FAM168A,1.0,0.0,1.0,1.0,4.133,1.0,0.25,188.75,4.48465,0.0,0.0,0.0,
CPS1,548.0,0.37692,16.0,16.0,16.171,2.0,0.25,213.41667,4.74781,243.38607,4706.0,0.35,
ARG2,9.223372036854777E13,0.81573,37.0,37.0,52.332,1.0,0.25,236.25,4.96053,392.11685,13880.0,0.56757,
NOS3,9.223372036854777E13,1.15588,71.0,71.0,85.899,1.0,0.25,256.91667,5.08333,217.52654,9488.0,0.65272,
NOS2,9.223372036854777E13,1.06603,52.0,52.0,71.059,2.0,0.25,246.58333,5.0307,347.88939,12994.0,0.6644,
PYGL,225660.0,0.54828,21.0,21.0,26.906,1.0,0.25,222.58333,4.84868,80.65973,3528.0,0.4619,
PYGM,105110.0,0.54828,21.0,21.0,24.007,1.0,0.25,221.75,4.83772,80.87662,3342.0,0.4619,
APOB,9.223372036854777E13,0.66749,114.0,114.0,92.627,1.0,0.25,280.0,5.19737,2608.06675,61242.0,0.32526,
FABP2,4.22131038E8,0.74866,28.0,28.0,38.811,1.0,0.25,225.33333,4.85088,76.71197,3692.0,0.57143,
FABP1,9.223372036854777E13,0.69945,63.0,63.0,61.564,1.0,0.25,247.08333,4.98904,515.54786,14494.0,0.41014,
SLC25A13,7.0,0.2842,4.0,5.0,3.929,1.0,0.25,166.83333,4.15789,19.93601,254.0,0.3,
SLC25A4,166.0,0.49567,8.0,15.0,13.119,2.0,0.25,209.25,4.69956,698.73175,12838.0,0.2,
SUCLG1,96280.0,0.42775,29.0,29.0,19.755,1.0,0.25,220.41667,4.78509,614.61353,10834.0,0.32266,
CYP3A4,9.223372036854777E13,0.59698,69.0,69.0,68.817,5.0,0.25,253.75,5.04825,1801.07759,48780.0,0.34015,
GPT,9.223372036854777E13,0.76188,116.0,116.0,98.289,3.0,0.25,282.75,5.22588,2206.77399,69374.0,0.36927,
OTC,138.0,0.28717,16.0,16.0,16.62,1.0,0.2,202.86667,4.60307,144.92653,2532.0,0.26667,
NDUFS4,986.0,0.59666,9.0,9.0,4.884,1.0,0.2,178.95,4.30921,82.39729,2412.0,0.69444,
PPP1R15A,2.767152E7,0.5649,29.0,29.0,34.349,3.0,0.25,221.08333,4.79605,899.23149,17640.0,0.42611,
NDUFS2,1035.0,0.41666,14.0,15.0,4.365,2.0,0.2,177.36667,4.25658,259.07871,3156.0,0.35238,
FECH,240.0,0.27473,19.0,19.0,14.426,1.0,0.2,203.2,4.59649,215.64359,3436.0,0.23977,
NDUFA2,992.0,0.53872,10.0,10.0,3.992,1.0,0.2,170.95,4.1864,49.56529,942.0,0.6,
ETFDH,15207.0,0.45334,17.0,18.0,10.446,2.0,0.2,189.11667,4.4057,1064.07756,28142.0,0.36601,
SUOX,99.0,0.26025,16.0,19.0,9.974,2.0,0.25,195.08333,4.49123,1133.5692,25692.0,0.16959,
SLC25A24,145.0,0.61814,6.0,7.0,1.816,1.0,0.2,153.06667,3.88158,18.30775,96.0,0.61905,
SDHB,1.14301140978E11,0.3983,59.0,59.0,54.862,4.0,0.25,250.91667,5.05702,3709.97272,82040.0,0.23846,
COX15,160.0,0.33936,11.0,11.0,4.963,1.0,0.2,181.53333,4.33114,180.40152,3488.0,0.36364,
ITPR1,2965040.0,0.60515,25.0,25.0,31.238,1.0,0.25,223.66667,4.8443,56.74325,1414.0,0.48,
INS,9.223372036854777E13,0.61999,232.0,232.0,128.877,16.0,0.33333,341.83333,5.49561,11466.74622,212388.0,0.24302,
PPARA,9.223372036854777E13,0.73325,149.0,149.0,113.789,4.0,0.33333,298.5,5.28947,3361.38881,101410.0,0.32904,
ANGPTL4,9.223372036854777E13,0.83742,43.0,43.0,61.399,1.0,0.25,238.58333,4.96272,160.86351,6162.0,0.55482,
PPARD,9.223372036854777E13,0.96812,78.0,78.0,89.669,1.0,0.25,260.5,5.09868,356.47383,17312.0,0.5308,
CD36,9.223372036854777E13,0.74957,123.0,124.0,102.773,6.0,0.25,284.83333,5.21711,2182.64295,68238.0,0.35104,
CPT1A,9.223372036854777E13,0.88712,67.0,67.0,71.309,1.0,0.25,253.25,5.05263,953.05073,30228.0,0.51018,
PPARG,9.223372036854777E13,0.68554,193.0,193.0,121.151,5.0,0.33333,321.16667,5.39474,5622.23991,140670.0,0.28422,
ACADM,9.223372036854777E13,0.78577,38.0,38.0,38.695,1.0,0.25,229.33333,4.86184,377.49181,11002.0,0.54196,
ACOX1,9.223372036854777E13,0.71469,74.0,74.0,66.376,1.0,0.25,253.41667,5.02412,1258.35943,35238.0,0.39837,
FASN,9.223372036854777E13,0.70457,103.0,103.0,92.306,2.0,0.25,273.75,5.16447,2237.11292,70254.0,0.35427,
PCK1,9.223372036854777E13,0.81116,60.0,60.0,61.051,1.0,0.25,244.41667,4.96491,317.09057,10276.0,0.48305,
HADHA,1.4449982807E10,0.66047,26.0,27.0,27.213,1.0,0.25,223.58333,4.83553,629.74582,12988.0,0.47863,
FOXO1,9.223372036854777E13,0.95425,108.0,108.0,103.354,2.0,0.33333,277.0,5.1864,1193.44357,36392.0,0.47283,
SCARB1,9.223372036854777E13,0.74839,131.0,131.0,104.064,1.0,0.25,289.16667,5.24342,2468.15457,80534.0,0.34938,
ACADVL,7.761038952408E12,0.79483,34.0,34.0,38.173,1.0,0.25,227.91667,4.86184,198.06222,7184.0,0.56863,
LDHA,9.223372036854777E13,0.60233,59.0,59.0,62.954,2.0,0.33333,251.83333,5.07018,1187.76103,36240.0,0.36061,
SREBF1,9.223372036854777E13,0.75578,122.0,122.0,102.131,2.0,0.25,284.25,5.2193,2194.80589,72940.0,0.36066,
AKT1,9.223372036854777E13,0.64989,221.0,222.0,125.397,11.0,0.33333,337.5,5.48246,7665.95228,172536.0,0.25621,
PLIN2,9.223372036854777E13,0.90022,46.0,46.0,59.37,1.0,0.25,239.58333,4.96491,242.03366,8448.0,0.58357,
SLC2A1,9.223372036854777E13,0.75959,75.0,75.0,76.997,3.0,0.33333,261.66667,5.12939,1287.00073,35258.0,0.42162,
CPT2,9.223372036854777E13,0.88403,39.0,39.0,45.261,1.0,0.25,229.16667,4.85526,219.81351,7784.0,0.60459,
UCP2,9.223372036854777E13,0.98893,58.0,58.0,70.919,1.0,0.25,248.33333,5.02632,155.94941,6996.0,0.59528,
FABP4,9.223372036854777E13,0.90465,63.0,63.0,70.452,1.0,0.25,249.0,5.01316,261.97195,10938.0,0.53047,
SIRT1,9.223372036854777E13,0.86812,135.0,135.0,111.14,2.0,0.25,291.25,5.25439,1964.57951,58922.0,0.40155,
SCD,9.223372036854777E13,0.83338,73.0,73.0,73.749,3.0,0.25,253.5,5.02851,859.01077,30400.0,0.46651,
HMGCS2,9.223372036854777E13,0.85066,47.0,47.0,47.865,1.0,0.25,232.66667,4.86623,232.93615,6976.0,0.54764,
TXNIP,9.223372036854777E13,0.87832,37.0,37.0,56.248,1.0,0.25,237.58333,4.97588,71.04842,3264.0,0.61111,
KDM1A,9.223372036854777E13,0.70842,31.0,31.0,40.879,1.0,0.25,225.25,4.83991,144.24191,3362.0,0.52258,
ACACA,9.223372036854777E13,0.65045,82.0,82.0,69.142,4.0,0.25,261.25,5.09211,2346.66356,56782.0,0.3511,
PCK2,9.223372036854777E13,0.82619,45.0,45.0,53.323,1.0,0.25,238.08333,4.94956,210.27289,7276.0,0.53939,
ACACB,9.223372036854777E13,0.69961,41.0,41.0,45.369,1.0,0.25,232.08333,4.88596,460.77643,12454.0,0.47073,
SOD2,9.223372036854777E13,0.7758,95.0,95.0,91.59,2.0,0.25,271.75,5.17325,2846.04138,86958.0,0.4,
FGF21,9.223372036854777E13,0.86726,71.0,71.0,79.646,1.0,0.25,254.91667,5.05702,332.20835,12402.0,0.48974,
ABCA1,9.223372036854777E13,0.85723,67.0,67.0,73.216,1.0,0.25,251.91667,5.03509,533.00489,23110.0,0.49299,
ACAA2,1.0083068607E11,0.70711,32.0,32.0,36.83,1.0,0.25,219.66667,4.76096,198.77407,5660.0,0.51613,
GCK,9.223372036854777E13,0.70537,43.0,43.0,49.319,1.0,0.25,236.08333,4.93202,371.41929,8186.0,0.46733,
CIDEA,9.223372036854777E13,0.9124,30.0,30.0,43.698,1.0,0.25,223.91667,4.82675,103.76318,3242.0,0.68046,
FABP3,9.223372036854777E13,0.79415,37.0,37.0,42.545,1.0,0.25,228.66667,4.85965,268.52592,6486.0,0.55255,
MSMO1,4.8275148E8,0.80954,17.0,17.0,17.446,1.0,0.25,193.41667,4.47149,8.95446,218.0,0.73529,
PKLR,254844.0,0.55052,25.0,25.0,26.029,1.0,0.25,209.58333,4.65789,111.43532,2216.0,0.43667,
ABCG1,9.223372036854777E13,0.83485,47.0,47.0,55.381,1.0,0.25,239.25,4.95614,366.10103,14028.0,0.53747,
ADIPOQ,9.223372036854777E13,0.84443,117.0,117.0,106.103,1.0,0.33333,281.0,5.19956,1073.72335,35978.0,0.40819,
PLIN5,5.8232894E7,0.76764,20.0,20.0,29.712,1.0,0.25,214.58333,4.74342,30.86366,686.0,0.65789,
PLIN1,9.223372036854777E13,0.90814,47.0,47.0,57.661,1.0,0.25,239.0,4.95175,294.96907,10136.0,0.58464,
MTOR,9.223372036854777E13,0.97222,116.0,116.0,106.854,1.0,0.33333,282.0,5.21711,1376.61161,38398.0,0.47121,
PDK4,9.223372036854777E13,0.86743,46.0,46.0,48.943,1.0,0.25,235.5,4.90789,167.13862,5458.0,0.56232,
