Node,MCC,MNC,Degree,Closeness,Radiality,Rank_MCC,Rank_MNC,Rank_Degree,Rank_Closeness,Rank_Radiality,EPC_official,EPC_fixedthr_superseded,Rank_EPC_official
ABCA1,6.711930061276388e+18,67,67,251.91667,574.0,154,91,91,96,100,73.216,0.975602,102
ABCB4,187705.0,23,24,211.66667,534.25,307,261,256,305,317,24.011,0.975602,303
ABCC1,1177906.0,23,23,221.58333,550.25,294,262,262,255,251,26.119,0.975602,290
ABCC2,85025234.0,33,33,222.66667,546.5,268,214,214,247,267,31.069,0.975602,263
ABCC5,86.0,10,10,186.66667,503.25,382,359,362,403,394,7.746,0.974628,394
ABCG1,1.95381530570251e+18,47,47,239.25,565.0,160,145,146,152,157,55.381,0.975602,173
ABCG2,6.350098443203776e+17,56,56,248.16667,573.75,164,116,117,110,102,59.097,0.975602,157
ABCG8,13567339428726.0,36,39,223.16667,544.25,217,200,186,244,273,42.164,0.975602,223
ACAA2,100830686070.0,32,32,219.66667,542.75,235,219,220,262,280,36.83,0.975602,242
ACACA,1.4362326234176438e+17,82,82,261.25,580.5,169,64,64,68,72,69.142,0.975602,114
ACACB,196575678780804.0,41,41,232.08333,557.0,203,178,178,197,202,45.369,0.975602,203
ACADM,480105461107304.0,38,38,229.33333,554.25,198,191,194,211,218,38.695,0.975602,237
ACADVL,7761038952408.0,34,34,227.91667,554.25,219,209,209,221,219,38.173,0.975602,238
ACE,1.2520925115375109e+39,74,74,258.41667,580.0,51,76,76,74,75,88.05,0.975602,69
ACOT12,144.0,6,6,173.61667,386.8,371,388,398,426,430,5.61,0.966888,408
ACOX1,1.070109714744161e+17,74,74,253.41667,572.75,174,77,77,89,109,66.376,0.975602,126
ADAM10,101708743782.0,26,26,223.33333,551.25,234,242,243,242,248,37.945,0.975602,239
ADAMTSL2,2.0,2,2,161.81667,373.0,435,430,435,438,438,2.738,0.708573,442
ADAR,41291.0,17,18,214.41667,541.75,319,304,303,286,284,19.388,0.975602,323
ADIPOQ,1.8075703387779582e+39,117,117,281.0,790.3333,49,32,32,35,21,106.103,0.975602,31
AFP,4.654416843838349e+21,55,55,246.33333,571.5,135,121,121,121,116,65.357,0.975602,130
AGT,4.6853244001799415e+39,114,114,278.83333,590.75,42,37,37,39,46,103.273,0.975602,39
AGTR1,8.33393087386889e+22,46,46,240.16667,566.75,123,152,153,147,143,62.045,0.975602,147
AHR,182.0,10,10,196.16667,518.25,366,360,363,369,365,14.239,0.975602,348
AHSG,58888997985127.0,47,48,238.83333,563.75,210,146,141,155,170,58.826,0.975602,158
AIM2,21022473104640.0,23,23,210.58333,533.25,215,263,263,311,323,37.07,0.975602,241
AKAP12,18.0,5,5,191.58333,513.5,403,398,404,387,379,8.55,0.946451,385
AKR1B10,42.0,7,9,189.61667,406.2,392,381,371,395,412,10.221,0.97463,375
AKT1,1.1924398954832798e+41,221,222,337.5,833.3333,13,4,4,4,4,125.397,0.975602,4
ALAS1,26.0,10,12,202.41667,526.75,398,361,352,354,352,12.941,0.975602,360
ALB,1.1924400682798953e+41,220,220,335.66667,831.0,4,5,5,5,5,125.307,0.975602,5
ALDH2,4530.0,30,30,216.25,538.5,334,226,226,282,297,26.957,0.975602,285
ALOX15,47222088.0,21,21,221.83333,551.5,273,277,279,251,242,29.5,0.975602,272
ALOX5,1.316305075442356e+16,33,33,229.41667,556.75,185,215,215,210,204,45.324,0.975602,204
ALPP,18.0,6,6,201.5,528.25,404,389,399,357,345,11.503,0.958138,367
ANGPTL4,148693133313390.0,43,43,238.58333,565.75,206,168,168,157,153,61.399,0.975602,150
AOX1,5252.0,14,14,190.45,405.0,332,331,335,392,413,13.398,0.975602,354
AP1G1,6.0,4,4,170.08333,480.5,422,411,418,433,402,4.492,0.918357,420
APOA1,5.795683785713971e+21,86,86,262.75,580.75,132,59,59,63,70,84.351,0.975602,76
APOA5,52326511423609.0,38,39,227.5,550.5,211,192,187,223,250,44.037,0.975602,212
APOB,5.899569937535231e+22,114,114,280.0,592.5,128,38,38,37,44,92.627,0.975602,55
APOBEC3A,12.0,3,8,190.2,407.4,408,421,380,394,410,5.969,0.972696,405
APOC1,221729760.0,25,25,213.08333,535.5,262,248,249,296,311,27.983,0.975602,277
APOE,2.151308766814513e+39,138,138,292.66667,799.6667,46,23,24,25,18,110.079,0.975602,24
AR,1.3727145610229252e+35,70,70,255.75,578.25,70,84,84,81,84,81.617,0.975602,80
ARG2,2.0488236095704898e+20,37,37,236.25,565.5,142,195,196,171,155,52.332,0.975602,187
ASPM,800.0,10,10,197.58333,520.5,353,362,364,365,361,8.127,0.972698,390
ATF3,6.943084275455721e+28,56,56,245.08333,569.0,97,117,118,124,131,67.497,0.975602,121
ATF4,3.122744864504342e+19,46,46,241.83333,569.25,148,153,154,138,127,57.992,0.975602,165
ATF6,3.6255646363804476e+25,48,48,243.75,571.0,110,141,142,132,119,64.019,0.975602,134
ATG7,2.539671543105769e+27,50,50,245.41667,572.75,102,137,137,123,110,68.521,0.975602,117
ATP1A1,18.0,7,7,193.08333,514.75,405,382,388,380,374,8.997,0.971716,383
ATP1A2,17.0,6,7,193.08333,514.5,406,390,389,381,376,8.014,0.973665,392
AVPR1A,10.0,5,5,191.41667,513.25,411,399,405,389,381,8.232,0.933893,389
B2M,1.6530731547951248e+26,64,65,253.5,577.25,108,95,95,87,87,77.962,0.975602,88
BATF3,4044600.0,18,18,210.75,536.0,288,302,304,309,308,26.955,0.975602,286
BAX,4.2009818921083535e+26,44,44,238.58333,565.25,105,164,164,158,156,64.015,0.975602,135
BCL2,1.1924400618443978e+41,159,160,305.33333,810.3333,12,10,10,10,10,117.017,0.975602,14
BCL2A1,2.709789082640643e+16,29,29,229.83333,559.5,179,233,234,206,191,45.305,0.975602,205
BGLAP,1.1781840723471686e+20,44,44,237.91667,564.25,145,165,165,161,165,60.84,0.975602,153
BIRC5,1.2804886945025995e+17,35,35,227.66667,553.5,172,205,205,222,225,42.986,0.975602,218
BLVRB,852.0,12,12,187.36667,402.6,351,348,353,402,416,7.091,0.974628,399
BNIP3,6760963411863284.0,31,31,232.16667,562.25,190,223,224,196,174,41.652,0.975602,226
BTN3A1,9.0,4,5,177.03333,392.6,415,412,406,421,423,7.749,0.944512,393
C3,2.0254481849759277e+19,49,49,237.91667,561.5,150,139,139,162,178,65.231,0.975602,132
CA12,125.0,7,8,202.5,528.0,376,383,381,351,348,11.572,0.968805,366
CADM1,280698611784.0,22,22,222.83333,552.5,228,273,274,246,233,39.59,0.975602,234
CASP1,4.4969096283923425e+37,100,100,272.08333,587.75,61,49,49,50,54,100.082,0.975602,46
CASP3,1.1924400682455573e+41,158,158,303.16667,807.3333,6,11,11,13,14,117.584,0.975602,11
CASP6,166970168.0,19,19,215.58333,543.25,265,292,293,284,278,29.787,0.975602,268
CASP9,4.880752300910424e+40,80,80,261.41667,581.75,38,67,67,67,67,89.766,0.975602,64
CAT,246.0,11,11,194.5,514.75,361,352,354,373,375,10.507,0.975602,372
CBR1,3368.0,15,15,213.16667,541.5,335,324,327,294,285,20.443,0.975602,314
CBS,94026372706.0,39,39,239.58333,569.5,236,184,188,150,126,43.396,0.975602,216
CCL2,1.1921837191547641e+41,153,153,300.5,603.75,15,14,14,15,29,115.711,0.975602,15
CCL20,4.4595952756571193e+24,50,50,237.08333,560.0,115,138,138,167,188,67.553,0.975602,120
CCL5,5.851601535501088e+37,89,89,264.83333,582.25,58,58,58,59,65,89.374,0.975602,66
CCR2,6.238932341357413e+32,59,59,246.08333,569.0,79,107,108,122,132,73.277,0.975602,101
CD14,737520.0,14,14,209.58333,536.25,297,332,336,315,307,25.433,0.975602,295
CD163,2.6748072112262615e+30,56,56,244.58333,568.25,88,118,119,126,138,73.748,0.975602,100
CD36,1.7691114554363817e+37,123,124,284.83333,594.75,63,29,29,30,42,102.773,0.975602,41
CDC25B,363864.0,13,13,206.83333,532.75,304,339,342,333,324,19.902,0.975602,317
CDH1,4.75286719261992e+40,104,104,274.5,786.0,39,45,45,45,24,95.507,0.975602,50
CDKAL1,27.0,6,9,202.5,528.0,396,391,372,352,349,10.511,0.972698,371
CDKN1A,2.5356690289837673e+39,81,81,260.91667,580.25,44,65,65,69,74,91.633,0.975602,59
CDKN2A,2.524191944432027e+39,78,78,260.83333,776.0,45,71,71,71,26,88.905,0.975602,67
CEBPA,8.174977769786146e+29,80,80,263.08333,584.25,94,68,68,61,61,87.367,0.975602,70
CES1,368160.0,11,11,205.58333,531.5,303,353,355,335,331,14.318,0.975602,347
CETP,2002865554741200.0,40,40,231.75,556.75,191,180,181,198,205,48.698,0.975602,194
CFB,87872400.0,17,17,209.5,534.5,266,305,308,318,316,27.394,0.975602,279
CIDEA,130097988524174.0,30,30,223.91667,550.25,207,227,227,236,252,43.698,0.975602,213
CIDEC,29153910252.0,24,24,216.16667,541.0,239,256,257,283,289,34.283,0.975602,249
CIT,6.0,4,4,152.73333,355.4,423,413,419,448,449,2.305,0.924138,447
CKAP4,7.0,3,6,200.08333,526.0,419,422,400,359,354,10.155,0.955236,376
CLU,6.458957515782741e+22,61,62,249.75,573.0,126,103,102,104,107,75.753,0.975602,94
CNR1,40644902.0,17,17,219.5,550.0,277,306,309,263,253,25.271,0.975602,296
CNR2,13.0,4,5,173.4,386.2,407,414,407,427,431,4.733,0.945554,416
COL18A1,193240953366.0,28,30,223.75,549.75,230,237,228,239,255,45.241,0.975602,207
COX15,160.0,11,11,181.53333,395.0,368,354,356,408,419,4.963,0.974615,411
CPS1,548.0,16,16,213.41667,541.25,355,315,320,293,287,16.171,0.975602,338
CPT1A,5.707371568912831e+18,67,67,253.25,576.0,156,92,92,92,92,71.309,0.975602,108
CPT2,1378578502020126.0,39,39,229.16667,553.5,193,185,189,212,226,45.261,0.975602,206
CROT,15120.0,10,10,192.58333,512.25,325,363,365,382,382,15.371,0.975602,342
CRP,1.2369805155133895e+39,109,109,276.58333,589.75,52,41,41,42,49,102.436,0.975602,42
CTCFL,12.0,6,6,188.41667,508.0,409,392,401,400,389,8.292,0.959031,387
CTNNB1,1.179439214629705e+41,140,140,294.83333,802.6667,19,22,22,20,16,109.309,0.975602,27
CTSB,1.338627996844988e+27,59,60,247.58333,570.75,103,108,105,112,120,72.955,0.975602,103
CTSD,1.7785250533538642e+16,40,40,236.75,564.5,182,181,182,168,161,54.201,0.975602,178
CX3CR1,1.465391062813475e+24,42,42,232.33333,556.75,118,176,176,194,206,62.379,0.975602,146
CXCL1,4.838922857074283e+37,77,77,258.08333,578.0,60,73,73,76,85,91.205,0.975602,62
CXCL10,1.8921912573335947e+37,92,92,266.08333,582.5,62,54,54,57,64,91.704,0.975602,58
CXCL5,4.825590772492933e+21,39,39,229.08333,553.25,134,186,190,213,228,52.54,0.975602,185
CXCL9,3.3005939812085767e+25,53,53,235.41667,555.75,111,129,130,180,213,62.994,0.975602,140
CXCR2,2.700987041245861e+24,48,48,234.75,557.5,117,142,143,182,201,63.35,0.975602,138
CYP17A1,516882.0,26,26,224.0,552.25,298,243,244,235,235,30.922,0.975602,264
CYP1A1,2.25067803027466e+21,54,55,248.08333,574.0,137,126,122,111,101,61.715,0.975602,148
CYP1A2,183601470.0,43,43,237.91667,564.75,263,169,169,163,160,46.423,0.975602,202
CYP24A1,1060.0,13,13,208.5,535.25,344,340,343,323,312,13.874,0.975602,351
CYP27A1,26554224481842.0,48,48,235.66667,558.5,214,143,144,177,195,49.786,0.975602,189
CYP27B1,112591708464.0,32,32,231.33333,560.25,233,220,221,200,187,42.602,0.975602,220
CYP2C19,51786066.0,29,29,217.91667,541.25,272,234,235,271,288,29.368,0.975602,274
CYP2E1,6.63188537297377e+22,68,68,254.75,577.75,125,88,88,84,86,66.539,0.975602,125
CYP2R1,228.0,9,9,179.2,392.6,364,368,373,412,424,8.127,0.972683,391
CYP3A4,740211130421748.0,69,69,253.75,575.5,196,86,86,86,94,68.817,0.975602,115
CYP4A11,107652.0,24,24,212.25,535.25,310,257,258,303,313,24.567,0.975602,300
CYP7A1,1.9985014893231734e+18,70,70,252.25,572.75,159,85,85,94,111,68.692,0.975602,116
DARS1,1.0,1,1,136.85,270.3333,449,440,449,454,455,1.31,0.493326,455
DDB2,26.0,5,5,191.5,513.5,399,400,408,388,380,9.518,0.95228,380
DDIT3,8.155856003839543e+23,45,45,241.58333,569.25,119,161,161,141,128,62.508,0.975602,145
DGAT1,5.943611294934924e+16,53,54,236.16667,556.5,175,130,127,173,208,54.735,0.975602,177
DHCR24,488964254.0,25,25,221.0,548.25,259,249,250,259,259,27.813,0.975602,278
DHODH,12.0,4,8,177.66667,490.75,410,415,382,418,400,4.841,0.971726,415
DIO1,3.0,2,3,175.03333,390.2,431,431,426,423,426,5.815,0.860954,407
DNM1L,1309175081101440.0,26,26,226.91667,556.75,194,244,245,227,207,44.604,0.975602,210
DNMT3A,799389045114524.0,33,33,228.91667,556.5,195,216,216,216,209,42.142,0.975602,224
DUSP1,2.968395904695126e+22,34,34,229.0,555.75,130,210,210,214,214,54.019,0.975602,180
EFEMP1,20.0,7,7,194.41667,516.75,402,384,390,374,368,8.307,0.964926,386
EGFR,1.1720246871847962e+41,176,176,313.5,816.0,22,9,9,9,9,117.056,0.975602,13
EGR1,1.0448693258003044e+37,72,72,257.33333,579.5,66,79,79,77,77,81.502,0.975602,81
EIF5,10.0,5,5,177.83333,492.0,412,401,409,416,398,4.379,0.94837,422
ELANE,2.369680039240272e+21,40,40,228.33333,551.5,136,182,183,220,243,54.918,0.975602,174
ELF3,912.0,11,11,199.25,522.25,349,355,357,362,357,18.103,0.975602,329
ENG,1.6247897676759445e+25,46,46,240.16667,566.5,114,154,155,148,144,63.648,0.975602,137
ENO3,1088.0,19,19,200.0,519.25,343,293,294,360,363,13.797,0.975602,353
EPCAM,5.889665082438487e+19,37,37,233.66667,561.25,147,196,197,187,181,54.806,0.975602,176
EPHA2,262108657836.0,34,34,230.33333,558.0,229,211,211,205,199,43.191,0.975602,217
ERBB3,5.110561703406996e+18,43,43,237.58333,564.5,157,170,170,164,162,58.293,0.975602,163
ERN1,2.0247146246619464e+22,43,43,238.91667,566.25,131,171,171,154,145,60.378,0.975602,155
ESR1,1.1916231280902166e+41,138,138,292.75,599.75,16,24,25,24,35,109.574,0.975602,26
ETFDH,15207.0,17,18,189.11667,401.8,324,307,305,396,417,10.446,0.975602,373
ETHE1,27.0,5,8,192.33333,513.75,397,402,383,383,378,6.707,0.969751,403
FABP1,1.6981558650568806e+16,63,63,247.08333,568.75,183,97,98,115,136,61.564,0.975602,149
FABP2,422131038.0,28,28,225.33333,553.0,261,238,238,231,229,38.811,0.975602,236
FABP3,266456174758058.0,37,37,228.66667,554.0,202,197,198,218,221,42.545,0.975602,221
FABP4,6.270617341233292e+18,63,63,249.0,571.5,155,98,99,106,117,70.452,0.975602,112
FABP6,13860.0,17,17,207.33333,531.0,326,308,310,329,334,17.859,0.975602,331
FADS1,7338248.0,15,15,207.58333,532.5,286,325,328,328,326,19.154,0.975602,324
FADS2,6227101450.0,17,17,211.16667,537.0,248,309,311,307,304,21.836,0.975602,311
FAM168A,1.0,1,1,188.75,511.25,450,441,450,399,384,4.133,0.52067,426
FAS,7.287765547116309e+23,46,46,236.08333,560.5,120,155,156,175,186,62.991,0.975602,141
FASN,7.844406582783215e+20,103,103,273.75,588.75,139,47,47,46,52,92.306,0.975602,56
FBXO2,2.0,1,2,162.98333,374.0,436,442,436,436,437,4.073,0.719109,427
FBXW7,1.6767843750524688e+17,36,37,234.08333,562.0,167,201,199,185,176,48.957,0.975602,192
FECH,240.0,19,19,203.2,419.2,363,294,295,348,407,14.426,0.975602,345
FFAR1,336.0,10,10,204.25,529.5,359,364,366,340,339,16.269,0.973678,337
FGF21,5.102401966207954e+21,71,71,254.91667,576.5,133,81,81,83,88,79.646,0.975602,85
FGF23,18533229522.0,35,35,231.08333,558.25,242,206,206,202,196,47.928,0.975602,198
FGFR4,473272144620.0,30,30,229.58333,558.75,226,228,229,208,194,47.145,0.975602,200
FILIP1L,1.0,1,1,144.8,343.2,451,443,451,453,453,1.931,0.486661,450
FMO1,2.0,2,2,161.26667,371.4,437,432,437,440,442,3.421,0.71726,435
FOS,1.1734376468661917e+41,122,122,285.0,596.0,21,30,30,29,38,105.033,0.975602,33
FOXO1,3.272324965285085e+39,108,108,277.0,788.3333,43,42,42,41,23,103.354,0.975602,37
FTH1,142562.0,25,25,221.66667,549.5,308,250,251,253,256,29.0,0.975602,275
GATAD2A,5046.0,8,8,204.08333,531.25,333,377,384,343,332,12.308,0.97367,362
GC,34204591212.0,35,35,229.66667,556.25,238,207,207,207,211,43.617,0.975602,214
GCK,402309443267006.0,43,43,236.08333,562.25,199,172,172,176,175,49.319,0.975602,191
GDF15,172986505159248.0,42,42,236.75,563.5,205,177,177,169,171,56.57,0.975602,168
GFPT1,132.0,8,8,201.66667,527.25,375,378,385,355,350,8.263,0.969753,388
GFPT2,8.0,4,4,193.91667,517.25,417,416,420,377,366,3.415,0.911405,436
GJA1,1.5746303331402946e+23,40,41,237.16667,564.5,122,183,179,166,163,58.787,0.975602,159
GLO1,249.0,16,17,197.16667,516.0,360,316,312,366,369,13.333,0.975602,355
GPAT3,43666560.0,14,14,204.25,528.25,276,333,337,341,346,21.238,0.974628,313
GPBAR1,10187068.0,21,23,223.25,552.5,283,278,264,243,234,29.772,0.975602,269
GPC3,8140320.0,23,23,222.58333,551.75,284,264,265,248,240,33.275,0.975602,254
GPR35,2.0,1,2,152.08333,357.2,438,444,438,450,448,2.073,0.746306,449
GPR55,1501.0,9,10,204.08333,529.75,339,369,367,344,338,14.37,0.974639,346
GPT,1.862040720238728e+39,116,116,282.75,595.75,48,33,33,32,39,98.289,0.975602,48
GPT2,1.2995583564961946e+17,45,45,241.41667,569.25,171,162,162,143,129,58.154,0.975602,164
GPX3,1.0115982071512724e+39,84,85,265.08333,584.75,53,61,61,58,59,92.727,0.975602,54
GPX4,1.1194017547785065e+20,46,46,242.08333,569.75,146,156,157,137,124,56.126,0.975602,171
GSDME,132480.0,13,13,209.41667,536.75,309,341,344,319,305,24.347,0.975602,302
GSK3B,1.394339208275005e+39,111,111,278.83333,790.0,50,40,40,40,22,106.31,0.975602,30
GSR,7.199200476773368e+22,56,56,249.58333,576.0,124,119,120,105,93,65.424,0.975602,128
GSTA1,1336476.0,20,20,203.61667,419.2,293,284,285,347,408,23.269,0.975602,306
GSTM1,16936800.0,23,23,223.91667,554.0,280,265,266,237,222,33.82,0.975602,252
GSTP1,86350706049630.0,43,43,238.58333,566.0,209,173,173,159,148,51.98,0.975602,188
GTF2I,78.0,7,7,196.75,520.75,384,385,391,367,359,12.691,0.966849,361
H1-0,15900.0,13,13,211.16667,539.25,323,342,345,308,296,20.039,0.975602,316
HACD2,6.0,3,3,165.78333,377.0,424,423,427,435,436,3.848,0.850278,430
HADHA,14449982807.0,26,27,223.58333,551.25,243,245,241,241,249,27.213,0.975602,283
HBEGF,1.1292888257462806e+28,53,53,244.16667,569.0,101,131,131,129,133,67.34,0.975602,123
HCFC1,144.0,9,9,202.5,528.25,372,370,374,353,347,13.944,0.974624,350
HCK,1549200.0,21,21,216.33333,543.25,291,279,280,280,279,30.032,0.975602,267
HDAC2,2.5278792734193508e+30,54,54,244.91667,569.75,89,127,128,125,125,68.146,0.975602,118
HDAC8,2400.0,9,9,201.58333,526.75,337,371,375,356,353,13.286,0.973663,357
HDC,4.0,2,4,194.66667,518.5,427,433,421,372,364,7.738,0.923142,395
HMGA1,8810.0,16,16,217.33333,547.5,329,317,321,275,262,25.889,0.975602,292
HMGB1,5.243569679447683e+37,75,75,258.33333,579.5,59,74,74,75,78,84.742,0.975602,73
HMGCR,1.8001030473818552e+31,92,92,267.83333,585.25,86,55,55,54,58,90.184,0.975602,63
HMGCS2,4.408213201855171e+16,47,47,232.66667,554.75,176,147,147,191,216,47.865,0.975602,199
HMOX1,7.171527157702722e+40,112,112,280.08333,593.75,34,39,39,36,43,105.955,0.975602,32
HNF1A,2841938359464.0,47,47,241.66667,568.25,221,148,148,139,139,58.366,0.975602,162
HNF4A,3.1862124602554364e+32,79,79,262.41667,583.75,81,70,70,64,63,80.094,0.975602,83
HP,1.7892330476098623e+19,53,53,242.33333,566.25,152,132,132,135,146,63.741,0.975602,136
HSD11B1,810984.0,23,23,223.08333,552.25,296,266,267,245,236,32.031,0.975602,258
HSD17B13,72.0,6,6,188.86667,406.4,386,393,402,398,411,11.791,0.953322,365
HSPA5,2.8323998280294205e+36,97,97,272.58333,590.0,68,51,51,49,48,94.054,0.975602,52
HSPA8,1.6831990846796458e+25,67,67,255.41667,579.25,113,93,93,82,80,71.429,0.975602,107
HSPB1,6.9705324226540445e+25,47,47,243.0,570.5,109,149,149,134,121,65.385,0.975602,129
HTR2B,24.0,4,4,194.08333,517.0,400,417,422,376,367,8.819,0.907663,384
IER3,6789888365.0,21,22,216.33333,542.75,247,280,275,281,281,33.714,0.975602,253
IFI6,443748.0,16,16,205.33333,528.5,302,318,322,337,342,17.146,0.975602,333
IFIT2,4870657440.0,23,23,208.33333,530.0,249,267,268,326,337,31.313,0.975602,260
IFIT3,7664832846.0,24,24,211.91667,535.0,245,258,259,304,315,32.178,0.975602,256
IGF1,7.717189871875154e+39,127,127,286.08333,595.25,41,28,28,28,40,110.072,0.975602,25
IGF1R,1.697595716483339e+37,81,81,260.91667,580.5,65,66,66,70,73,88.47,0.975602,68
IGF2,1.2561060184843241e+30,63,64,252.0,575.5,93,99,96,95,95,72.919,0.975602,104
IGFBP1,49060734917040.0,34,34,232.33333,561.0,212,212,212,195,182,55.746,0.975602,172
IGFBP2,2897587148404.0,30,30,231.0,561.0,220,229,230,203,183,48.127,0.975602,197
IGFBP3,1.295399640911411e+28,59,59,246.75,570.25,100,109,109,118,123,76.549,0.975602,92
IL10,1.1669648665619285e+41,143,143,294.5,800.0,25,20,20,22,17,114.156,0.975602,19
IL1A,1.1595745002056028e+41,115,115,279.33333,591.0,27,36,36,38,45,106.516,0.975602,29
IL1B,1.192440068250085e+41,211,211,330.5,826.6667,5,6,6,7,7,126.815,0.975602,3
IL1RL1,1451526.0,13,13,204.16667,528.5,292,343,346,342,343,22.83,0.975602,308
IL24,85357440.0,19,19,212.5,538.5,267,295,296,302,298,32.153,0.975602,257
IL32,559923966.0,18,18,208.41667,532.5,257,303,306,325,327,22.535,0.975602,310
IL4,7.039949989334037e+40,104,104,273.58333,587.75,35,46,46,47,55,101.633,0.975602,44
IL6,1.1924400682805978e+41,229,229,340.16667,834.0,2,3,3,3,3,127.338,0.975602,2
IL6R,5.635832263493829e+22,38,38,229.5,554.5,129,193,195,209,217,56.307,0.975602,169
IL6ST,644163865.0,25,26,218.58333,544.0,256,251,246,269,274,37.457,0.975602,240
INPPL1,6364.0,13,13,209.83333,537.25,331,344,347,314,302,18.367,0.974621,326
INS,1.1924400677908798e+41,232,232,341.83333,835.3333,10,1,1,1,2,128.877,0.975602,1
INSR,518372840681473.0,46,47,243.83333,762.6667,197,157,150,131,28,58.461,0.975602,161
ITGB2,6.050748979533015e+22,53,53,240.91667,564.25,127,133,133,145,166,69.179,0.975602,113
ITPR1,2965040.0,25,25,223.66667,552.25,290,252,252,240,237,31.238,0.975602,261
JAK1,1.72796373470083e+34,66,67,250.41667,571.5,72,94,94,102,118,79.698,0.975602,84
JAK2,9.382206736799692e+40,93,93,267.33333,584.0,33,53,53,55,62,99.282,0.975602,47
JUN,1.192440068216421e+41,157,157,304.16667,810.0,7,13,13,11,11,118.977,0.975602,9
KDM1A,104652269621502.0,31,31,225.25,551.75,208,224,225,232,241,40.879,0.975602,232
KIF22,48.0,5,5,154.28333,357.4,389,403,410,445,447,2.334,0.947532,446
KLF11,120.0,5,5,196.75,520.75,379,404,411,368,360,9.462,0.943595,381
KLF4,4.573357170147886e+33,58,58,247.58333,571.75,77,112,113,113,115,77.243,0.975602,89
KLF5,370841995488.0,25,25,225.58333,555.25,227,253,253,230,215,41.505,0.975602,227
KRT18,2.4971386200893642e+17,36,36,236.5,566.0,166,202,202,170,149,53.815,0.975602,181
KRT7,1967219310.0,23,23,224.16667,554.0,252,268,269,234,223,32.829,0.975602,255
LAMC2,30.0,5,5,185.91667,504.25,395,405,412,406,393,9.273,0.949392,382
LAP3,122.0,5,7,174.65,387.2,377,406,392,424,429,7.422,0.964906,397
LCN2,6.779950094148788e+29,62,63,249.83333,572.5,95,101,100,103,113,78.578,0.975602,87
LDHA,1.224027073695802e+17,59,59,251.83333,770.6667,173,110,110,97,27,62.954,0.975602,142
LDLR,3992725.0,19,20,214.41667,540.75,289,296,286,287,290,25.576,0.975602,294
LEPR,4.7746259823054376e+20,48,48,241.66667,568.0,140,144,145,140,140,67.747,0.975602,119
LGALS3,9.479786341351072e+32,69,69,252.83333,574.25,78,87,87,93,98,82.36,0.975602,79
LGALS3BP,2316.0,15,15,212.75,540.5,338,326,329,300,292,22.569,0.975602,309
LIF,4.188310396795001e+26,41,41,236.16667,563.0,106,179,180,174,172,65.342,0.975602,131
LIPC,1938012190245528.0,44,44,230.5,552.75,192,166,166,204,230,54.095,0.975602,179
LIPG,44354328.0,19,19,213.83333,540.0,275,297,297,291,293,27.389,0.975602,280
LOX,1.3402601506468834e+38,71,71,256.58333,578.75,56,82,82,80,81,84.566,0.975602,74
LPAR1,106561.0,13,14,216.75,547.25,311,345,338,276,263,24.503,0.975602,301
MAFF,606.0,10,10,194.33333,515.25,354,365,368,375,371,13.799,0.972676,352
MAP1LC3B,2.3896971764628165e+28,55,55,247.0,572.5,99,122,123,116,114,71.748,0.975602,106
MAP3K14,81480.0,11,11,207.08333,534.25,314,356,358,330,318,19.711,0.975602,320
MAP3K8,20929978541520.0,20,20,217.91667,546.0,216,285,287,272,268,39.297,0.975602,235
MAPK3,1.1784124596637543e+41,158,158,303.66667,808.3333,20,12,12,12,12,117.108,0.975602,12
MAPK8,1.155468677324025e+41,83,83,261.91667,580.75,28,63,63,65,71,93.025,0.975602,53
MARC2,1.0,1,1,134.4,318.6,452,445,452,455,454,1.163,0.493335,456
MARVELD3,6.0,3,3,170.66667,481.0,425,424,428,431,401,4.873,0.849309,413
MAT2A,144.0,14,14,212.58333,541.5,373,334,339,301,286,18.808,0.975602,325
MB,1519923695254.0,34,34,232.5,561.0,224,213,213,192,184,42.98,0.975602,219
MC4R,10230.0,11,11,207.08333,534.25,328,357,359,331,319,18.091,0.975602,330
MCM3,930.0,15,15,206.16667,531.0,348,327,330,334,335,11.925,0.975602,364
ME1,69072.0,22,22,210.66667,534.25,315,274,276,310,320,27.289,0.975602,281
MERTK,24915340800.0,16,16,212.83333,540.0,241,319,323,299,294,29.684,0.975602,271
MFAP4,8.0,5,5,177.7,392.6,418,407,413,417,425,7.312,0.924245,398
MFN2,2.477931463809733e+16,36,36,235.66667,565.0,181,203,203,178,158,46.508,0.975602,201
MIF,3.1540008016462707e+24,37,37,232.83333,560.0,116,198,200,189,189,58.556,0.975602,160
MMP1,3.775919682708258e+36,63,63,250.83333,574.25,67,100,101,99,99,82.516,0.975602,78
MMP2,5.881964856959657e+40,106,106,275.25,589.5,37,43,43,44,51,104.995,0.975602,34
MMP9,1.1924400679568347e+41,142,142,294.75,600.75,9,21,21,21,34,114.423,0.975602,17
MSMO1,482751480.0,17,17,193.41667,509.75,260,310,313,379,386,17.446,0.975602,332
MTHFD2,382.0,17,17,204.58333,527.25,357,311,314,339,351,12.213,0.975602,363
MTOR,1.1836317189215556e+41,116,116,282.0,793.0,18,34,34,34,20,106.854,0.975602,28
MTTP,8920737077293682.0,43,43,232.41667,556.0,188,174,174,193,212,48.327,0.975602,196
MX2,1039011248.0,21,21,209.58333,532.75,254,281,281,316,325,22.989,0.975602,307
MYC,1.1453227356094088e+41,151,152,301.5,808.0,30,15,15,14,13,112.22,0.975602,21
NCSTN,114.0,9,9,204.91667,532.0,380,372,376,338,328,13.321,0.972698,356
NDUFA2,992.0,10,10,170.95,381.8,346,366,369,430,435,3.992,0.974637,428
NDUFB10,853.0,9,10,171.2,382.2,350,373,370,429,434,3.108,0.975602,439
NDUFS2,1035.0,14,15,177.36667,388.2,345,335,331,419,428,4.365,0.975602,423
NDUFS4,986.0,9,9,178.95,393.0,347,374,377,415,422,4.884,0.971707,412
NFE2L2,5.917741853168803e+40,105,105,275.75,590.75,36,44,44,43,47,103.346,0.975602,38
NFIL3,512.0,11,11,198.66667,521.5,356,358,360,364,358,15.322,0.975602,343
NFKB1,1.1924400643551785e+41,146,146,297.58333,603.0,11,17,17,17,30,117.681,0.975602,10
NFKBIA,1.1026473279506145e+41,102,102,273.25,588.25,31,48,48,48,53,103.667,0.975602,36
NFS1,52.0,14,16,189.03333,403.0,388,336,324,397,415,9.795,0.975602,378
NLRP3,7.566907774629753e+33,68,68,253.33333,575.5,76,89,89,91,96,85.229,0.975602,72
NOL3,1.0,1,1,186.58333,508.0,453,446,453,404,390,3.564,0.470133,433
NOS2,8.268604992574635e+33,52,52,246.58333,573.5,75,134,134,119,103,71.059,0.975602,110
NOS3,2.0413533235681537e+39,71,71,256.91667,579.5,47,83,83,78,79,85.899,0.975602,71
NOX4,1.7839689007030145e+34,62,62,253.41667,578.75,71,102,103,90,82,84.205,0.975602,77
NPC1L1,188678731382046.0,28,28,221.41667,547.0,204,239,239,257,264,34.043,0.975602,250
NQO1,1.321338238057043e+30,58,59,250.75,576.25,92,113,111,100,91,75.007,0.975602,97
NR1H2,1267344792.0,23,23,213.66667,537.5,253,269,270,292,300,29.451,0.975602,273
NR1H3,1.0798735206071363e+18,49,49,240.66667,566.0,162,140,140,146,150,60.467,0.975602,154
NR1H4,2.6535307804990734e+19,80,80,260.08333,579.75,149,69,69,73,76,84.461,0.975602,75
NR1I2,1076450911080.0,52,52,243.91667,569.25,225,135,135,130,130,52.433,0.975602,186
NR1I3,21905544.0,23,23,217.5,544.0,279,270,271,274,275,25.176,0.975602,297
NRG1,4436209.0,16,17,216.75,546.0,287,320,315,277,269,24.837,0.975602,299
OAS1,7911671160.0,25,25,212.91667,535.75,244,254,254,297,309,33.923,0.975602,251
OAS2,7349529750.0,27,27,220.83333,547.0,246,240,242,260,265,36.149,0.975602,244
OCIAD2,1.0,1,1,131.41667,259.0,454,447,454,456,456,1.346,0.499059,454
OSGIN1,2.0,1,2,161.11667,372.4,439,448,439,441,439,3.629,0.729869,432
OTC,138.0,16,16,202.86667,419.8,374,321,325,349,406,16.62,0.975602,336
P2RY2,1470.0,9,9,203.66667,529.5,340,375,378,346,340,16.928,0.973672,334
P3H1,2.0,2,2,153.21667,357.8,440,434,440,446,446,2.71,0.743438,443
P4HA1,47.0,14,17,205.58333,528.5,391,337,316,336,344,16.134,0.975602,339
PADI4,21014.0,12,14,210.16667,537.5,321,349,340,312,301,19.595,0.975602,322
PARP1,1.7144261492765623e+37,92,92,269.0,587.0,64,56,56,53,56,91.97,0.975602,57
PCK1,3.193560842253891e+16,60,60,244.41667,566.0,178,105,106,127,151,61.051,0.975602,151
PCK2,1.5032583731752876e+16,45,45,238.08333,564.25,184,163,163,160,167,53.323,0.975602,183
PCSK9,2.479957830130644e+16,51,51,243.41667,569.0,180,136,136,133,134,66.565,0.975602,124
PDE4A,246.0,7,7,203.75,531.25,362,386,393,345,333,14.972,0.962011,344
PDGFB,1.635244720738292e+20,39,40,234.75,561.5,143,187,184,183,179,61.012,0.975602,152
PDGFRB,3.915786071975992e+32,64,64,250.5,573.25,80,96,97,101,104,78.602,0.975602,86
PDK4,4.23684451485153e+16,46,46,235.5,559.5,177,158,158,179,192,48.943,0.975602,193
PEG10,2.0,1,2,159.81667,369.8,441,449,441,442,443,2.668,0.480501,444
PHLDA1,2.0,2,2,145.3,343.4,442,435,442,452,452,2.102,0.679584,448
PIM1,841.0,7,8,202.58333,529.0,352,387,386,350,341,13.149,0.971722,358
PIM3,1.0,1,1,176.58333,492.25,455,450,455,422,397,2.668,0.456363,445
PKLR,254844.0,25,25,209.58333,531.0,305,255,255,317,336,26.029,0.975602,291
PLA2G12B,2470.0,15,15,207.0,531.75,336,328,332,332,330,18.364,0.975602,327
PLIN1,1.6273860604622264e+18,47,47,239.0,564.5,161,150,151,153,164,57.661,0.975602,166
PLIN2,5.574804749211658e+17,46,46,239.58333,566.0,165,159,159,151,152,59.37,0.975602,156
PLIN5,58232894.0,20,20,214.58333,540.75,271,286,288,285,291,29.712,0.975602,270
PNPLA3,178606724784.0,33,33,226.08333,552.0,231,217,217,229,238,41.2,0.975602,231
PNPT1,10.0,5,7,179.11667,394.0,413,408,394,413,421,3.49,0.967832,434
PPARA,2.535000015883958e+40,149,149,298.5,804.0,40,16,16,16,15,113.789,0.975602,20
PPARD,1.9037014125661675e+31,78,78,260.5,581.25,85,72,72,72,68,89.669,0.975602,65
PPARG,1.1924021354188956e+41,193,193,321.16667,820.0,14,8,8,8,8,121.151,0.975602,8
PPP1R15A,27671520.0,29,29,221.08333,546.75,278,235,236,258,266,34.349,0.975602,248
PRDX6,42260.0,19,19,208.7,426.0,318,298,298,322,405,19.856,0.975602,318
PRKCA,9.446661557535532e+28,60,60,248.91667,572.75,96,106,107,107,112,75.411,0.975602,95
PRKCD,1.3774004396010091e+17,39,39,234.75,562.0,170,188,191,184,177,52.886,0.975602,184
PRKCE,187.0,12,13,208.5,535.25,365,350,348,324,314,15.717,0.975602,341
PRMT5,17550.0,15,17,214.25,542.25,322,329,317,288,283,19.601,0.975602,321
PSMD2,7384808.0,19,19,218.75,548.0,285,299,299,268,261,25.822,0.975602,293
PTEN,1.1716738187526124e+41,116,116,282.16667,793.3333,23,35,35,33,19,103.211,0.975602,40
PTGER2,1.0,1,1,173.95,390.0,456,451,456,425,427,3.678,0.490182,431
PTGS2,1.1597168186122477e+41,138,139,294.08333,601.25,26,25,23,23,33,110.831,0.975602,23
PTK2,1.5466538287710857e+30,47,47,240.16667,566.25,91,151,152,149,147,64.743,0.975602,133
PTPN1,1.3090425199384585e+21,39,39,236.25,564.25,138,189,192,172,168,53.324,0.975602,182
PTTG1,1206.0,13,13,200.41667,523.25,342,346,349,358,356,14.11,0.975602,349
PVR,24.0,4,4,192.33333,515.0,401,418,423,384,373,9.771,0.909595,379
PYGL,225660.0,21,21,222.58333,552.75,306,282,282,249,231,26.906,0.975602,287
PYGM,105110.0,21,21,221.75,551.5,312,283,283,252,244,24.007,0.975602,304
RAB27A,4.0,3,3,198.91667,525.5,428,425,429,363,355,5.943,0.830976,406
RAC1,701094254.0,22,22,217.66667,544.5,255,275,277,273,272,36.165,0.975602,243
RACK1,2836905582639.0,38,39,232.75,559.0,222,194,193,190,193,49.465,0.975602,190
RARRES2,4390853064.0,19,19,216.41667,544.0,250,300,300,278,276,34.409,0.975602,247
RBBP7,46856.0,15,15,210.0,536.75,317,330,333,313,306,16.077,0.975602,340
RBP4,8127732312006.0,32,32,227.0,553.5,218,221,222,226,227,44.291,0.975602,211
RELA,1.101441246499937e+41,91,91,267.08333,584.75,32,57,57,56,60,94.989,0.975602,51
RET,1750272220082.0,24,24,227.25,558.25,223,259,260,225,197,41.796,0.975602,225
RETN,3.232090811549579e+25,58,58,244.41667,567.0,112,114,114,128,142,71.989,0.975602,105
RETSAT,2.0,1,2,158.61667,366.8,443,452,443,443,444,3.104,0.738643,440
RORA,10576.0,16,16,219.0,550.0,327,322,326,265,254,24.902,0.975602,298
RPL4,1310.0,19,19,218.83333,548.25,341,301,301,267,260,18.177,0.975602,328
RPS3A,7619.0,20,21,221.66667,551.5,330,287,284,254,245,21.516,0.975602,312
RRP12,2.0,1,2,152.48333,358.2,444,453,444,449,445,1.507,0.72974,452
RTN4,3.0,1,3,180.0,496.5,432,454,430,409,395,4.707,0.840637,417
S100A4,2.6829502706111273e+18,30,30,226.75,554.25,158,230,231,228,220,45.137,0.975602,208
S100B,7137312087997609.0,32,33,231.33333,559.75,189,222,218,201,190,48.456,0.975602,195
S100P,2.0,1,2,161.88333,372.0,445,455,445,437,441,3.088,0.713208,441
SAA1,3.197391505473235e+20,54,54,241.25,564.0,141,128,129,144,169,62.925,0.975602,143
SCARB1,9.41405958081188e+38,131,131,289.16667,597.75,54,27,27,27,37,104.064,0.975602,35
SCD,1.015391930453299e+19,73,73,253.5,573.25,153,78,78,88,105,73.749,0.975602,99
SCT,2.0,2,2,195.0,520.25,446,436,446,371,362,4.321,0.713239,424
SDHB,114301140978.0,59,59,250.91667,576.5,232,111,112,98,89,54.862,0.975602,175
SERPINA1,8978099621110837.0,56,57,246.41667,570.5,187,120,116,120,122,65.789,0.975602,127
SERPINB2,355694134123440.0,20,20,216.41667,543.5,200,288,289,279,277,35.299,0.975602,246
SERPINE1,8.446575259631566e+38,98,98,270.08333,585.5,55,50,50,52,57,100.511,0.975602,45
SESN2,53408.0,14,14,207.75,533.75,316,338,341,327,322,20.201,0.975602,315
SHBG,51615854886.0,30,30,228.5,557.0,237,231,232,219,203,42.539,0.975602,222
SIRT1,1.1905134762645308e+41,135,135,291.25,599.0,17,26,26,26,36,111.14,0.975602,22
SLC11A1,458664.0,17,17,211.66667,538.25,300,312,318,306,299,26.168,0.975602,289
SLC22A11,10.0,5,5,170.36667,383.6,414,409,414,432,432,4.849,0.951363,414
SLC22A4,31.0,6,7,171.45,383.6,394,394,395,428,433,4.181,0.969764,425
SLC25A1,146.0,8,8,179.78333,394.6,369,379,387,410,420,6.924,0.970751,401
SLC25A13,7.0,4,5,166.83333,474.0,420,419,415,434,403,3.929,0.93674,429
SLC25A24,145.0,6,7,153.06667,354.0,370,395,396,447,450,1.816,0.962978,451
SLC25A4,166.0,8,15,209.25,535.75,367,380,334,321,310,13.119,0.975602,359
SLC25A47,3.0,2,3,161.28333,372.2,433,437,431,439,440,3.227,0.861915,438
SLC27A5,24988192008.0,22,22,209.41667,532.0,240,276,278,320,329,27.199,0.975602,284
SLC29A1,73.0,6,7,193.58333,515.75,385,396,397,378,370,5.465,0.968801,409
SLC2A1,3.523511904317021e+28,75,75,261.66667,779.6667,98,75,75,66,25,76.997,0.975602,91
SLC2A3,28230.0,17,17,218.5,548.5,320,313,319,270,258,23.749,0.975602,305
SLC5A2,41851970299470.0,24,24,224.41667,553.75,213,260,261,233,224,40.432,0.975602,233
SLC7A11,490122.0,20,20,219.41667,548.75,299,289,290,264,257,27.262,0.975602,282
SLC9A1,349.0,12,13,213.16667,542.5,358,351,350,295,282,16.726,0.975602,335
SMAD3,1.169971824336392e+41,84,84,263.08333,582.25,24,62,62,62,66,97.026,0.975602,49
SOD2,2.361668842510047e+35,95,95,271.75,589.75,69,52,52,51,50,91.59,0.975602,60
SPC25,48.0,5,5,158.58333,456.75,390,410,416,444,404,3.41,0.943582,437
SPP1,6.733141691644124e+37,86,86,263.16667,581.25,57,60,60,60,69,91.207,0.975602,61
SPRY4,4.0,3,3,179.0,494.25,429,426,432,414,396,4.466,0.79716,421
SPX,2.0,2,2,192.0,515.25,447,438,447,385,372,5.035,0.720007,410
SQLE,490555731.0,27,28,212.91667,534.25,258,241,240,298,321,30.179,0.975602,266
SQOR,58.0,9,9,187.53333,404.0,387,376,379,401,414,7.006,0.97367,400
SQSTM1,1.9645675251455394e+30,72,72,256.75,578.75,90,80,80,79,83,80.765,0.975602,82
SREBF1,2.7041297514052353e+31,122,122,284.25,595.0,84,31,31,31,41,102.131,0.975602,43
SREBF2,1.8890855999666086e+19,68,68,254.0,576.5,151,90,90,85,90,76.409,0.975602,93
STC2,5.0,3,4,185.41667,504.5,426,427,424,407,392,6.481,0.904737,404
STOML2,2.0,1,2,149.95,352.8,448,456,448,451,451,1.415,0.743488,453
SUCLG1,96280.0,29,29,220.41667,545.5,313,236,237,261,271,19.755,0.975602,319
SUOX,99.0,16,19,195.08333,512.0,381,323,302,370,383,9.974,0.975602,377
SYT7,4.0,3,3,191.83333,514.5,430,428,433,386,377,4.678,0.826204,418
TERT,3.0513070221673214e+30,46,46,241.5,568.75,87,160,160,142,137,67.39,0.975602,122
TF,44636042.0,20,20,214.0,540.0,274,290,291,290,295,26.534,0.975602,288
TGFB1,1.1924400680739974e+41,145,145,297.08333,602.75,8,19,19,18,31,114.748,0.975602,16
TGM2,15620400.0,20,20,221.5,551.5,281,291,292,256,246,30.772,0.975602,265
THBS2,84682936.0,23,23,218.91667,546.0,269,271,272,266,270,31.151,0.975602,262
TIPARP,7.0,3,4,186.5,506.25,421,429,425,405,391,6.824,0.91733,402
TJP1,3.6903590459642237e+31,55,55,247.5,573.25,83,123,124,114,106,75.256,0.975602,96
TLR3,9.403577794589394e+33,61,61,246.83333,569.0,73,104,104,117,135,77.132,0.975602,90
TLR4,1.1544410460200377e+41,146,146,296.66667,601.5,29,18,18,19,32,114.337,0.975602,18
TLR9,4.644351829733111e+31,55,55,242.16667,565.0,82,124,125,136,159,74.538,0.975602,98
TMPO,37.0,10,11,190.83333,509.0,393,367,361,391,387,11.045,0.974635,368
TNF,1.192440068280598e+41,230,230,341.33333,835.6667,1,2,2,2,1,123.857,0.975602,7
TNFSF10,4.063961657219276e+26,44,44,233.91667,558.25,107,167,167,186,198,63.033,0.975602,139
TP53,1.1924400682804843e+41,208,209,331.0,829.0,3,7,7,6,6,124.173,0.975602,6
TREM1,8.643205374519341e+17,26,26,214.25,537.25,163,246,247,289,303,41.254,0.975602,229
TRIB1,818040.0,23,23,222.41667,551.5,295,272,273,250,247,27.996,0.975602,276
TRIB3,2104201859.0,31,32,231.66667,561.0,251,225,223,199,185,41.219,0.975602,230
TRPV1,1.3160534472248706e+16,30,30,229.0,557.75,186,232,233,215,200,44.865,0.975602,209
TSPO,168580114.0,26,26,223.91667,552.0,264,247,248,238,239,35.991,0.975602,245
TTPA,122.0,6,6,190.41667,510.75,378,397,403,393,385,10.883,0.956184,369
TUBB6,9.0,4,5,179.53333,395.6,416,420,417,411,418,7.696,0.938678,396
TXNIP,1.491848104595044e+17,37,37,237.58333,567.25,168,199,201,165,141,56.248,0.975602,170
TYMS,10212924.0,33,33,228.91667,556.5,282,218,219,217,210,31.683,0.975602,259
UCP2,1.577391133173225e+23,58,58,248.33333,573.0,121,115,115,109,108,70.919,0.975602,111
UGT1A1,74048450.0,36,36,233.33333,561.5,270,204,204,188,180,41.404,0.975602,228
UQCC1,3.0,2,3,177.08333,491.25,434,439,434,420,399,4.617,0.85891,419
USP18,443760.0,13,13,191.16667,508.25,301,347,351,390,388,10.304,0.975602,374
VLDLR,353072301030024.0,35,35,227.33333,552.75,201,208,208,224,232,43.52,0.975602,215
WNT5A,8.407335899009818e+26,43,43,238.66667,565.75,104,175,175,156,154,62.679,0.975602,144
XDH,8.533882436377782e+33,55,55,248.58333,575.0,74,125,126,108,97,71.21,0.975602,109
YAP1,1.1999619907134636e+20,39,40,235.25,562.5,144,190,185,181,173,57.097,0.975602,167
YARS1,83.0,17,18,199.86667,415.4,383,314,307,361,409,10.604,0.975602,370
ZNF331,1.0,1,1,117.83333,232.3333,457,457,457,457,457,1.02,0.216554,457
